id;alkisoid;flstkennz;lagebeztext;str;hnr;hnr_zus;plz;ort;gemeinde;gemarkung;gemanr;grundbuchblaetter;flur;zaehler;nenner;flaeche_amtl;aktualitaet;alkis_akt;behoerde_einr;behoerde_untereinr;land_acker_m2;land_acker_emz;land_acker_demz;land_streu_m2;land_streu_emz;land_streu_demz;land_kup_m2;land_kup_emz;land_kup_demz;land_summe_m2;land_summe_emz;fowi_laub_m2;fowi_gehoelz_m2;fowi_summe_m2;d_ackergruenlandzahl;d_ackergruenlandzahl_100;sonstige_summe_m2;grundsteuer_a_sonstige;bodenrichtwerte;flaeche_geom;tn_alkis
1;DENW07AL00002L5j;05105300200042______;NULL;NULL;NULL;NULL;NULL;NULL;Arnsberg;Uentrop;051053;"[""0510530000001""]";2;42;NULL;2520.0;2023-12-20 16:42:14+01;01.01.2025;Landrat des Hochsauerlandkreises;Fachdienst 43, Liegenschaftskataster und Vermessung;NULL;NULL;NULL;NULL;NULL;NULL;NULL;NULL;NULL;NULL;NULL;NULL;NULL;NULL;40;0.40;2520;"[{""m2"": 2520, ""emz"": null, ""katasterklassifikation"": ""Weg""}]";"[{""anl"": """", ""bko"": """", ""brw"": 0.6, ""dat"": ""0001-01-01 BC"", ""gsm"": false, ""kor"": false, ""soa"": false, ""wrt"": false, ""zgr"": false, ""entw"": ""LF"", ""gabe"": ""Der Gutachterausschuss für Grundstückswerte in der Stadt Arnsberg"", ""jahr"": ""2025"", ""nuta"": ""F"", ""stag"": ""2022-01-01"", ""farbe"": ""4"", ""anl_txt"": ""UNDEFINED"", ""flaeche"": 2519.04208856651, ""prozent"": 100.00, ""entw_txt"": ""Fläche der Land- und Forstwirtschaft"", ""nuta_txt"": ""forstwirtschaftliche Fläche"", ""farbe_txt"": ""Forstwirtschaft"", ""flaeche_amtl"": 2520.0}, {""anl"": """", ""bko"": """", ""brw"": 3.5, ""dat"": ""0001-01-01 BC"", ""gsm"": false, ""kor"": false, ""soa"": false, ""wrt"": false, ""zgr"": false, ""entw"": ""LF"", ""gabe"": ""Der Gutachterausschuss für Grundstückswerte in der Stadt Arnsberg"", ""jahr"": ""2025"", ""nuta"": ""A"", ""stag"": ""2022-01-01"", ""farbe"": ""5"", ""anl_txt"": ""UNDEFINED"", ""flaeche"": 2519.04208856651, ""prozent"": 100.00, ""entw_txt"": ""Fläche der Land- und Forstwirtschaft"", ""nuta_txt"": ""Acker"", ""farbe_txt"": ""Landwirtschaft"", ""flaeche_amtl"": 2520.0}, {""anl"": """", ""bko"": """", ""brw"": 40, ""dat"": ""0001-01-01 BC"", ""gsm"": false, ""kor"": false, ""soa"": false, ""wrt"": false, ""zgr"": false, ""entw"": ""B"", ""gabe"": ""Der Gutachterausschuss für Grundstückswerte in der Stadt Arnsberg"", ""jahr"": ""2025"", ""nuta"": ""W"", ""stag"": ""2022-01-01"", ""farbe"": ""6"", ""anl_txt"": ""UNDEFINED"", ""flaeche"": 2519.04208856651, ""prozent"": 100.00, ""entw_txt"": ""Baureifes Land"", ""nuta_txt"": ""Wohnbaufläche"", ""farbe_txt"": ""Außenbereich"", ""flaeche_amtl"": 2520.0}, {""anl"": """", ""bko"": """", ""brw"": 2.6, ""dat"": ""0001-01-01 BC"", ""gsm"": false, ""kor"": false, ""soa"": false, ""wrt"": false, ""zgr"": false, ""entw"": ""LF"", ""gabe"": ""Der Gutachterausschuss für Grundstückswerte in der Stadt Arnsberg"", ""jahr"": ""2025"", ""nuta"": ""GR"", ""stag"": ""2022-01-01"", ""farbe"": ""5"", ""anl_txt"": ""UNDEFINED"", ""flaeche"": 2519.04208856651, ""prozent"": 100.00, ""entw_txt"": ""Fläche der Land- und Forstwirtschaft"", ""nuta_txt"": ""Grünland"", ""farbe_txt"": ""Landwirtschaft"", ""flaeche_amtl"": 2520.0}]";2519.04208856651;NULL
2;DENW43AL0000rp3A;05455305200834______;NULL;Am Schlosswald;37;NULL;52531;Übach-Palenberg;Übach-Palenberg;Übach-Palenberg;054553;"[""0545530007765""]";52;834;NULL;410.0;2024-02-15 09:16:08+01;01.01.2025;Landrat des Kreises Heinsberg;Vermessungs- und Katasteramt;NULL;NULL;NULL;NULL;NULL;NULL;NULL;NULL;NULL;NULL;NULL;NULL;NULL;NULL;80;0.80;410;"[{""m2"": 410, ""emz"": null, ""katasterklassifikation"": ""Wohnbaufläche""}]";"[{""anl"": """", ""bko"": """", ""brw"": 180, ""dat"": ""0001-01-01 BC"", ""gsm"": false, ""kor"": false, ""soa"": false, ""wrt"": false, ""zgr"": false, ""entw"": ""B"", ""gabe"": ""Der Gutachterausschuss für Grundstückswerte im Kreis Heinsberg"", ""jahr"": ""2025"", ""nuta"": ""MI"", ""stag"": ""2022-01-01"", ""farbe"": ""2"", ""anl_txt"": ""UNDEFINED"", ""flaeche"": 410.531305549742, ""prozent"": 100.00, ""entw_txt"": ""Baureifes Land"", ""nuta_txt"": ""Mischgebiet"", ""farbe_txt"": ""Misch-/Mehrgeschossig"", ""flaeche_amtl"": 410.0}]";410.531305549742;NULL
3;DENW53AL0000Jabm;05502804100201______;NULL;NULL;NULL;NULL;NULL;NULL;Hörstel;Riesenbeck;055028;"[""0550280003141""]";41;201;NULL;4559.0;2023-10-24 14:20:04+02;01.01.2025;Landrat des Kreises Steinfurt;Vermessungs- und Katasteramt;NULL;NULL;NULL;NULL;NULL;NULL;NULL;NULL;NULL;NULL;NULL;NULL;1054;1054;30;0.30;4559;"[{""m2"": 1303, ""emz"": null, ""katasterklassifikation"": ""Weg""}, {""m2"": 88, ""emz"": null, ""katasterklassifikation"": ""Gewässerbegleitfläche""}, {""m2"": 2114, ""emz"": null, ""katasterklassifikation"": ""Weg""}]";"[{""anl"": """", ""bko"": """", ""brw"": 10, ""dat"": ""0001-01-01 BC"", ""gsm"": false, ""kor"": false, ""soa"": false, ""wrt"": false, ""zgr"": false, ""entw"": ""LF"", ""gabe"": ""Der Gutachterausschuss für Grundstückswerte im Kreis Steinfurt"", ""jahr"": ""2025"", ""nuta"": ""A"", ""stag"": ""2022-01-01"", ""farbe"": ""5"", ""anl_txt"": ""UNDEFINED"", ""flaeche"": 4142.24489479473, ""prozent"": 90.92430206426387836800, ""entw_txt"": ""Fläche der Land- und Forstwirtschaft"", ""nuta_txt"": ""Acker"", ""farbe_txt"": ""Landwirtschaft"", ""flaeche_amtl"": 4145.238931109790214797120}, {""anl"": """", ""bko"": """", ""brw"": 4.5, ""dat"": ""0001-01-01 BC"", ""gsm"": false, ""kor"": false, ""soa"": false, ""wrt"": false, ""zgr"": false, ""entw"": ""LF"", ""gabe"": ""Der Gutachterausschuss für Grundstückswerte im Kreis Steinfurt"", ""jahr"": ""2025"", ""nuta"": ""GR"", ""stag"": ""2022-01-01"", ""farbe"": ""5"", ""anl_txt"": ""UNDEFINED"", ""flaeche"": 4142.24489479473, ""prozent"": 90.92430206426387836800, ""entw_txt"": ""Fläche der Land- und Forstwirtschaft"", ""nuta_txt"": ""Grünland"", ""farbe_txt"": ""Landwirtschaft"", ""flaeche_amtl"": 4145.238931109790214797120}, {""anl"": """", ""bko"": """", ""brw"": 65, ""dat"": ""0001-01-01 BC"", ""gsm"": false, ""kor"": false, ""soa"": false, ""wrt"": false, ""zgr"": false, ""entw"": ""B"", ""gabe"": ""Der Gutachterausschuss für Grundstückswerte im Kreis Steinfurt"", ""jahr"": ""2025"", ""nuta"": ""W"", ""stag"": ""2022-01-01"", ""farbe"": ""6"", ""anl_txt"": ""UNDEFINED"", ""flaeche"": 4142.24489479473, ""prozent"": 90.92430206426387836800, ""entw_txt"": ""Baureifes Land"", ""nuta_txt"": ""Wohnbaufläche"", ""farbe_txt"": ""Außenbereich"", ""flaeche_amtl"": 4145.238931109790214797120}, {""anl"": """", ""bko"": """", ""brw"": 1, ""dat"": ""0001-01-01 BC"", ""gsm"": false, ""kor"": false, ""soa"": false, ""wrt"": false, ""zgr"": false, ""entw"": ""LF"", ""gabe"": ""Der Gutachterausschuss für Grundstückswerte im Kreis Steinfurt"", ""jahr"": ""2025"", ""nuta"": ""F"", ""stag"": ""2022-01-01"", ""farbe"": ""4"", ""anl_txt"": ""UNDEFINED"", ""flaeche"": 4142.24489479473, ""prozent"": 90.92430206426387836800, ""entw_txt"": ""Fläche der Land- und Forstwirtschaft"", ""nuta_txt"": ""forstwirtschaftliche Fläche"", ""farbe_txt"": ""Forstwirtschaft"", ""flaeche_amtl"": 4145.238931109790214797120}, {""anl"": """", ""bko"": """", ""brw"": 25, ""dat"": ""0001-01-01 BC"", ""gsm"": false, ""kor"": false, ""soa"": false, ""wrt"": false, ""zgr"": false, ""entw"": ""B"", ""gabe"": ""Der Gutachterausschuss für Grundstückswerte im Kreis Steinfurt"", ""jahr"": ""2025"", ""nuta"": ""GE"", ""stag"": ""2022-01-01"", ""farbe"": ""3"", ""anl_txt"": ""UNDEFINED"", ""flaeche"": 227.778017347345, ""prozent"": 4.99983892283014121900, ""entw_txt"": ""Baureifes Land"", ""nuta_txt"": ""Gewerbegebiet"", ""farbe_txt"": ""Gewerbe/Industrie/Sondergebiete"", ""flaeche_amtl"": 227.942656491826138174210}, {""anl"": """", ""bko"": """", ""brw"": 25, ""dat"": ""0001-01-01 BC"", ""gsm"": false, ""kor"": false, ""soa"": false, ""wrt"": false, ""zgr"": false, ""entw"": ""B"", ""gabe"": ""Der Gutachterausschuss für Grundstückswerte im Kreis Steinfurt"", ""jahr"": ""2025"", ""nuta"": ""GE"", ""stag"": ""2022-01-01"", ""farbe"": ""3"", ""anl_txt"": ""UNDEFINED"", ""flaeche"": 185.68419390754, ""prozent"": 4.07585890361636019300, ""entw_txt"": ""Baureifes Land"", ""nuta_txt"": ""Gewerbegebiet"", ""farbe_txt"": ""Gewerbe/Industrie/Sondergebiete"", ""flaeche_amtl"": 185.818407415869861198870}]";4555.70711102853;NULL
4;DENW53AL0000o1Cv;05502804600036______;NULL;NULL;NULL;NULL;NULL;NULL;Hörstel;Riesenbeck;055028;"[""0550280090000""]";46;36;NULL;681.0;2023-10-24 14:20:04+02;01.01.2025;Landrat des Kreises Steinfurt;Vermessungs- und Katasteramt;NULL;NULL;NULL;NULL;NULL;NULL;NULL;NULL;NULL;NULL;NULL;NULL;NULL;NULL;30;0.30;681;"[{""m2"": 13, ""emz"": null, ""katasterklassifikation"": ""Gewässerbegleitfläche""}, {""m2"": 8, ""emz"": null, ""katasterklassifikation"": ""Weg""}, {""m2"": 659, ""emz"": null, ""katasterklassifikation"": ""Graben""}]";"[{""anl"": """", ""bko"": """", ""brw"": 1, ""dat"": ""0001-01-01 BC"", ""gsm"": false, ""kor"": false, ""soa"": false, ""wrt"": false, ""zgr"": false, ""entw"": ""LF"", ""gabe"": ""Der Gutachterausschuss für Grundstückswerte im Kreis Steinfurt"", ""jahr"": ""2025"", ""nuta"": ""F"", ""stag"": ""2022-01-01"", ""farbe"": ""4"", ""anl_txt"": ""UNDEFINED"", ""flaeche"": 680.314306978289, ""prozent"": 100.00, ""entw_txt"": ""Fläche der Land- und Forstwirtschaft"", ""nuta_txt"": ""forstwirtschaftliche Fläche"", ""farbe_txt"": ""Forstwirtschaft"", ""flaeche_amtl"": 681.0}, {""anl"": """", ""bko"": """", ""brw"": 4.5, ""dat"": ""0001-01-01 BC"", ""gsm"": false, ""kor"": false, ""soa"": false, ""wrt"": false, ""zgr"": false, ""entw"": ""LF"", ""gabe"": ""Der Gutachterausschuss für Grundstückswerte im Kreis Steinfurt"", ""jahr"": ""2025"", ""nuta"": ""GR"", ""stag"": ""2022-01-01"", ""farbe"": ""5"", ""anl_txt"": ""UNDEFINED"", ""flaeche"": 680.314306978289, ""prozent"": 100.00, ""entw_txt"": ""Fläche der Land- und Forstwirtschaft"", ""nuta_txt"": ""Grünland"", ""farbe_txt"": ""Landwirtschaft"", ""flaeche_amtl"": 681.0}, {""anl"": """", ""bko"": """", ""brw"": 65, ""dat"": ""0001-01-01 BC"", ""gsm"": false, ""kor"": false, ""soa"": false, ""wrt"": false, ""zgr"": false, ""entw"": ""B"", ""gabe"": ""Der Gutachterausschuss für Grundstückswerte im Kreis Steinfurt"", ""jahr"": ""2025"", ""nuta"": ""W"", ""stag"": ""2022-01-01"", ""farbe"": ""6"", ""anl_txt"": ""UNDEFINED"", ""flaeche"": 680.314306978289, ""prozent"": 100.00, ""entw_txt"": ""Baureifes Land"", ""nuta_txt"": ""Wohnbaufläche"", ""farbe_txt"": ""Außenbereich"", ""flaeche_amtl"": 681.0}, {""anl"": """", ""bko"": """", ""brw"": 10, ""dat"": ""0001-01-01 BC"", ""gsm"": false, ""kor"": false, ""soa"": false, ""wrt"": false, ""zgr"": false, ""entw"": ""LF"", ""gabe"": ""Der Gutachterausschuss für Grundstückswerte im Kreis Steinfurt"", ""jahr"": ""2025"", ""nuta"": ""A"", ""stag"": ""2022-01-01"", ""farbe"": ""5"", ""anl_txt"": ""UNDEFINED"", ""flaeche"": 680.314306978289, ""prozent"": 100.00, ""entw_txt"": ""Fläche der Land- und Forstwirtschaft"", ""nuta_txt"": ""Acker"", ""farbe_txt"": ""Landwirtschaft"", ""flaeche_amtl"": 681.0}]";680.314306978289;NULL
5;DENW06AL0004VhKJ;05114100500142______;NULL;NULL;NULL;NULL;NULL;NULL;Witten;Stockum;051141;"[""0511410003006"",""0511410003007"",""0511410003008"",""0511410003009"",""0511410003010"",""0511410003011"",""0511410003012"",""0511410003013"",""0511410003014"",""0511410003015"",""0511410003016"",""0511410003017"",""0511410003018"",""0511410003019"",""0511410003020"",""0511410003021""]";5;142;NULL;64.0;2024-12-05 17:00:00+01;01.01.2025;Landrat des Ennepe-Ruhr-Kreises;Abteilung Liegenschaftskataster und Geoinformationen;NULL;NULL;NULL;NULL;NULL;NULL;NULL;NULL;NULL;NULL;NULL;NULL;NULL;NULL;68;0.68;64;"[{""m2"": 64, ""emz"": null, ""katasterklassifikation"": ""Weg""}]";"[{""anl"": """", ""bko"": """", ""brw"": 235, ""dat"": ""0001-01-01 BC"", ""gsm"": false, ""kor"": false, ""soa"": false, ""wrt"": false, ""zgr"": false, ""entw"": ""B"", ""gabe"": ""Der Gutachterausschuss für Grundstückswerte im Ennepe-Ruhr-Kreis mit der Stadt Witten"", ""jahr"": ""2025"", ""nuta"": ""W"", ""stag"": ""2022-01-01"", ""farbe"": ""2"", ""anl_txt"": ""UNDEFINED"", ""flaeche"": 68.7480660020576, ""prozent"": 100.00, ""entw_txt"": ""Baureifes Land"", ""nuta_txt"": ""Wohnbaufläche"", ""farbe_txt"": ""Misch-/Mehrgeschossig"", ""flaeche_amtl"": 64.0}, {""anl"": """", ""bko"": """", ""brw"": 280, ""dat"": ""0001-01-01 BC"", ""gsm"": false, ""kor"": false, ""soa"": false, ""wrt"": false, ""zgr"": false, ""entw"": ""B"", ""gabe"": ""Der Gutachterausschuss für Grundstückswerte im Ennepe-Ruhr-Kreis mit der Stadt Witten"", ""jahr"": ""2025"", ""nuta"": ""W"", ""stag"": ""2022-01-01"", ""farbe"": ""1"", ""anl_txt"": ""UNDEFINED"", ""flaeche"": 68.7480660020576, ""prozent"": 100.00, ""entw_txt"": ""Baureifes Land"", ""nuta_txt"": ""Wohnbaufläche"", ""farbe_txt"": ""Ein-/Zweigeschossig"", ""flaeche_amtl"": 64.0}]";68.7480660020576;NULL
6;DENW54AL0000kocd;05508703700077______;NULL;NULL;NULL;NULL;NULL;NULL;Drensteinfurt;Drensteinfurt;055087;"[""0550870004325""]";37;77;NULL;34590.0;2023-11-17 09:51:39+01;01.01.2025;Landrat des Kreises Warendorf;Amt für Geoinformation und Kataster;NULL;NULL;NULL;NULL;NULL;NULL;NULL;NULL;NULL;NULL;NULL;NULL;NULL;NULL;45;0.45;34590;"[{""m2"": 94, ""emz"": null, ""katasterklassifikation"": ""Gewässerbegleitfläche""}, {""m2"": 34497, ""emz"": 7716, ""katasterklassifikation"": ""Bahnverkehr""}]";"[{""anl"": """", ""bko"": """", ""brw"": 0.6, ""dat"": ""0001-01-01 BC"", ""gsm"": false, ""kor"": false, ""soa"": false, ""wrt"": false, ""zgr"": false, ""entw"": ""LF"", ""gabe"": ""Der Gutachterausschuss für Grundstückswerte im Kreis Warendorf"", ""jahr"": ""2025"", ""nuta"": ""F"", ""stag"": ""2022-01-01"", ""farbe"": ""4"", ""anl_txt"": ""UNDEFINED"", ""flaeche"": 34478.9221180361, ""prozent"": 100.00, ""entw_txt"": ""Fläche der Land- und Forstwirtschaft"", ""nuta_txt"": ""forstwirtschaftliche Fläche"", ""farbe_txt"": ""Forstwirtschaft"", ""flaeche_amtl"": 34590.0}, {""anl"": """", ""bko"": """", ""brw"": 10.5, ""dat"": ""0001-01-01 BC"", ""gsm"": false, ""kor"": false, ""soa"": false, ""wrt"": false, ""zgr"": false, ""entw"": ""LF"", ""gabe"": ""Der Gutachterausschuss für Grundstückswerte im Kreis Warendorf"", ""jahr"": ""2025"", ""nuta"": ""A"", ""stag"": ""2022-01-01"", ""farbe"": ""5"", ""anl_txt"": ""UNDEFINED"", ""flaeche"": 34478.9221180361, ""prozent"": 100.00, ""entw_txt"": ""Fläche der Land- und Forstwirtschaft"", ""nuta_txt"": ""Acker"", ""farbe_txt"": ""Landwirtschaft"", ""flaeche_amtl"": 34590.0}, {""anl"": """", ""bko"": """", ""brw"": 8.4, ""dat"": ""0001-01-01 BC"", ""gsm"": false, ""kor"": false, ""soa"": false, ""wrt"": false, ""zgr"": false, ""entw"": ""LF"", ""gabe"": ""Der Gutachterausschuss für Grundstückswerte im Kreis Warendorf"", ""jahr"": ""2025"", ""nuta"": ""GR"", ""stag"": ""2022-01-01"", ""farbe"": ""5"", ""anl_txt"": ""UNDEFINED"", ""flaeche"": 34478.9221180361, ""prozent"": 100.00, ""entw_txt"": ""Fläche der Land- und Forstwirtschaft"", ""nuta_txt"": ""Grünland"", ""farbe_txt"": ""Landwirtschaft"", ""flaeche_amtl"": 34590.0}, {""anl"": """", ""bko"": """", ""brw"": 110, ""dat"": ""0001-01-01 BC"", ""gsm"": false, ""kor"": false, ""soa"": false, ""wrt"": false, ""zgr"": false, ""entw"": ""B"", ""gabe"": ""Der Gutachterausschuss für Grundstückswerte im Kreis Warendorf"", ""jahr"": ""2025"", ""nuta"": ""W"", ""stag"": ""2022-01-01"", ""farbe"": ""6"", ""anl_txt"": ""UNDEFINED"", ""flaeche"": 34478.9221180361, ""prozent"": 100.00, ""entw_txt"": ""Baureifes Land"", ""nuta_txt"": ""Wohnbaufläche"", ""farbe_txt"": ""Außenbereich"", ""flaeche_amtl"": 34590.0}, {""anl"": """", ""bko"": """", ""brw"": 22, ""dat"": ""0001-01-01 BC"", ""gsm"": false, ""kor"": false, ""soa"": false, ""wrt"": false, ""zgr"": false, ""entw"": ""B"", ""gabe"": ""Der Gutachterausschuss für Grundstückswerte im Kreis Warendorf"", ""jahr"": ""2025"", ""nuta"": ""G"", ""stag"": ""2022-01-01"", ""farbe"": ""6"", ""anl_txt"": ""UNDEFINED"", ""flaeche"": 34478.9221180361, ""prozent"": 100.00, ""entw_txt"": ""Baureifes Land"", ""nuta_txt"": ""gewerbliche Baufläche"", ""farbe_txt"": ""Außenbereich"", ""flaeche_amtl"": 34590.0}]";34478.9221180361;NULL
7;DENW54AL0000wBGb;05508707000262______;NULL;NULL;NULL;NULL;NULL;NULL;Drensteinfurt;Drensteinfurt;055087;"[""0550870001170""]";70;262;NULL;2441.0;2023-11-17 09:51:39+01;01.01.2025;Landrat des Kreises Warendorf;Amt für Geoinformation und Kataster;NULL;NULL;NULL;NULL;NULL;NULL;NULL;NULL;NULL;NULL;NULL;NULL;NULL;NULL;45;0.45;2441;"[{""m2"": 2441, ""emz"": null, ""katasterklassifikation"": ""Straßenverkehr""}]";"[{""anl"": """", ""bko"": """", ""brw"": 285, ""dat"": ""0001-01-01 BC"", ""gsm"": false, ""kor"": false, ""soa"": false, ""wrt"": false, ""zgr"": false, ""entw"": ""B"", ""gabe"": ""Der Gutachterausschuss für Grundstückswerte im Kreis Warendorf"", ""jahr"": ""2025"", ""nuta"": ""W"", ""stag"": ""2022-01-01"", ""farbe"": ""1"", ""anl_txt"": ""UNDEFINED"", ""flaeche"": 2439.63987205995, ""prozent"": 100.00, ""entw_txt"": ""Baureifes Land"", ""nuta_txt"": ""Wohnbaufläche"", ""farbe_txt"": ""Ein-/Zweigeschossig"", ""flaeche_amtl"": 2441.0}]";2439.63987205995;NULL
8;DENW52AL00bCkuur;05516002400068______;NULL;Arminiusstraße;31;NULL;45721;Haltern am See;Haltern am See;Haltern-Stadt;055160;"[""0551600000003""]";24;68;NULL;507.0;2023-11-01 01:00:00+01;01.01.2025;Landrat des Kreises Recklinghausen;Fachbereich 62 - Kataster und Geoinformation;NULL;NULL;NULL;NULL;NULL;NULL;NULL;NULL;NULL;NULL;NULL;NULL;NULL;NULL;34;0.34;507;"[{""m2"": 507, ""emz"": null, ""katasterklassifikation"": ""Wohnbaufläche""}]";"[{""anl"": """", ""bko"": """", ""brw"": 370, ""dat"": ""0001-01-01 BC"", ""gsm"": false, ""kor"": false, ""soa"": false, ""wrt"": false, ""zgr"": false, ""entw"": ""B"", ""gabe"": ""Der Gutachterausschuss für Grundstückswerte im Kreis Recklinghausen, in der Stadt Castrop-Rauxel und in der Stadt Herten"", ""jahr"": ""2025"", ""nuta"": ""W"", ""stag"": ""2022-01-01"", ""farbe"": ""1"", ""anl_txt"": ""UNDEFINED"", ""flaeche"": 506.82217799864, ""prozent"": 100.00, ""entw_txt"": ""Baureifes Land"", ""nuta_txt"": ""Wohnbaufläche"", ""farbe_txt"": ""Ein-/Zweigeschossig"", ""flaeche_amtl"": 507.0}]";506.82217799864;NULL
9;DENW07AL0000CQ8T;05152300300030______;NULL;NULL;NULL;NULL;NULL;NULL;Meschede;Wennemen;051523;"[""0515150000278""]";3;30;NULL;19651.0;2023-12-20 16:42:14+01;01.01.2025;Landrat des Hochsauerlandkreises;Fachdienst 43, Liegenschaftskataster und Vermessung;NULL;NULL;NULL;NULL;NULL;NULL;NULL;NULL;NULL;NULL;NULL;NULL;NULL;NULL;45;0.45;19651;"[{""m2"": 12254, ""emz"": null, ""katasterklassifikation"": ""Verkehrsbegleitfläche Straße""}, {""m2"": 7397, ""emz"": null, ""katasterklassifikation"": ""Straßenverkehr""}]";"[{""anl"": """", ""bko"": """", ""brw"": 2.9, ""dat"": ""0001-01-01 BC"", ""gsm"": false, ""kor"": false, ""soa"": false, ""wrt"": false, ""zgr"": false, ""entw"": ""LF"", ""gabe"": ""Der Gutachterausschuss für Grundstückswerte im Hochsauerlandkreis"", ""jahr"": ""2025"", ""nuta"": ""A"", ""stag"": ""2022-01-01"", ""farbe"": ""5"", ""anl_txt"": ""UNDEFINED"", ""flaeche"": 19458.0242129522, ""prozent"": 100.00, ""entw_txt"": ""Fläche der Land- und Forstwirtschaft"", ""nuta_txt"": ""Acker"", ""farbe_txt"": ""Landwirtschaft"", ""flaeche_amtl"": 19651.0}, {""anl"": """", ""bko"": """", ""brw"": 0.8, ""dat"": ""0001-01-01 BC"", ""gsm"": false, ""kor"": false, ""soa"": false, ""wrt"": false, ""zgr"": false, ""entw"": ""LF"", ""gabe"": ""Der Gutachterausschuss für Grundstückswerte im Hochsauerlandkreis"", ""jahr"": ""2025"", ""nuta"": ""F"", ""stag"": ""2022-01-01"", ""farbe"": ""4"", ""anl_txt"": ""UNDEFINED"", ""flaeche"": 19458.0242129522, ""prozent"": 100.00, ""entw_txt"": ""Fläche der Land- und Forstwirtschaft"", ""nuta_txt"": ""forstwirtschaftliche Fläche"", ""farbe_txt"": ""Forstwirtschaft"", ""flaeche_amtl"": 19651.0}, {""anl"": """", ""bko"": """", ""brw"": 2.4, ""dat"": ""0001-01-01 BC"", ""gsm"": false, ""kor"": false, ""soa"": false, ""wrt"": false, ""zgr"": false, ""entw"": ""LF"", ""gabe"": ""Der Gutachterausschuss für Grundstückswerte im Hochsauerlandkreis"", ""jahr"": ""2025"", ""nuta"": ""GR"", ""stag"": ""2022-01-01"", ""farbe"": ""5"", ""anl_txt"": ""UNDEFINED"", ""flaeche"": 19458.0242129522, ""prozent"": 100.00, ""entw_txt"": ""Fläche der Land- und Forstwirtschaft"", ""nuta_txt"": ""Grünland"", ""farbe_txt"": ""Landwirtschaft"", ""flaeche_amtl"": 19651.0}, {""anl"": """", ""bko"": """", ""brw"": 18, ""dat"": ""0001-01-01 BC"", ""gsm"": false, ""kor"": false, ""soa"": false, ""wrt"": false, ""zgr"": false, ""entw"": ""B"", ""gabe"": ""Der Gutachterausschuss für Grundstückswerte im Hochsauerlandkreis"", ""jahr"": ""2025"", ""nuta"": ""W"", ""stag"": ""2022-01-01"", ""farbe"": ""6"", ""anl_txt"": ""UNDEFINED"", ""flaeche"": 19458.0242129522, ""prozent"": 100.00, ""entw_txt"": ""Baureifes Land"", ""nuta_txt"": ""Wohnbaufläche"", ""farbe_txt"": ""Außenbereich"", ""flaeche_amtl"": 19651.0}]";19458.0242129522;NULL
10;DENW11AL000177FZ;05173701200059______;NULL;NULL;NULL;NULL;NULL;NULL;Möhnesee;Völlinghausen/Möhne;051737;"[""0591260001321""]";12;59;NULL;42740.0;2023-11-28 15:29:19+01;01.01.2025;Landrätin des Kreises Soest;Abteilung Liegenschaftskataster und Vermessung;954;286;NULL;NULL;NULL;NULL;NULL;NULL;NULL;954;286;38637;NULL;38637;47;0.47;42740;"[{""m2"": 51, ""emz"": null, ""katasterklassifikation"": ""Gewässerbegleitfläche""}, {""m2"": 1945, ""emz"": null, ""katasterklassifikation"": ""Bach""}, {""m2"": 1153, ""emz"": null, ""katasterklassifikation"": ""Weg""}]";"[{""anl"": """", ""bko"": """", ""brw"": 40, ""dat"": ""0001-01-01 BC"", ""gsm"": false, ""kor"": false, ""soa"": false, ""wrt"": false, ""zgr"": false, ""entw"": ""B"", ""gabe"": ""Der Gutachterausschuss für Grundstückswerte im Kreis Soest"", ""jahr"": ""2025"", ""nuta"": ""W"", ""stag"": ""2022-01-01"", ""farbe"": ""6"", ""anl_txt"": ""UNDEFINED"", ""flaeche"": 40904.6787439535, ""prozent"": 100.00, ""entw_txt"": ""Baureifes Land"", ""nuta_txt"": ""Wohnbaufläche"", ""farbe_txt"": ""Außenbereich"", ""flaeche_amtl"": 42740.0}, {""anl"": """", ""bko"": """", ""brw"": 2.7, ""dat"": ""0001-01-01 BC"", ""gsm"": false, ""kor"": false, ""soa"": false, ""wrt"": false, ""zgr"": false, ""entw"": ""LF"", ""gabe"": ""Der Gutachterausschuss für Grundstückswerte im Kreis Soest"", ""jahr"": ""2025"", ""nuta"": ""GR"", ""stag"": ""2022-01-01"", ""farbe"": ""5"", ""anl_txt"": ""UNDEFINED"", ""flaeche"": 40904.6787439535, ""prozent"": 100.00, ""entw_txt"": ""Fläche der Land- und Forstwirtschaft"", ""nuta_txt"": ""Grünland"", ""farbe_txt"": ""Landwirtschaft"", ""flaeche_amtl"": 42740.0}, {""anl"": """", ""bko"": """", ""brw"": 1, ""dat"": ""0001-01-01 BC"", ""gsm"": false, ""kor"": false, ""soa"": false, ""wrt"": false, ""zgr"": false, ""entw"": ""LF"", ""gabe"": ""Der Gutachterausschuss für Grundstückswerte im Kreis Soest"", ""jahr"": ""2025"", ""nuta"": ""F"", ""stag"": ""2022-01-01"", ""farbe"": ""4"", ""anl_txt"": ""UNDEFINED"", ""flaeche"": 40904.6787439535, ""prozent"": 100.00, ""entw_txt"": ""Fläche der Land- und Forstwirtschaft"", ""nuta_txt"": ""forstwirtschaftliche Fläche"", ""farbe_txt"": ""Forstwirtschaft"", ""flaeche_amtl"": 42740.0}, {""anl"": """", ""bko"": """", ""brw"": 7.5, ""dat"": ""0001-01-01 BC"", ""gsm"": false, ""kor"": false, ""soa"": false, ""wrt"": false, ""zgr"": false, ""entw"": ""LF"", ""gabe"": ""Der Gutachterausschuss für Grundstückswerte im Kreis Soest"", ""jahr"": ""2025"", ""nuta"": ""A"", ""stag"": ""2022-01-01"", ""farbe"": ""5"", ""anl_txt"": ""UNDEFINED"", ""flaeche"": 40904.6787439535, ""prozent"": 100.00, ""entw_txt"": ""Fläche der Land- und Forstwirtschaft"", ""nuta_txt"": ""Acker"", ""farbe_txt"": ""Landwirtschaft"", ""flaeche_amtl"": 42740.0}]";40904.6787439535;NULL
11;DENW11AL0001789A;05173701100040______;NULL;NULL;NULL;NULL;NULL;NULL;Möhnesee;Völlinghausen/Möhne;051737;"[""0591260001321""]";11;40;NULL;35949.0;2023-11-28 15:29:19+01;01.01.2025;Landrätin des Kreises Soest;Abteilung Liegenschaftskataster und Vermessung;NULL;NULL;NULL;NULL;NULL;NULL;NULL;NULL;NULL;NULL;NULL;32950;NULL;32950;47;0.47;35949;"[{""m2"": 1517, ""emz"": null, ""katasterklassifikation"": ""Weg""}, {""m2"": 1482, ""emz"": null, ""katasterklassifikation"": ""Bach""}]";"[{""anl"": """", ""bko"": """", ""brw"": 2.7, ""dat"": ""0001-01-01 BC"", ""gsm"": false, ""kor"": false, ""soa"": false, ""wrt"": false, ""zgr"": false, ""entw"": ""LF"", ""gabe"": ""Der Gutachterausschuss für Grundstückswerte im Kreis Soest"", ""jahr"": ""2025"", ""nuta"": ""GR"", ""stag"": ""2022-01-01"", ""farbe"": ""5"", ""anl_txt"": ""UNDEFINED"", ""flaeche"": 37507.6244460315, ""prozent"": 100.00, ""entw_txt"": ""Fläche der Land- und Forstwirtschaft"", ""nuta_txt"": ""Grünland"", ""farbe_txt"": ""Landwirtschaft"", ""flaeche_amtl"": 35949.0}, {""anl"": """", ""bko"": """", ""brw"": 7.5, ""dat"": ""0001-01-01 BC"", ""gsm"": false, ""kor"": false, ""soa"": false, ""wrt"": false, ""zgr"": false, ""entw"": ""LF"", ""gabe"": ""Der Gutachterausschuss für Grundstückswerte im Kreis Soest"", ""jahr"": ""2025"", ""nuta"": ""A"", ""stag"": ""2022-01-01"", ""farbe"": ""5"", ""anl_txt"": ""UNDEFINED"", ""flaeche"": 37507.6244460315, ""prozent"": 100.00, ""entw_txt"": ""Fläche der Land- und Forstwirtschaft"", ""nuta_txt"": ""Acker"", ""farbe_txt"": ""Landwirtschaft"", ""flaeche_amtl"": 35949.0}, {""anl"": """", ""bko"": """", ""brw"": 1, ""dat"": ""0001-01-01 BC"", ""gsm"": false, ""kor"": false, ""soa"": false, ""wrt"": false, ""zgr"": false, ""entw"": ""LF"", ""gabe"": ""Der Gutachterausschuss für Grundstückswerte im Kreis Soest"", ""jahr"": ""2025"", ""nuta"": ""F"", ""stag"": ""2022-01-01"", ""farbe"": ""4"", ""anl_txt"": ""UNDEFINED"", ""flaeche"": 37507.6244460315, ""prozent"": 100.00, ""entw_txt"": ""Fläche der Land- und Forstwirtschaft"", ""nuta_txt"": ""forstwirtschaftliche Fläche"", ""farbe_txt"": ""Forstwirtschaft"", ""flaeche_amtl"": 35949.0}, {""anl"": """", ""bko"": """", ""brw"": 40, ""dat"": ""0001-01-01 BC"", ""gsm"": false, ""kor"": false, ""soa"": false, ""wrt"": false, ""zgr"": false, ""entw"": ""B"", ""gabe"": ""Der Gutachterausschuss für Grundstückswerte im Kreis Soest"", ""jahr"": ""2025"", ""nuta"": ""W"", ""stag"": ""2022-01-01"", ""farbe"": ""6"", ""anl_txt"": ""UNDEFINED"", ""flaeche"": 37507.6244460315, ""prozent"": 100.00, ""entw_txt"": ""Baureifes Land"", ""nuta_txt"": ""Wohnbaufläche"", ""farbe_txt"": ""Außenbereich"", ""flaeche_amtl"": 35949.0}]";37507.6244460315;NULL
12;DENW53AL0000zTkC;05504100500076______;NULL;NULL;NULL;NULL;NULL;NULL;Tecklenburg;Brochterbeck;055041;"[""0550410000945""]";5;76;NULL;24392.0;2023-10-24 14:20:04+02;01.01.2025;Landrat des Kreises Steinfurt;Vermessungs- und Katasteramt;NULL;NULL;NULL;NULL;NULL;NULL;NULL;NULL;NULL;NULL;NULL;NULL;NULL;NULL;30;0.30;24392;"[{""m2"": 9043, ""emz"": null, ""katasterklassifikation"": ""Straßenverkehr""}, {""m2"": 13339, ""emz"": null, ""katasterklassifikation"": ""Verkehrsbegleitfläche Straße""}, {""m2"": 2009, ""emz"": null, ""katasterklassifikation"": ""Graben""}]";"[{""anl"": """", ""bko"": """", ""brw"": 3.5, ""dat"": ""0001-01-01 BC"", ""gsm"": false, ""kor"": false, ""soa"": false, ""wrt"": false, ""zgr"": false, ""entw"": ""LF"", ""gabe"": ""Der Gutachterausschuss für Grundstückswerte im Kreis Steinfurt"", ""jahr"": ""2025"", ""nuta"": ""GR"", ""stag"": ""2022-01-01"", ""farbe"": ""5"", ""anl_txt"": ""UNDEFINED"", ""flaeche"": 24364.8968194359, ""prozent"": 100.00, ""entw_txt"": ""Fläche der Land- und Forstwirtschaft"", ""nuta_txt"": ""Grünland"", ""farbe_txt"": ""Landwirtschaft"", ""flaeche_amtl"": 24392.0}, {""anl"": """", ""bko"": """", ""brw"": 105, ""dat"": ""0001-01-01 BC"", ""gsm"": false, ""kor"": false, ""soa"": false, ""wrt"": false, ""zgr"": false, ""entw"": ""B"", ""gabe"": ""Der Gutachterausschuss für Grundstückswerte im Kreis Steinfurt"", ""jahr"": ""2025"", ""nuta"": ""W"", ""stag"": ""2022-01-01"", ""farbe"": ""6"", ""anl_txt"": ""UNDEFINED"", ""flaeche"": 24364.8968194359, ""prozent"": 100.00, ""entw_txt"": ""Baureifes Land"", ""nuta_txt"": ""Wohnbaufläche"", ""farbe_txt"": ""Außenbereich"", ""flaeche_amtl"": 24392.0}, {""anl"": """", ""bko"": """", ""brw"": 1, ""dat"": ""0001-01-01 BC"", ""gsm"": false, ""kor"": false, ""soa"": false, ""wrt"": false, ""zgr"": false, ""entw"": ""LF"", ""gabe"": ""Der Gutachterausschuss für Grundstückswerte im Kreis Steinfurt"", ""jahr"": ""2025"", ""nuta"": ""F"", ""stag"": ""2022-01-01"", ""farbe"": ""4"", ""anl_txt"": ""UNDEFINED"", ""flaeche"": 24364.8968194359, ""prozent"": 100.00, ""entw_txt"": ""Fläche der Land- und Forstwirtschaft"", ""nuta_txt"": ""forstwirtschaftliche Fläche"", ""farbe_txt"": ""Forstwirtschaft"", ""flaeche_amtl"": 24392.0}, {""anl"": """", ""bko"": """", ""brw"": 8, ""dat"": ""0001-01-01 BC"", ""gsm"": false, ""kor"": false, ""soa"": false, ""wrt"": false, ""zgr"": false, ""entw"": ""LF"", ""gabe"": ""Der Gutachterausschuss für Grundstückswerte im Kreis Steinfurt"", ""jahr"": ""2025"", ""nuta"": ""A"", ""stag"": ""2022-01-01"", ""farbe"": ""5"", ""anl_txt"": ""UNDEFINED"", ""flaeche"": 24364.8968194359, ""prozent"": 100.00, ""entw_txt"": ""Fläche der Land- und Forstwirtschaft"", ""nuta_txt"": ""Acker"", ""farbe_txt"": ""Landwirtschaft"", ""flaeche_amtl"": 24392.0}]";24364.8968194359;NULL
13;DENW11AL0001789z;05173701100039______;NULL;NULL;NULL;NULL;NULL;NULL;Möhnesee;Völlinghausen/Möhne;051737;"[""0591260001321""]";11;39;NULL;88918.0;2023-11-28 15:29:19+01;01.01.2025;Landrätin des Kreises Soest;Abteilung Liegenschaftskataster und Vermessung;NULL;NULL;NULL;NULL;NULL;NULL;NULL;NULL;NULL;NULL;NULL;85316;NULL;85316;47;0.47;88918;"[{""m2"": 1181, ""emz"": null, ""katasterklassifikation"": ""Weg""}, {""m2"": 2404, ""emz"": null, ""katasterklassifikation"": ""Bach""}, {""m2"": 16, ""emz"": null, ""katasterklassifikation"": ""Weg""}]";"[{""anl"": """", ""bko"": """", ""brw"": 2.7, ""dat"": ""0001-01-01 BC"", ""gsm"": false, ""kor"": false, ""soa"": false, ""wrt"": false, ""zgr"": false, ""entw"": ""LF"", ""gabe"": ""Der Gutachterausschuss für Grundstückswerte im Kreis Soest"", ""jahr"": ""2025"", ""nuta"": ""GR"", ""stag"": ""2022-01-01"", ""farbe"": ""5"", ""anl_txt"": ""UNDEFINED"", ""flaeche"": 91192.2963074481, ""prozent"": 100.00, ""entw_txt"": ""Fläche der Land- und Forstwirtschaft"", ""nuta_txt"": ""Grünland"", ""farbe_txt"": ""Landwirtschaft"", ""flaeche_amtl"": 88918.0}, {""anl"": """", ""bko"": """", ""brw"": 7.5, ""dat"": ""0001-01-01 BC"", ""gsm"": false, ""kor"": false, ""soa"": false, ""wrt"": false, ""zgr"": false, ""entw"": ""LF"", ""gabe"": ""Der Gutachterausschuss für Grundstückswerte im Kreis Soest"", ""jahr"": ""2025"", ""nuta"": ""A"", ""stag"": ""2022-01-01"", ""farbe"": ""5"", ""anl_txt"": ""UNDEFINED"", ""flaeche"": 91192.2963074481, ""prozent"": 100.00, ""entw_txt"": ""Fläche der Land- und Forstwirtschaft"", ""nuta_txt"": ""Acker"", ""farbe_txt"": ""Landwirtschaft"", ""flaeche_amtl"": 88918.0}, {""anl"": """", ""bko"": """", ""brw"": 1, ""dat"": ""0001-01-01 BC"", ""gsm"": false, ""kor"": false, ""soa"": false, ""wrt"": false, ""zgr"": false, ""entw"": ""LF"", ""gabe"": ""Der Gutachterausschuss für Grundstückswerte im Kreis Soest"", ""jahr"": ""2025"", ""nuta"": ""F"", ""stag"": ""2022-01-01"", ""farbe"": ""4"", ""anl_txt"": ""UNDEFINED"", ""flaeche"": 91192.2963074481, ""prozent"": 100.00, ""entw_txt"": ""Fläche der Land- und Forstwirtschaft"", ""nuta_txt"": ""forstwirtschaftliche Fläche"", ""farbe_txt"": ""Forstwirtschaft"", ""flaeche_amtl"": 88918.0}, {""anl"": """", ""bko"": """", ""brw"": 40, ""dat"": ""0001-01-01 BC"", ""gsm"": false, ""kor"": false, ""soa"": false, ""wrt"": false, ""zgr"": false, ""entw"": ""B"", ""gabe"": ""Der Gutachterausschuss für Grundstückswerte im Kreis Soest"", ""jahr"": ""2025"", ""nuta"": ""W"", ""stag"": ""2022-01-01"", ""farbe"": ""6"", ""anl_txt"": ""UNDEFINED"", ""flaeche"": 91192.2963074481, ""prozent"": 100.00, ""entw_txt"": ""Baureifes Land"", ""nuta_txt"": ""Wohnbaufläche"", ""farbe_txt"": ""Außenbereich"", ""flaeche_amtl"": 88918.0}]";91192.2963074481;NULL
14;DENW54AL0000mrRu;05521820300009______;NULL;NULL;NULL;NULL;NULL;NULL;Ahlen;Ahlen;055218;"[""0552180009261""]";203;9;NULL;18844.0;2023-11-17 09:51:39+01;01.01.2025;Landrat des Kreises Warendorf;Amt für Geoinformation und Kataster;75;36;NULL;NULL;NULL;NULL;NULL;NULL;NULL;75;36;NULL;NULL;NULL;46;0.46;18844;"[{""m2"": 9297, ""emz"": null, ""katasterklassifikation"": ""Straßenverkehr""}, {""m2"": 9471, ""emz"": null, ""katasterklassifikation"": ""Verkehrsbegleitfläche Straße""}]";"[{""anl"": """", ""bko"": """", ""brw"": 8.8, ""dat"": ""0001-01-01 BC"", ""gsm"": false, ""kor"": false, ""soa"": false, ""wrt"": false, ""zgr"": false, ""entw"": ""LF"", ""gabe"": ""Der Gutachterausschuss für Grundstückswerte im Kreis Warendorf"", ""jahr"": ""2025"", ""nuta"": ""GR"", ""stag"": ""2022-01-01"", ""farbe"": ""5"", ""anl_txt"": ""UNDEFINED"", ""flaeche"": 18835.5844459997, ""prozent"": 100.00, ""entw_txt"": ""Fläche der Land- und Forstwirtschaft"", ""nuta_txt"": ""Grünland"", ""farbe_txt"": ""Landwirtschaft"", ""flaeche_amtl"": 18844.0}, {""anl"": """", ""bko"": """", ""brw"": 18, ""dat"": ""0001-01-01 BC"", ""gsm"": false, ""kor"": false, ""soa"": false, ""wrt"": false, ""zgr"": false, ""entw"": ""B"", ""gabe"": ""Der Gutachterausschuss für Grundstückswerte im Kreis Warendorf"", ""jahr"": ""2025"", ""nuta"": ""G"", ""stag"": ""2022-01-01"", ""farbe"": ""6"", ""anl_txt"": ""UNDEFINED"", ""flaeche"": 18835.5844459997, ""prozent"": 100.00, ""entw_txt"": ""Baureifes Land"", ""nuta_txt"": ""gewerbliche Baufläche"", ""farbe_txt"": ""Außenbereich"", ""flaeche_amtl"": 18844.0}, {""anl"": """", ""bko"": """", ""brw"": 80, ""dat"": ""0001-01-01 BC"", ""gsm"": false, ""kor"": false, ""soa"": false, ""wrt"": false, ""zgr"": false, ""entw"": ""B"", ""gabe"": ""Der Gutachterausschuss für Grundstückswerte im Kreis Warendorf"", ""jahr"": ""2025"", ""nuta"": ""W"", ""stag"": ""2022-01-01"", ""farbe"": ""6"", ""anl_txt"": ""UNDEFINED"", ""flaeche"": 18835.5844459997, ""prozent"": 100.00, ""entw_txt"": ""Baureifes Land"", ""nuta_txt"": ""Wohnbaufläche"", ""farbe_txt"": ""Außenbereich"", ""flaeche_amtl"": 18844.0}, {""anl"": """", ""bko"": """", ""brw"": 11, ""dat"": ""0001-01-01 BC"", ""gsm"": false, ""kor"": false, ""soa"": false, ""wrt"": false, ""zgr"": false, ""entw"": ""LF"", ""gabe"": ""Der Gutachterausschuss für Grundstückswerte im Kreis Warendorf"", ""jahr"": ""2025"", ""nuta"": ""A"", ""stag"": ""2022-01-01"", ""farbe"": ""5"", ""anl_txt"": ""UNDEFINED"", ""flaeche"": 18835.5844459997, ""prozent"": 100.00, ""entw_txt"": ""Fläche der Land- und Forstwirtschaft"", ""nuta_txt"": ""Acker"", ""farbe_txt"": ""Landwirtschaft"", ""flaeche_amtl"": 18844.0}, {""anl"": """", ""bko"": """", ""brw"": 0.6, ""dat"": ""0001-01-01 BC"", ""gsm"": false, ""kor"": false, ""soa"": false, ""wrt"": false, ""zgr"": false, ""entw"": ""LF"", ""gabe"": ""Der Gutachterausschuss für Grundstückswerte im Kreis Warendorf"", ""jahr"": ""2025"", ""nuta"": ""F"", ""stag"": ""2022-01-01"", ""farbe"": ""4"", ""anl_txt"": ""UNDEFINED"", ""flaeche"": 18835.5844459997, ""prozent"": 100.00, ""entw_txt"": ""Fläche der Land- und Forstwirtschaft"", ""nuta_txt"": ""forstwirtschaftliche Fläche"", ""farbe_txt"": ""Forstwirtschaft"", ""flaeche_amtl"": 18844.0}]";18835.5844459997;NULL
15;DENW54AL0000mrVa;05521821300019______;NULL;NULL;NULL;NULL;NULL;NULL;Ahlen;Ahlen;055218;"[""0552180004213""]";213;19;NULL;17656.0;2023-11-17 09:51:39+01;01.01.2025;Landrat des Kreises Warendorf;Amt für Geoinformation und Kataster;387;184;NULL;NULL;NULL;NULL;NULL;NULL;NULL;387;184;NULL;NULL;NULL;46;0.46;17656;"[{""m2"": 6676, ""emz"": null, ""katasterklassifikation"": ""Weg""}, {""m2"": 19, ""emz"": null, ""katasterklassifikation"": ""Graben""}, {""m2"": 10576, ""emz"": null, ""katasterklassifikation"": ""Weg""}]";"[{""anl"": """", ""bko"": """", ""brw"": 80, ""dat"": ""0001-01-01 BC"", ""gsm"": false, ""kor"": false, ""soa"": false, ""wrt"": false, ""zgr"": false, ""entw"": ""B"", ""gabe"": ""Der Gutachterausschuss für Grundstückswerte im Kreis Warendorf"", ""jahr"": ""2025"", ""nuta"": ""W"", ""stag"": ""2022-01-01"", ""farbe"": ""6"", ""anl_txt"": ""UNDEFINED"", ""flaeche"": 17638.3871784238, ""prozent"": 100.00, ""entw_txt"": ""Baureifes Land"", ""nuta_txt"": ""Wohnbaufläche"", ""farbe_txt"": ""Außenbereich"", ""flaeche_amtl"": 17656.0}, {""anl"": """", ""bko"": """", ""brw"": 8.8, ""dat"": ""0001-01-01 BC"", ""gsm"": false, ""kor"": false, ""soa"": false, ""wrt"": false, ""zgr"": false, ""entw"": ""LF"", ""gabe"": ""Der Gutachterausschuss für Grundstückswerte im Kreis Warendorf"", ""jahr"": ""2025"", ""nuta"": ""GR"", ""stag"": ""2022-01-01"", ""farbe"": ""5"", ""anl_txt"": ""UNDEFINED"", ""flaeche"": 17638.3871784238, ""prozent"": 100.00, ""entw_txt"": ""Fläche der Land- und Forstwirtschaft"", ""nuta_txt"": ""Grünland"", ""farbe_txt"": ""Landwirtschaft"", ""flaeche_amtl"": 17656.0}, {""anl"": """", ""bko"": """", ""brw"": 0.6, ""dat"": ""0001-01-01 BC"", ""gsm"": false, ""kor"": false, ""soa"": false, ""wrt"": false, ""zgr"": false, ""entw"": ""LF"", ""gabe"": ""Der Gutachterausschuss für Grundstückswerte im Kreis Warendorf"", ""jahr"": ""2025"", ""nuta"": ""F"", ""stag"": ""2022-01-01"", ""farbe"": ""4"", ""anl_txt"": ""UNDEFINED"", ""flaeche"": 17638.3871784238, ""prozent"": 100.00, ""entw_txt"": ""Fläche der Land- und Forstwirtschaft"", ""nuta_txt"": ""forstwirtschaftliche Fläche"", ""farbe_txt"": ""Forstwirtschaft"", ""flaeche_amtl"": 17656.0}, {""anl"": """", ""bko"": """", ""brw"": 11, ""dat"": ""0001-01-01 BC"", ""gsm"": false, ""kor"": false, ""soa"": false, ""wrt"": false, ""zgr"": false, ""entw"": ""LF"", ""gabe"": ""Der Gutachterausschuss für Grundstückswerte im Kreis Warendorf"", ""jahr"": ""2025"", ""nuta"": ""A"", ""stag"": ""2022-01-01"", ""farbe"": ""5"", ""anl_txt"": ""UNDEFINED"", ""flaeche"": 17638.3871784238, ""prozent"": 100.00, ""entw_txt"": ""Fläche der Land- und Forstwirtschaft"", ""nuta_txt"": ""Acker"", ""farbe_txt"": ""Landwirtschaft"", ""flaeche_amtl"": 17656.0}, {""anl"": """", ""bko"": """", ""brw"": 18, ""dat"": ""0001-01-01 BC"", ""gsm"": false, ""kor"": false, ""soa"": false, ""wrt"": false, ""zgr"": false, ""entw"": ""B"", ""gabe"": ""Der Gutachterausschuss für Grundstückswerte im Kreis Warendorf"", ""jahr"": ""2025"", ""nuta"": ""G"", ""stag"": ""2022-01-01"", ""farbe"": ""6"", ""anl_txt"": ""UNDEFINED"", ""flaeche"": 17638.3871784238, ""prozent"": 100.00, ""entw_txt"": ""Baureifes Land"", ""nuta_txt"": ""gewerbliche Baufläche"", ""farbe_txt"": ""Außenbereich"", ""flaeche_amtl"": 17656.0}]";17638.3871784238;NULL
16;DENW43AL000037UN;05457600200137______;NULL;Engerstraße;39;NULL;52525;Waldfeucht;Waldfeucht;Braunsrath;054576;"[""0545760001339""]";2;137;NULL;848.0;2024-02-07 07:03:34+01;01.01.2025;Landrat des Kreises Heinsberg;Vermessungs- und Katasteramt;NULL;NULL;NULL;NULL;NULL;NULL;NULL;NULL;NULL;NULL;NULL;NULL;NULL;NULL;75;0.75;848;"[{""m2"": 848, ""emz"": null, ""katasterklassifikation"": ""Wohnbaufläche""}]";"[{""anl"": """", ""bko"": """", ""brw"": 110, ""dat"": ""0001-01-01 BC"", ""gsm"": false, ""kor"": false, ""soa"": false, ""wrt"": false, ""zgr"": false, ""entw"": ""B"", ""gabe"": ""Der Gutachterausschuss für Grundstückswerte im Kreis Heinsberg"", ""jahr"": ""2025"", ""nuta"": ""MD"", ""stag"": ""2022-01-01"", ""farbe"": ""1"", ""anl_txt"": ""UNDEFINED"", ""flaeche"": 607.002544713326, ""prozent"": 71.59451761721067302100, ""entw_txt"": ""Baureifes Land"", ""nuta_txt"": ""Dorfgebiet"", ""farbe_txt"": ""Ein-/Zweigeschossig"", ""flaeche_amtl"": 607.121509393946507218080}, {""anl"": """", ""bko"": """", ""brw"": 6.6, ""dat"": ""0001-01-01 BC"", ""gsm"": false, ""kor"": false, ""soa"": false, ""wrt"": false, ""zgr"": false, ""entw"": ""LF"", ""gabe"": ""Der Gutachterausschuss für Grundstückswerte im Kreis Heinsberg"", ""jahr"": ""2025"", ""nuta"": ""L"", ""stag"": ""2022-01-01"", ""farbe"": ""5"", ""anl_txt"": ""UNDEFINED"", ""flaeche"": 240.831290779117, ""prozent"": 28.40548238328093274200, ""entw_txt"": ""Fläche der Land- und Forstwirtschaft"", ""nuta_txt"": ""landwirtschaftliche Fläche"", ""farbe_txt"": ""Landwirtschaft"", ""flaeche_amtl"": 240.878490610222309652160}, {""anl"": """", ""bko"": """", ""brw"": 60, ""dat"": ""0001-01-01 BC"", ""gsm"": false, ""kor"": false, ""soa"": false, ""wrt"": false, ""zgr"": false, ""entw"": ""B"", ""gabe"": ""Der Gutachterausschuss für Grundstückswerte im Kreis Heinsberg"", ""jahr"": ""2025"", ""nuta"": ""W"", ""stag"": ""2022-01-01"", ""farbe"": ""6"", ""anl_txt"": ""UNDEFINED"", ""flaeche"": 240.831290779117, ""prozent"": 28.40548238328093274200, ""entw_txt"": ""Baureifes Land"", ""nuta_txt"": ""Wohnbaufläche"", ""farbe_txt"": ""Außenbereich"", ""flaeche_amtl"": 240.878490610222309652160}, {""anl"": """", ""bko"": """", ""brw"": 0.5, ""dat"": ""0001-01-01 BC"", ""gsm"": false, ""kor"": false, ""soa"": false, ""wrt"": false, ""zgr"": false, ""entw"": ""LF"", ""gabe"": ""Der Gutachterausschuss für Grundstückswerte im Kreis Heinsberg"", ""jahr"": ""2025"", ""nuta"": ""F"", ""stag"": ""2022-01-01"", ""farbe"": ""4"", ""anl_txt"": ""UNDEFINED"", ""flaeche"": 240.831290779117, ""prozent"": 28.40548238328093274200, ""entw_txt"": ""Fläche der Land- und Forstwirtschaft"", ""nuta_txt"": ""forstwirtschaftliche Fläche"", ""farbe_txt"": ""Forstwirtschaft"", ""flaeche_amtl"": 240.878490610222309652160}]";847.833835488275;NULL
17;DENW52AL00bCkwGo;05516001900184______;NULL;NULL;NULL;NULL;NULL;NULL;Haltern am See;Haltern-Stadt;055160;"[""0551600000035""]";19;184;NULL;58.0;2023-11-01 01:00:00+01;01.01.2025;Landrat des Kreises Recklinghausen;Fachbereich 62 - Kataster und Geoinformation;NULL;NULL;NULL;NULL;NULL;NULL;NULL;NULL;NULL;NULL;NULL;NULL;NULL;NULL;34;0.34;58;"[{""m2"": 20, ""emz"": null, ""katasterklassifikation"": ""Weg""}, {""m2"": 38, ""emz"": null, ""katasterklassifikation"": ""Verkehrsbegleitfläche Straße""}]";"[{""anl"": """", ""bko"": """", ""brw"": 46, ""dat"": ""0001-01-01 BC"", ""gsm"": false, ""kor"": false, ""soa"": false, ""wrt"": false, ""zgr"": false, ""entw"": ""B"", ""gabe"": ""Der Gutachterausschuss für Grundstückswerte im Kreis Recklinghausen, in der Stadt Castrop-Rauxel und in der Stadt Herten"", ""jahr"": ""2025"", ""nuta"": ""GE"", ""stag"": ""2022-01-01"", ""farbe"": ""3"", ""anl_txt"": ""UNDEFINED"", ""flaeche"": 57.3624995007116, ""prozent"": 100.00, ""entw_txt"": ""Baureifes Land"", ""nuta_txt"": ""Gewerbegebiet"", ""farbe_txt"": ""Gewerbe/Industrie/Sondergebiete"", ""flaeche_amtl"": 58.0}]";57.3624995007116;NULL
18;DENW53AL0000zgmU;05503600900167______;NULL;NULL;NULL;NULL;NULL;NULL;Tecklenburg;Ledde;055036;"[""0550360000627""]";9;167;NULL;6834.0;2023-10-24 14:20:04+02;01.01.2025;Landrat des Kreises Steinfurt;Vermessungs- und Katasteramt;NULL;NULL;NULL;NULL;NULL;NULL;NULL;NULL;NULL;NULL;NULL;NULL;NULL;NULL;40;0.40;6834;"[{""m2"": 3320, ""emz"": null, ""katasterklassifikation"": ""Weg""}, {""m2"": 201, ""emz"": null, ""katasterklassifikation"": ""Gewässerbegleitfläche""}, {""m2"": 3313, ""emz"": null, ""katasterklassifikation"": ""Weg""}]";"[{""anl"": """", ""bko"": """", ""brw"": 1, ""dat"": ""0001-01-01 BC"", ""gsm"": false, ""kor"": false, ""soa"": false, ""wrt"": false, ""zgr"": false, ""entw"": ""LF"", ""gabe"": ""Der Gutachterausschuss für Grundstückswerte im Kreis Steinfurt"", ""jahr"": ""2025"", ""nuta"": ""F"", ""stag"": ""2022-01-01"", ""farbe"": ""4"", ""anl_txt"": ""UNDEFINED"", ""flaeche"": 6831.63611651424, ""prozent"": 100.00, ""entw_txt"": ""Fläche der Land- und Forstwirtschaft"", ""nuta_txt"": ""forstwirtschaftliche Fläche"", ""farbe_txt"": ""Forstwirtschaft"", ""flaeche_amtl"": 6834.0}, {""anl"": """", ""bko"": """", ""brw"": 3.5, ""dat"": ""0001-01-01 BC"", ""gsm"": false, ""kor"": false, ""soa"": false, ""wrt"": false, ""zgr"": false, ""entw"": ""LF"", ""gabe"": ""Der Gutachterausschuss für Grundstückswerte im Kreis Steinfurt"", ""jahr"": ""2025"", ""nuta"": ""GR"", ""stag"": ""2022-01-01"", ""farbe"": ""5"", ""anl_txt"": ""UNDEFINED"", ""flaeche"": 6831.63611651424, ""prozent"": 100.00, ""entw_txt"": ""Fläche der Land- und Forstwirtschaft"", ""nuta_txt"": ""Grünland"", ""farbe_txt"": ""Landwirtschaft"", ""flaeche_amtl"": 6834.0}, {""anl"": """", ""bko"": """", ""brw"": 8, ""dat"": ""0001-01-01 BC"", ""gsm"": false, ""kor"": false, ""soa"": false, ""wrt"": false, ""zgr"": false, ""entw"": ""LF"", ""gabe"": ""Der Gutachterausschuss für Grundstückswerte im Kreis Steinfurt"", ""jahr"": ""2025"", ""nuta"": ""A"", ""stag"": ""2022-01-01"", ""farbe"": ""5"", ""anl_txt"": ""UNDEFINED"", ""flaeche"": 6831.63611651424, ""prozent"": 100.00, ""entw_txt"": ""Fläche der Land- und Forstwirtschaft"", ""nuta_txt"": ""Acker"", ""farbe_txt"": ""Landwirtschaft"", ""flaeche_amtl"": 6834.0}, {""anl"": """", ""bko"": """", ""brw"": 105, ""dat"": ""0001-01-01 BC"", ""gsm"": false, ""kor"": false, ""soa"": false, ""wrt"": false, ""zgr"": false, ""entw"": ""B"", ""gabe"": ""Der Gutachterausschuss für Grundstückswerte im Kreis Steinfurt"", ""jahr"": ""2025"", ""nuta"": ""W"", ""stag"": ""2022-01-01"", ""farbe"": ""6"", ""anl_txt"": ""UNDEFINED"", ""flaeche"": 6831.63611651424, ""prozent"": 100.00, ""entw_txt"": ""Baureifes Land"", ""nuta_txt"": ""Wohnbaufläche"", ""farbe_txt"": ""Außenbereich"", ""flaeche_amtl"": 6834.0}]";6831.63611651424;NULL
19;DENW53AL0001F6ei;05503502000165______;NULL;NULL;NULL;NULL;NULL;NULL;Tecklenburg;Tecklenburg;055035;"[""0550350001091""]";20;165;NULL;3131.0;2023-10-24 14:20:04+02;01.01.2025;Landrat des Kreises Steinfurt;Vermessungs- und Katasteramt;NULL;NULL;NULL;NULL;NULL;NULL;NULL;NULL;NULL;NULL;NULL;143;306;449;44;0.44;3131;"[{""m2"": 1809, ""emz"": null, ""katasterklassifikation"": ""Weg""}, {""m2"": 29, ""emz"": null, ""katasterklassifikation"": ""Wohnbaufläche""}, {""m2"": 844, ""emz"": null, ""katasterklassifikation"": ""Straßenverkehr""}]";"[{""anl"": """", ""bko"": """", ""brw"": 105, ""dat"": ""0001-01-01 BC"", ""gsm"": false, ""kor"": false, ""soa"": false, ""wrt"": false, ""zgr"": false, ""entw"": ""B"", ""gabe"": ""Der Gutachterausschuss für Grundstückswerte im Kreis Steinfurt"", ""jahr"": ""2025"", ""nuta"": ""W"", ""stag"": ""2022-01-01"", ""farbe"": ""6"", ""anl_txt"": ""UNDEFINED"", ""flaeche"": 2468.40999146003, ""prozent"": 79.13808023469639612400, ""entw_txt"": ""Baureifes Land"", ""nuta_txt"": ""Wohnbaufläche"", ""farbe_txt"": ""Außenbereich"", ""flaeche_amtl"": 2477.813292148344162642440}, {""anl"": """", ""bko"": """", ""brw"": 3.5, ""dat"": ""0001-01-01 BC"", ""gsm"": false, ""kor"": false, ""soa"": false, ""wrt"": false, ""zgr"": false, ""entw"": ""LF"", ""gabe"": ""Der Gutachterausschuss für Grundstückswerte im Kreis Steinfurt"", ""jahr"": ""2025"", ""nuta"": ""GR"", ""stag"": ""2022-01-01"", ""farbe"": ""5"", ""anl_txt"": ""UNDEFINED"", ""flaeche"": 2468.40999146003, ""prozent"": 79.13808023469639612400, ""entw_txt"": ""Fläche der Land- und Forstwirtschaft"", ""nuta_txt"": ""Grünland"", ""farbe_txt"": ""Landwirtschaft"", ""flaeche_amtl"": 2477.813292148344162642440}, {""anl"": """", ""bko"": """", ""brw"": 8, ""dat"": ""0001-01-01 BC"", ""gsm"": false, ""kor"": false, ""soa"": false, ""wrt"": false, ""zgr"": false, ""entw"": ""LF"", ""gabe"": ""Der Gutachterausschuss für Grundstückswerte im Kreis Steinfurt"", ""jahr"": ""2025"", ""nuta"": ""A"", ""stag"": ""2022-01-01"", ""farbe"": ""5"", ""anl_txt"": ""UNDEFINED"", ""flaeche"": 2468.40999146003, ""prozent"": 79.13808023469639612400, ""entw_txt"": ""Fläche der Land- und Forstwirtschaft"", ""nuta_txt"": ""Acker"", ""farbe_txt"": ""Landwirtschaft"", ""flaeche_amtl"": 2477.813292148344162642440}, {""anl"": """", ""bko"": """", ""brw"": 1, ""dat"": ""0001-01-01 BC"", ""gsm"": false, ""kor"": false, ""soa"": false, ""wrt"": false, ""zgr"": false, ""entw"": ""LF"", ""gabe"": ""Der Gutachterausschuss für Grundstückswerte im Kreis Steinfurt"", ""jahr"": ""2025"", ""nuta"": ""F"", ""stag"": ""2022-01-01"", ""farbe"": ""4"", ""anl_txt"": ""UNDEFINED"", ""flaeche"": 2468.40999146003, ""prozent"": 79.13808023469639612400, ""entw_txt"": ""Fläche der Land- und Forstwirtschaft"", ""nuta_txt"": ""forstwirtschaftliche Fläche"", ""farbe_txt"": ""Forstwirtschaft"", ""flaeche_amtl"": 2477.813292148344162642440}, {""anl"": """", ""bko"": """", ""brw"": 195, ""dat"": ""0001-01-01 BC"", ""gsm"": false, ""kor"": false, ""soa"": false, ""wrt"": false, ""zgr"": false, ""entw"": ""B"", ""gabe"": ""Der Gutachterausschuss für Grundstückswerte im Kreis Steinfurt"", ""jahr"": ""2025"", ""nuta"": ""WA"", ""stag"": ""2022-01-01"", ""farbe"": ""1"", ""anl_txt"": ""UNDEFINED"", ""flaeche"": 650.707864494056, ""prozent"": 20.86191976528968968600, ""entw_txt"": ""Baureifes Land"", ""nuta_txt"": ""allgemeines Wohngebiet"", ""farbe_txt"": ""Ein-/Zweigeschossig"", ""flaeche_amtl"": 653.186707851220184068660}]";3119.11785595452;NULL
20;DENW54AL00007OvG;05508202000093______;NULL;NULL;NULL;NULL;NULL;NULL;Ahlen;Vorhelm;055082;"[""0550820000572""]";20;93;NULL;343681.0;2023-11-17 09:51:39+01;01.01.2025;Landrat des Kreises Warendorf;Amt für Geoinformation und Kataster;264389;119829;0;3020;1419;0;NULL;NULL;NULL;267409;121248;41005;12475;53480;46;0.46;343681;"[{""m2"": 15043, ""emz"": null, ""katasterklassifikation"": ""Gebäude- und Freifläche Land- und Forstwirtschaft""}, {""m2"": 2669, ""emz"": null, ""katasterklassifikation"": ""Teich""}, {""m2"": 46, ""emz"": null, ""katasterklassifikation"": ""Graben""}, {""m2"": 2063, ""emz"": null, ""katasterklassifikation"": ""Vegetationslose Fläche""}, {""m2"": 2193, ""emz"": 613, ""katasterklassifikation"": ""Weg""}, {""m2"": 778, ""emz"": 0, ""katasterklassifikation"": ""Reitplatz""}]";"[{""anl"": """", ""bko"": """", ""brw"": 15, ""dat"": ""0001-01-01 BC"", ""gsm"": false, ""kor"": false, ""soa"": false, ""wrt"": false, ""zgr"": false, ""entw"": ""B"", ""gabe"": ""Der Gutachterausschuss für Grundstückswerte im Kreis Warendorf"", ""jahr"": ""2025"", ""nuta"": ""G"", ""stag"": ""2022-01-01"", ""farbe"": ""6"", ""anl_txt"": ""UNDEFINED"", ""flaeche"": 343435.222145009, ""prozent"": 100.00, ""entw_txt"": ""Baureifes Land"", ""nuta_txt"": ""gewerbliche Baufläche"", ""farbe_txt"": ""Außenbereich"", ""flaeche_amtl"": 343681.0}, {""anl"": """", ""bko"": """", ""brw"": 8.8, ""dat"": ""0001-01-01 BC"", ""gsm"": false, ""kor"": false, ""soa"": false, ""wrt"": false, ""zgr"": false, ""entw"": ""LF"", ""gabe"": ""Der Gutachterausschuss für Grundstückswerte im Kreis Warendorf"", ""jahr"": ""2025"", ""nuta"": ""GR"", ""stag"": ""2022-01-01"", ""farbe"": ""5"", ""anl_txt"": ""UNDEFINED"", ""flaeche"": 343435.222145009, ""prozent"": 100.00, ""entw_txt"": ""Fläche der Land- und Forstwirtschaft"", ""nuta_txt"": ""Grünland"", ""farbe_txt"": ""Landwirtschaft"", ""flaeche_amtl"": 343681.0}, {""anl"": """", ""bko"": """", ""brw"": 0.6, ""dat"": ""0001-01-01 BC"", ""gsm"": false, ""kor"": false, ""soa"": false, ""wrt"": false, ""zgr"": false, ""entw"": ""LF"", ""gabe"": ""Der Gutachterausschuss für Grundstückswerte im Kreis Warendorf"", ""jahr"": ""2025"", ""nuta"": ""F"", ""stag"": ""2022-01-01"", ""farbe"": ""4"", ""anl_txt"": ""UNDEFINED"", ""flaeche"": 343435.222145009, ""prozent"": 100.00, ""entw_txt"": ""Fläche der Land- und Forstwirtschaft"", ""nuta_txt"": ""forstwirtschaftliche Fläche"", ""farbe_txt"": ""Forstwirtschaft"", ""flaeche_amtl"": 343681.0}, {""anl"": """", ""bko"": """", ""brw"": 11, ""dat"": ""0001-01-01 BC"", ""gsm"": false, ""kor"": false, ""soa"": false, ""wrt"": false, ""zgr"": false, ""entw"": ""LF"", ""gabe"": ""Der Gutachterausschuss für Grundstückswerte im Kreis Warendorf"", ""jahr"": ""2025"", ""nuta"": ""A"", ""stag"": ""2022-01-01"", ""farbe"": ""5"", ""anl_txt"": ""UNDEFINED"", ""flaeche"": 343435.222145009, ""prozent"": 100.00, ""entw_txt"": ""Fläche der Land- und Forstwirtschaft"", ""nuta_txt"": ""Acker"", ""farbe_txt"": ""Landwirtschaft"", ""flaeche_amtl"": 343681.0}, {""anl"": """", ""bko"": """", ""brw"": 75, ""dat"": ""0001-01-01 BC"", ""gsm"": false, ""kor"": false, ""soa"": false, ""wrt"": false, ""zgr"": false, ""entw"": ""B"", ""gabe"": ""Der Gutachterausschuss für Grundstückswerte im Kreis Warendorf"", ""jahr"": ""2025"", ""nuta"": ""W"", ""stag"": ""2022-01-01"", ""farbe"": ""6"", ""anl_txt"": ""UNDEFINED"", ""flaeche"": 343435.222145009, ""prozent"": 100.00, ""entw_txt"": ""Baureifes Land"", ""nuta_txt"": ""Wohnbaufläche"", ""farbe_txt"": ""Außenbereich"", ""flaeche_amtl"": 343681.0}]";343435.222145009;NULL
21;DENW54AL0000Pm9u;05521802600810______;NULL;NULL;NULL;NULL;NULL;NULL;Ahlen;Ahlen;055218;"[""0552180015026""]";26;810;NULL;87.0;2023-11-17 09:51:39+01;01.01.2025;Landrat des Kreises Warendorf;Amt für Geoinformation und Kataster;NULL;NULL;NULL;NULL;NULL;NULL;NULL;NULL;NULL;NULL;NULL;NULL;NULL;NULL;46;0.46;87;"[{""m2"": 78, ""emz"": null, ""katasterklassifikation"": ""Weg""}, {""m2"": 9, ""emz"": null, ""katasterklassifikation"": ""Straßenverkehr""}]";"[{""anl"": """", ""bko"": """", ""brw"": 170, ""dat"": ""0001-01-01 BC"", ""gsm"": false, ""kor"": false, ""soa"": false, ""wrt"": false, ""zgr"": false, ""entw"": ""B"", ""gabe"": ""Der Gutachterausschuss für Grundstückswerte im Kreis Warendorf"", ""jahr"": ""2025"", ""nuta"": ""SO"", ""stag"": ""2022-01-01"", ""farbe"": ""3"", ""anl_txt"": ""UNDEFINED"", ""flaeche"": 87.146931938535, ""prozent"": 100.00, ""entw_txt"": ""Baureifes Land"", ""nuta_txt"": ""sonstige Sondergebiete"", ""farbe_txt"": ""Gewerbe/Industrie/Sondergebiete"", ""flaeche_amtl"": 87.0}]";87.146931938535;NULL
22;DENW54AL0000nvTS;05521820600004______;NULL;NULL;NULL;NULL;NULL;NULL;Ahlen;Ahlen;055218;"[""0552180005090""]";206;4;NULL;231552.0;2023-11-17 09:51:39+01;01.01.2025;Landrat des Kreises Warendorf;Amt für Geoinformation und Kataster;216397;104263;0;2497;1257;NULL;NULL;NULL;NULL;218893;105520;NULL;NULL;NULL;46;0.46;231552;"[{""m2"": 10299, ""emz"": 0, ""katasterklassifikation"": ""Gebäude- und Freifläche Land- und Forstwirtschaft""}, {""m2"": 34, ""emz"": null, ""katasterklassifikation"": ""Teich""}, {""m2"": 1855, ""emz"": 0, ""katasterklassifikation"": ""Weg""}, {""m2"": 470, ""emz"": 0, ""katasterklassifikation"": ""Graben""}]";"[{""anl"": """", ""bko"": """", ""brw"": 18, ""dat"": ""0001-01-01 BC"", ""gsm"": false, ""kor"": false, ""soa"": false, ""wrt"": false, ""zgr"": false, ""entw"": ""B"", ""gabe"": ""Der Gutachterausschuss für Grundstückswerte im Kreis Warendorf"", ""jahr"": ""2025"", ""nuta"": ""G"", ""stag"": ""2022-01-01"", ""farbe"": ""6"", ""anl_txt"": ""UNDEFINED"", ""flaeche"": 231370.535958969, ""prozent"": 100.00, ""entw_txt"": ""Baureifes Land"", ""nuta_txt"": ""gewerbliche Baufläche"", ""farbe_txt"": ""Außenbereich"", ""flaeche_amtl"": 231552.0}, {""anl"": """", ""bko"": """", ""brw"": 8.8, ""dat"": ""0001-01-01 BC"", ""gsm"": false, ""kor"": false, ""soa"": false, ""wrt"": false, ""zgr"": false, ""entw"": ""LF"", ""gabe"": ""Der Gutachterausschuss für Grundstückswerte im Kreis Warendorf"", ""jahr"": ""2025"", ""nuta"": ""GR"", ""stag"": ""2022-01-01"", ""farbe"": ""5"", ""anl_txt"": ""UNDEFINED"", ""flaeche"": 231370.535958969, ""prozent"": 100.00, ""entw_txt"": ""Fläche der Land- und Forstwirtschaft"", ""nuta_txt"": ""Grünland"", ""farbe_txt"": ""Landwirtschaft"", ""flaeche_amtl"": 231552.0}, {""anl"": """", ""bko"": """", ""brw"": 0.6, ""dat"": ""0001-01-01 BC"", ""gsm"": false, ""kor"": false, ""soa"": false, ""wrt"": false, ""zgr"": false, ""entw"": ""LF"", ""gabe"": ""Der Gutachterausschuss für Grundstückswerte im Kreis Warendorf"", ""jahr"": ""2025"", ""nuta"": ""F"", ""stag"": ""2022-01-01"", ""farbe"": ""4"", ""anl_txt"": ""UNDEFINED"", ""flaeche"": 231370.535958969, ""prozent"": 100.00, ""entw_txt"": ""Fläche der Land- und Forstwirtschaft"", ""nuta_txt"": ""forstwirtschaftliche Fläche"", ""farbe_txt"": ""Forstwirtschaft"", ""flaeche_amtl"": 231552.0}, {""anl"": """", ""bko"": """", ""brw"": 11, ""dat"": ""0001-01-01 BC"", ""gsm"": false, ""kor"": false, ""soa"": false, ""wrt"": false, ""zgr"": false, ""entw"": ""LF"", ""gabe"": ""Der Gutachterausschuss für Grundstückswerte im Kreis Warendorf"", ""jahr"": ""2025"", ""nuta"": ""A"", ""stag"": ""2022-01-01"", ""farbe"": ""5"", ""anl_txt"": ""UNDEFINED"", ""flaeche"": 231370.535958969, ""prozent"": 100.00, ""entw_txt"": ""Fläche der Land- und Forstwirtschaft"", ""nuta_txt"": ""Acker"", ""farbe_txt"": ""Landwirtschaft"", ""flaeche_amtl"": 231552.0}, {""anl"": """", ""bko"": """", ""brw"": 80, ""dat"": ""0001-01-01 BC"", ""gsm"": false, ""kor"": false, ""soa"": false, ""wrt"": false, ""zgr"": false, ""entw"": ""B"", ""gabe"": ""Der Gutachterausschuss für Grundstückswerte im Kreis Warendorf"", ""jahr"": ""2025"", ""nuta"": ""W"", ""stag"": ""2022-01-01"", ""farbe"": ""6"", ""anl_txt"": ""UNDEFINED"", ""flaeche"": 231370.535958969, ""prozent"": 100.00, ""entw_txt"": ""Baureifes Land"", ""nuta_txt"": ""Wohnbaufläche"", ""farbe_txt"": ""Außenbereich"", ""flaeche_amtl"": 231552.0}]";231370.535958969;NULL
23;DENW43AL0000NV5A;05455301001638______;NULL;NULL;NULL;NULL;NULL;NULL;Übach-Palenberg;Übach-Palenberg;054553;"[""0545530005450""]";10;1638;NULL;1386.0;2024-02-15 09:16:08+01;01.01.2025;Landrat des Kreises Heinsberg;Vermessungs- und Katasteramt;NULL;NULL;NULL;NULL;NULL;NULL;NULL;NULL;NULL;NULL;NULL;NULL;NULL;NULL;80;0.80;1386;"[{""m2"": 1386, ""emz"": null, ""katasterklassifikation"": ""Steinkohle""}]";"[{""anl"": """", ""bko"": """", ""brw"": 60, ""dat"": ""0001-01-01 BC"", ""gsm"": false, ""kor"": false, ""soa"": false, ""wrt"": false, ""zgr"": false, ""entw"": ""B"", ""gabe"": ""Der Gutachterausschuss für Grundstückswerte im Kreis Heinsberg"", ""jahr"": ""2025"", ""nuta"": ""SO"", ""stag"": ""2022-01-01"", ""farbe"": ""3"", ""anl_txt"": ""UNDEFINED"", ""flaeche"": 1385.48251650588, ""prozent"": 100.00, ""entw_txt"": ""Baureifes Land"", ""nuta_txt"": ""sonstige Sondergebiete"", ""farbe_txt"": ""Gewerbe/Industrie/Sondergebiete"", ""flaeche_amtl"": 1386.0}]";1385.48251650588;NULL
24;DENW43AL0000omOH;05455906000513______;NULL;NULL;NULL;NULL;NULL;NULL;Geilenkirchen;Geilenkirchen;054559;"[""0545590007263""]";60;513;NULL;12.0;2024-02-14 07:46:36+01;01.01.2025;Landrat des Kreises Heinsberg;Vermessungs- und Katasteramt;NULL;NULL;NULL;NULL;NULL;NULL;NULL;NULL;NULL;NULL;NULL;NULL;NULL;NULL;68;0.68;12;"[{""m2"": 12, ""emz"": null, ""katasterklassifikation"": ""Wohnbaufläche""}]";"[{""anl"": """", ""bko"": """", ""brw"": 215, ""dat"": ""0001-01-01 BC"", ""gsm"": false, ""kor"": false, ""soa"": false, ""wrt"": false, ""zgr"": false, ""entw"": ""B"", ""gabe"": ""Der Gutachterausschuss für Grundstückswerte im Kreis Heinsberg"", ""jahr"": ""2025"", ""nuta"": ""W"", ""stag"": ""2022-01-01"", ""farbe"": ""1"", ""anl_txt"": ""UNDEFINED"", ""flaeche"": 11.4662074997747, ""prozent"": 100.00, ""entw_txt"": ""Baureifes Land"", ""nuta_txt"": ""Wohnbaufläche"", ""farbe_txt"": ""Ein-/Zweigeschossig"", ""flaeche_amtl"": 12.0}]";11.4662074997747;NULL
25;DENW43AL0000roDO;05455304600509______;NULL;NULL;NULL;NULL;NULL;NULL;Übach-Palenberg;Übach-Palenberg;054553;"[""0545530001086""]";46;509;NULL;12066.0;2024-02-15 09:16:08+01;01.01.2025;Landrat des Kreises Heinsberg;Vermessungs- und Katasteramt;NULL;NULL;NULL;NULL;NULL;NULL;NULL;NULL;NULL;NULL;NULL;NULL;NULL;NULL;80;0.80;12066;"[{""m2"": 4775, ""emz"": null, ""katasterklassifikation"": ""Fluss""}, {""m2"": 1664, ""emz"": null, ""katasterklassifikation"": ""Weg""}, {""m2"": 5627, ""emz"": null, ""katasterklassifikation"": ""Gewässerbegleitfläche""}]";"[{""anl"": """", ""bko"": """", ""brw"": 8.2, ""dat"": ""0001-01-01 BC"", ""gsm"": false, ""kor"": false, ""soa"": false, ""wrt"": false, ""zgr"": false, ""entw"": ""LF"", ""gabe"": ""Der Gutachterausschuss für Grundstückswerte im Kreis Heinsberg"", ""jahr"": ""2025"", ""nuta"": ""L"", ""stag"": ""2022-01-01"", ""farbe"": ""5"", ""anl_txt"": ""UNDEFINED"", ""flaeche"": 11972.9504361597, ""prozent"": 100.00, ""entw_txt"": ""Fläche der Land- und Forstwirtschaft"", ""nuta_txt"": ""landwirtschaftliche Fläche"", ""farbe_txt"": ""Landwirtschaft"", ""flaeche_amtl"": 12066.0}, {""anl"": """", ""bko"": """", ""brw"": 90, ""dat"": ""0001-01-01 BC"", ""gsm"": false, ""kor"": false, ""soa"": false, ""wrt"": false, ""zgr"": false, ""entw"": ""B"", ""gabe"": ""Der Gutachterausschuss für Grundstückswerte im Kreis Heinsberg"", ""jahr"": ""2025"", ""nuta"": ""W"", ""stag"": ""2022-01-01"", ""farbe"": ""6"", ""anl_txt"": ""UNDEFINED"", ""flaeche"": 11972.9504361597, ""prozent"": 100.00, ""entw_txt"": ""Baureifes Land"", ""nuta_txt"": ""Wohnbaufläche"", ""farbe_txt"": ""Außenbereich"", ""flaeche_amtl"": 12066.0}, {""anl"": """", ""bko"": """", ""brw"": 0.5, ""dat"": ""0001-01-01 BC"", ""gsm"": false, ""kor"": false, ""soa"": false, ""wrt"": false, ""zgr"": false, ""entw"": ""LF"", ""gabe"": ""Der Gutachterausschuss für Grundstückswerte im Kreis Heinsberg"", ""jahr"": ""2025"", ""nuta"": ""F"", ""stag"": ""2022-01-01"", ""farbe"": ""4"", ""anl_txt"": ""UNDEFINED"", ""flaeche"": 11972.9504361597, ""prozent"": 100.00, ""entw_txt"": ""Fläche der Land- und Forstwirtschaft"", ""nuta_txt"": ""forstwirtschaftliche Fläche"", ""farbe_txt"": ""Forstwirtschaft"", ""flaeche_amtl"": 12066.0}]";11972.9504361597;NULL
26;DENW52AL00bCkzyv;05516002600399______;NULL;NULL;NULL;NULL;NULL;NULL;Haltern am See;Haltern-Stadt;055160;"[""055160000042A""]";26;399;NULL;859.0;2023-11-01 01:00:00+01;01.01.2025;Landrat des Kreises Recklinghausen;Fachbereich 62 - Kataster und Geoinformation;NULL;NULL;NULL;NULL;NULL;NULL;NULL;NULL;NULL;NULL;NULL;NULL;NULL;NULL;34;0.34;859;"[{""m2"": 859, ""emz"": null, ""katasterklassifikation"": ""Weg""}]";"[{""anl"": """", ""bko"": """", ""brw"": 46, ""dat"": ""0001-01-01 BC"", ""gsm"": false, ""kor"": false, ""soa"": false, ""wrt"": false, ""zgr"": false, ""entw"": ""B"", ""gabe"": ""Der Gutachterausschuss für Grundstückswerte im Kreis Recklinghausen, in der Stadt Castrop-Rauxel und in der Stadt Herten"", ""jahr"": ""2025"", ""nuta"": ""GE"", ""stag"": ""2022-01-01"", ""farbe"": ""3"", ""anl_txt"": ""UNDEFINED"", ""flaeche"": 599.14798283157, ""prozent"": 69.84210009024129801600, ""entw_txt"": ""Baureifes Land"", ""nuta_txt"": ""Gewerbegebiet"", ""farbe_txt"": ""Gewerbe/Industrie/Sondergebiete"", ""flaeche_amtl"": 599.943639775172749957440}, {""anl"": """", ""bko"": """", ""brw"": 7.5, ""dat"": ""0001-01-01 BC"", ""gsm"": false, ""kor"": false, ""soa"": false, ""wrt"": false, ""zgr"": false, ""entw"": ""LF"", ""gabe"": ""Der Gutachterausschuss für Grundstückswerte im Kreis Recklinghausen, in der Stadt Castrop-Rauxel und in der Stadt Herten"", ""jahr"": ""2025"", ""nuta"": ""GR"", ""stag"": ""2022-01-01"", ""farbe"": ""5"", ""anl_txt"": ""UNDEFINED"", ""flaeche"": 258.7127946332, ""prozent"": 30.15789990980824382200, ""entw_txt"": ""Fläche der Land- und Forstwirtschaft"", ""nuta_txt"": ""Grünland"", ""farbe_txt"": ""Landwirtschaft"", ""flaeche_amtl"": 259.056360225252814430980}, {""anl"": """", ""bko"": """", ""brw"": 145, ""dat"": ""0001-01-01 BC"", ""gsm"": false, ""kor"": false, ""soa"": false, ""wrt"": false, ""zgr"": false, ""entw"": ""B"", ""gabe"": ""Der Gutachterausschuss für Grundstückswerte im Kreis Recklinghausen, in der Stadt Castrop-Rauxel und in der Stadt Herten"", ""jahr"": ""2025"", ""nuta"": ""W"", ""stag"": ""2022-01-01"", ""farbe"": ""6"", ""anl_txt"": ""UNDEFINED"", ""flaeche"": 258.7127946332, ""prozent"": 30.15789990980824382200, ""entw_txt"": ""Baureifes Land"", ""nuta_txt"": ""Wohnbaufläche"", ""farbe_txt"": ""Außenbereich"", ""flaeche_amtl"": 259.056360225252814430980}, {""anl"": """", ""bko"": """", ""brw"": 0.7, ""dat"": ""0001-01-01 BC"", ""gsm"": false, ""kor"": false, ""soa"": false, ""wrt"": false, ""zgr"": false, ""entw"": ""LF"", ""gabe"": ""Der Gutachterausschuss für Grundstückswerte im Kreis Recklinghausen, in der Stadt Castrop-Rauxel und in der Stadt Herten"", ""jahr"": ""2025"", ""nuta"": ""F"", ""stag"": ""2022-01-01"", ""farbe"": ""4"", ""anl_txt"": ""UNDEFINED"", ""flaeche"": 258.7127946332, ""prozent"": 30.15789990980824382200, ""entw_txt"": ""Fläche der Land- und Forstwirtschaft"", ""nuta_txt"": ""forstwirtschaftliche Fläche"", ""farbe_txt"": ""Forstwirtschaft"", ""flaeche_amtl"": 259.056360225252814430980}, {""anl"": """", ""bko"": """", ""brw"": 7.5, ""dat"": ""0001-01-01 BC"", ""gsm"": false, ""kor"": false, ""soa"": false, ""wrt"": false, ""zgr"": false, ""entw"": ""LF"", ""gabe"": ""Der Gutachterausschuss für Grundstückswerte im Kreis Recklinghausen, in der Stadt Castrop-Rauxel und in der Stadt Herten"", ""jahr"": ""2025"", ""nuta"": ""A"", ""stag"": ""2022-01-01"", ""farbe"": ""5"", ""anl_txt"": ""UNDEFINED"", ""flaeche"": 258.7127946332, ""prozent"": 30.15789990980824382200, ""entw_txt"": ""Fläche der Land- und Forstwirtschaft"", ""nuta_txt"": ""Acker"", ""farbe_txt"": ""Landwirtschaft"", ""flaeche_amtl"": 259.056360225252814430980}]";857.860777464345;NULL
27;DENW12AL00001xZA;05193500500164______;NULL;NULL;NULL;NULL;NULL;NULL;Fröndenberg/Ruhr;Warmen;051935;"[""0513550003032""]";5;164;NULL;14.0;2023-12-08 09:54:59+01;01.01.2025;Landrat des Kreises Unna;Fachbereich Geoinformation und Kataster;NULL;NULL;NULL;NULL;NULL;NULL;NULL;NULL;NULL;NULL;NULL;NULL;NULL;NULL;64;0.64;14;"[{""m2"": 14, ""emz"": null, ""katasterklassifikation"": ""Grünanlage""}]";"[{""anl"": """", ""bko"": """", ""brw"": 120, ""dat"": ""0001-01-01 BC"", ""gsm"": false, ""kor"": false, ""soa"": false, ""wrt"": false, ""zgr"": false, ""entw"": ""B"", ""gabe"": ""Der Gutachterausschuss für Grundstückswerte im Kreis Unna"", ""jahr"": ""2025"", ""nuta"": ""W"", ""stag"": ""2022-01-01"", ""farbe"": ""1"", ""anl_txt"": ""UNDEFINED"", ""flaeche"": 14.114343500122, ""prozent"": 100.00, ""entw_txt"": ""Baureifes Land"", ""nuta_txt"": ""Wohnbaufläche"", ""farbe_txt"": ""Ein-/Zweigeschossig"", ""flaeche_amtl"": 14.0}]";14.114343500122;NULL
28;DENW43AL0001AwVv;05455907500449______;NULL;NULL;NULL;NULL;NULL;NULL;Geilenkirchen;Geilenkirchen;054559;"[""0545590006332""]";75;449;NULL;1921.0;2024-02-14 07:46:36+01;01.01.2025;Landrat des Kreises Heinsberg;Vermessungs- und Katasteramt;NULL;NULL;NULL;NULL;NULL;NULL;NULL;NULL;NULL;NULL;NULL;NULL;NULL;NULL;68;0.68;1921;"[{""m2"": 80, ""emz"": null, ""katasterklassifikation"": ""Verkehrsbegleitfläche Straße""}, {""m2"": 1277, ""emz"": null, ""katasterklassifikation"": ""Straßenverkehr""}, {""m2"": 564, ""emz"": null, ""katasterklassifikation"": ""Weg""}]";"[{""anl"": """", ""bko"": """", ""brw"": 250, ""dat"": ""0001-01-01 BC"", ""gsm"": false, ""kor"": false, ""soa"": false, ""wrt"": false, ""zgr"": false, ""entw"": ""B"", ""gabe"": ""Der Gutachterausschuss für Grundstückswerte im Kreis Heinsberg"", ""jahr"": ""2025"", ""nuta"": ""W"", ""stag"": ""2022-01-01"", ""farbe"": ""1"", ""anl_txt"": ""UNDEFINED"", ""flaeche"": 1921.65863336921, ""prozent"": 100.00, ""entw_txt"": ""Baureifes Land"", ""nuta_txt"": ""Wohnbaufläche"", ""farbe_txt"": ""Ein-/Zweigeschossig"", ""flaeche_amtl"": 1921.0}]";1921.65863336921;NULL
29;DENW53AL0000zg4t;05503600400232______;NULL;NULL;NULL;NULL;NULL;NULL;Tecklenburg;Ledde;055036;"[""0550360000641""]";4;232;NULL;14026.0;2023-10-24 14:20:04+02;01.01.2025;Landrat des Kreises Steinfurt;Vermessungs- und Katasteramt;NULL;NULL;NULL;NULL;NULL;NULL;NULL;NULL;NULL;NULL;NULL;NULL;NULL;NULL;40;0.40;14026;"[{""m2"": 7138, ""emz"": null, ""katasterklassifikation"": ""Verkehrsbegleitfläche Straße""}, {""m2"": 676, ""emz"": null, ""katasterklassifikation"": ""Graben""}, {""m2"": 5316, ""emz"": null, ""katasterklassifikation"": ""Straßenverkehr""}, {""m2"": 898, ""emz"": null, ""katasterklassifikation"": ""Weg""}]";"[{""anl"": """", ""bko"": """", ""brw"": 105, ""dat"": ""0001-01-01 BC"", ""gsm"": false, ""kor"": false, ""soa"": false, ""wrt"": false, ""zgr"": false, ""entw"": ""B"", ""gabe"": ""Der Gutachterausschuss für Grundstückswerte im Kreis Steinfurt"", ""jahr"": ""2025"", ""nuta"": ""W"", ""stag"": ""2022-01-01"", ""farbe"": ""6"", ""anl_txt"": ""UNDEFINED"", ""flaeche"": 13998.6303309534, ""prozent"": 100.00, ""entw_txt"": ""Baureifes Land"", ""nuta_txt"": ""Wohnbaufläche"", ""farbe_txt"": ""Außenbereich"", ""flaeche_amtl"": 14026.0}, {""anl"": """", ""bko"": """", ""brw"": 3.5, ""dat"": ""0001-01-01 BC"", ""gsm"": false, ""kor"": false, ""soa"": false, ""wrt"": false, ""zgr"": false, ""entw"": ""LF"", ""gabe"": ""Der Gutachterausschuss für Grundstückswerte im Kreis Steinfurt"", ""jahr"": ""2025"", ""nuta"": ""GR"", ""stag"": ""2022-01-01"", ""farbe"": ""5"", ""anl_txt"": ""UNDEFINED"", ""flaeche"": 13998.6303309534, ""prozent"": 100.00, ""entw_txt"": ""Fläche der Land- und Forstwirtschaft"", ""nuta_txt"": ""Grünland"", ""farbe_txt"": ""Landwirtschaft"", ""flaeche_amtl"": 14026.0}, {""anl"": """", ""bko"": """", ""brw"": 8, ""dat"": ""0001-01-01 BC"", ""gsm"": false, ""kor"": false, ""soa"": false, ""wrt"": false, ""zgr"": false, ""entw"": ""LF"", ""gabe"": ""Der Gutachterausschuss für Grundstückswerte im Kreis Steinfurt"", ""jahr"": ""2025"", ""nuta"": ""A"", ""stag"": ""2022-01-01"", ""farbe"": ""5"", ""anl_txt"": ""UNDEFINED"", ""flaeche"": 13998.6303309534, ""prozent"": 100.00, ""entw_txt"": ""Fläche der Land- und Forstwirtschaft"", ""nuta_txt"": ""Acker"", ""farbe_txt"": ""Landwirtschaft"", ""flaeche_amtl"": 14026.0}, {""anl"": """", ""bko"": """", ""brw"": 1, ""dat"": ""0001-01-01 BC"", ""gsm"": false, ""kor"": false, ""soa"": false, ""wrt"": false, ""zgr"": false, ""entw"": ""LF"", ""gabe"": ""Der Gutachterausschuss für Grundstückswerte im Kreis Steinfurt"", ""jahr"": ""2025"", ""nuta"": ""F"", ""stag"": ""2022-01-01"", ""farbe"": ""4"", ""anl_txt"": ""UNDEFINED"", ""flaeche"": 13998.6303309534, ""prozent"": 100.00, ""entw_txt"": ""Fläche der Land- und Forstwirtschaft"", ""nuta_txt"": ""forstwirtschaftliche Fläche"", ""farbe_txt"": ""Forstwirtschaft"", ""flaeche_amtl"": 14026.0}]";13998.6303309534;NULL
30;DENW36AL10002Aph;05430100702713______;NULL;Im Sand;4;NULL;53225;Bonn;Bonn;Beuel;054301;"[""0543010002675""]";7;2713;NULL;545.0;2013-03-01 09:22:09+01;01.01.2025;Oberbürgermeisterin der Bundesstadt Bonn;Amt für Bodenmanagement und Geoinformation;NULL;NULL;NULL;NULL;NULL;NULL;NULL;NULL;NULL;NULL;NULL;NULL;NULL;NULL;58;0.58;545;"[{""m2"": 545, ""emz"": null, ""katasterklassifikation"": ""Wohnbaufläche""}]";"[{""anl"": """", ""bko"": """", ""brw"": 780, ""dat"": ""0001-01-01 BC"", ""gsm"": false, ""kor"": false, ""soa"": false, ""wrt"": false, ""zgr"": false, ""entw"": ""B"", ""gabe"": ""Der Gutachterausschuss für Grundstückswerte in der Bundesstadt Bonn"", ""jahr"": ""2025"", ""nuta"": ""W"", ""stag"": ""2022-01-01"", ""farbe"": ""1"", ""anl_txt"": ""UNDEFINED"", ""flaeche"": 544.321389500677, ""prozent"": 100.00, ""entw_txt"": ""Baureifes Land"", ""nuta_txt"": ""Wohnbaufläche"", ""farbe_txt"": ""Ein-/Zweigeschossig"", ""flaeche_amtl"": 545.0}, {""anl"": """", ""bko"": """", ""brw"": 550, ""dat"": ""0001-01-01 BC"", ""gsm"": false, ""kor"": false, ""soa"": false, ""wrt"": false, ""zgr"": false, ""entw"": ""B"", ""gabe"": ""Der Gutachterausschuss für Grundstückswerte in der Bundesstadt Bonn"", ""jahr"": ""2025"", ""nuta"": ""W"", ""stag"": ""2022-01-01"", ""farbe"": ""2"", ""anl_txt"": ""UNDEFINED"", ""flaeche"": 544.321389500677, ""prozent"": 100.00, ""entw_txt"": ""Baureifes Land"", ""nuta_txt"": ""Wohnbaufläche"", ""farbe_txt"": ""Misch-/Mehrgeschossig"", ""flaeche_amtl"": 545.0}]";544.321389500677;NULL
31;DENW07AL0001fU5p;05122201000606______;NULL;Im Stodt;3;NULL;59929;Brilon;Brilon;Scharfenberg;051222;"[""051222000090A""]";10;606;NULL;6908.0;2023-12-20 16:42:14+01;01.01.2025;Landrat des Hochsauerlandkreises;Fachdienst 43, Liegenschaftskataster und Vermessung;5647;1711;NULL;NULL;NULL;NULL;NULL;NULL;NULL;5647;1711;NULL;NULL;NULL;31;0.31;6908;"[{""m2"": 1261, ""emz"": null, ""katasterklassifikation"": ""Gebäude- und Freifläche Land- und Forstwirtschaft""}]";"[{""anl"": """", ""bko"": """", ""brw"": 18, ""dat"": ""0001-01-01 BC"", ""gsm"": false, ""kor"": false, ""soa"": false, ""wrt"": false, ""zgr"": false, ""entw"": ""B"", ""gabe"": ""Der Gutachterausschuss für Grundstückswerte im Hochsauerlandkreis"", ""jahr"": ""2025"", ""nuta"": ""W"", ""stag"": ""2022-01-01"", ""farbe"": ""6"", ""anl_txt"": ""UNDEFINED"", ""flaeche"": 6902.58025850538, ""prozent"": 100.00, ""entw_txt"": ""Baureifes Land"", ""nuta_txt"": ""Wohnbaufläche"", ""farbe_txt"": ""Außenbereich"", ""flaeche_amtl"": 6908.0}, {""anl"": """", ""bko"": """", ""brw"": 0.8, ""dat"": ""0001-01-01 BC"", ""gsm"": false, ""kor"": false, ""soa"": false, ""wrt"": false, ""zgr"": false, ""entw"": ""LF"", ""gabe"": ""Der Gutachterausschuss für Grundstückswerte im Hochsauerlandkreis"", ""jahr"": ""2025"", ""nuta"": ""F"", ""stag"": ""2022-01-01"", ""farbe"": ""4"", ""anl_txt"": ""UNDEFINED"", ""flaeche"": 6902.58025850538, ""prozent"": 100.00, ""entw_txt"": ""Fläche der Land- und Forstwirtschaft"", ""nuta_txt"": ""forstwirtschaftliche Fläche"", ""farbe_txt"": ""Forstwirtschaft"", ""flaeche_amtl"": 6908.0}, {""anl"": """", ""bko"": """", ""brw"": 2.5, ""dat"": ""0001-01-01 BC"", ""gsm"": false, ""kor"": false, ""soa"": false, ""wrt"": false, ""zgr"": false, ""entw"": ""LF"", ""gabe"": ""Der Gutachterausschuss für Grundstückswerte im Hochsauerlandkreis"", ""jahr"": ""2025"", ""nuta"": ""GR"", ""stag"": ""2022-01-01"", ""farbe"": ""5"", ""anl_txt"": ""UNDEFINED"", ""flaeche"": 6902.58025850538, ""prozent"": 100.00, ""entw_txt"": ""Fläche der Land- und Forstwirtschaft"", ""nuta_txt"": ""Grünland"", ""farbe_txt"": ""Landwirtschaft"", ""flaeche_amtl"": 6908.0}, {""anl"": """", ""bko"": """", ""brw"": 3.7, ""dat"": ""0001-01-01 BC"", ""gsm"": false, ""kor"": false, ""soa"": false, ""wrt"": false, ""zgr"": false, ""entw"": ""LF"", ""gabe"": ""Der Gutachterausschuss für Grundstückswerte im Hochsauerlandkreis"", ""jahr"": ""2025"", ""nuta"": ""A"", ""stag"": ""2022-01-01"", ""farbe"": ""5"", ""anl_txt"": ""UNDEFINED"", ""flaeche"": 6902.58025850538, ""prozent"": 100.00, ""entw_txt"": ""Fläche der Land- und Forstwirtschaft"", ""nuta_txt"": ""Acker"", ""farbe_txt"": ""Landwirtschaft"", ""flaeche_amtl"": 6908.0}]";6902.58025850538;NULL
32;DENW53AL0000zxdu;05503700400348______;NULL;NULL;NULL;NULL;NULL;NULL;Tecklenburg;Leeden;055037;"[""0550370000265""]";4;348;NULL;29900.0;2023-10-24 14:20:04+02;01.01.2025;Landrat des Kreises Steinfurt;Vermessungs- und Katasteramt;NULL;NULL;NULL;NULL;NULL;NULL;NULL;NULL;NULL;NULL;NULL;NULL;NULL;NULL;41;0.41;29900;"[{""m2"": 66, ""emz"": null, ""katasterklassifikation"": ""Weg""}, {""m2"": 29803, ""emz"": null, ""katasterklassifikation"": ""Bahnverkehr""}, {""m2"": 31, ""emz"": null, ""katasterklassifikation"": ""Graben""}]";"[{""anl"": """", ""bko"": """", ""brw"": 1, ""dat"": ""0001-01-01 BC"", ""gsm"": false, ""kor"": false, ""soa"": false, ""wrt"": false, ""zgr"": false, ""entw"": ""LF"", ""gabe"": ""Der Gutachterausschuss für Grundstückswerte im Kreis Steinfurt"", ""jahr"": ""2025"", ""nuta"": ""F"", ""stag"": ""2022-01-01"", ""farbe"": ""4"", ""anl_txt"": ""UNDEFINED"", ""flaeche"": 29592.6367764885, ""prozent"": 100.00, ""entw_txt"": ""Fläche der Land- und Forstwirtschaft"", ""nuta_txt"": ""forstwirtschaftliche Fläche"", ""farbe_txt"": ""Forstwirtschaft"", ""flaeche_amtl"": 29900.0}, {""anl"": """", ""bko"": """", ""brw"": 3.5, ""dat"": ""0001-01-01 BC"", ""gsm"": false, ""kor"": false, ""soa"": false, ""wrt"": false, ""zgr"": false, ""entw"": ""LF"", ""gabe"": ""Der Gutachterausschuss für Grundstückswerte im Kreis Steinfurt"", ""jahr"": ""2025"", ""nuta"": ""GR"", ""stag"": ""2022-01-01"", ""farbe"": ""5"", ""anl_txt"": ""UNDEFINED"", ""flaeche"": 29592.6367764885, ""prozent"": 100.00, ""entw_txt"": ""Fläche der Land- und Forstwirtschaft"", ""nuta_txt"": ""Grünland"", ""farbe_txt"": ""Landwirtschaft"", ""flaeche_amtl"": 29900.0}, {""anl"": """", ""bko"": """", ""brw"": 8, ""dat"": ""0001-01-01 BC"", ""gsm"": false, ""kor"": false, ""soa"": false, ""wrt"": false, ""zgr"": false, ""entw"": ""LF"", ""gabe"": ""Der Gutachterausschuss für Grundstückswerte im Kreis Steinfurt"", ""jahr"": ""2025"", ""nuta"": ""A"", ""stag"": ""2022-01-01"", ""farbe"": ""5"", ""anl_txt"": ""UNDEFINED"", ""flaeche"": 29592.6367764885, ""prozent"": 100.00, ""entw_txt"": ""Fläche der Land- und Forstwirtschaft"", ""nuta_txt"": ""Acker"", ""farbe_txt"": ""Landwirtschaft"", ""flaeche_amtl"": 29900.0}, {""anl"": """", ""bko"": """", ""brw"": 105, ""dat"": ""0001-01-01 BC"", ""gsm"": false, ""kor"": false, ""soa"": false, ""wrt"": false, ""zgr"": false, ""entw"": ""B"", ""gabe"": ""Der Gutachterausschuss für Grundstückswerte im Kreis Steinfurt"", ""jahr"": ""2025"", ""nuta"": ""W"", ""stag"": ""2022-01-01"", ""farbe"": ""6"", ""anl_txt"": ""UNDEFINED"", ""flaeche"": 29592.6367764885, ""prozent"": 100.00, ""entw_txt"": ""Baureifes Land"", ""nuta_txt"": ""Wohnbaufläche"", ""farbe_txt"": ""Außenbereich"", ""flaeche_amtl"": 29900.0}]";29592.6367764885;NULL
33;DENW52AL00bCmEGc;05516214500475______;NULL;NULL;NULL;NULL;NULL;NULL;Haltern am See;Haltern;055162;"[""0551620004805""]";145;475;NULL;33316.0;2023-11-01 01:00:00+01;01.01.2025;Landrat des Kreises Recklinghausen;Fachbereich 62 - Kataster und Geoinformation;NULL;NULL;NULL;NULL;NULL;NULL;NULL;NULL;NULL;NULL;NULL;33316;NULL;33316;28;0.28;33316;NULL;"[{""anl"": """", ""bko"": """", ""brw"": 0.7, ""dat"": ""0001-01-01 BC"", ""gsm"": false, ""kor"": false, ""soa"": false, ""wrt"": false, ""zgr"": false, ""entw"": ""LF"", ""gabe"": ""Der Gutachterausschuss für Grundstückswerte im Kreis Recklinghausen, in der Stadt Castrop-Rauxel und in der Stadt Herten"", ""jahr"": ""2025"", ""nuta"": ""F"", ""stag"": ""2022-01-01"", ""farbe"": ""4"", ""anl_txt"": ""UNDEFINED"", ""flaeche"": 34707.8399764734, ""prozent"": 100.00, ""entw_txt"": ""Fläche der Land- und Forstwirtschaft"", ""nuta_txt"": ""forstwirtschaftliche Fläche"", ""farbe_txt"": ""Forstwirtschaft"", ""flaeche_amtl"": 33316.0}, {""anl"": """", ""bko"": """", ""brw"": 7, ""dat"": ""0001-01-01 BC"", ""gsm"": false, ""kor"": false, ""soa"": false, ""wrt"": false, ""zgr"": false, ""entw"": ""LF"", ""gabe"": ""Der Gutachterausschuss für Grundstückswerte im Kreis Recklinghausen, in der Stadt Castrop-Rauxel und in der Stadt Herten"", ""jahr"": ""2025"", ""nuta"": ""GR"", ""stag"": ""2022-01-01"", ""farbe"": ""5"", ""anl_txt"": ""UNDEFINED"", ""flaeche"": 34707.8399764734, ""prozent"": 100.00, ""entw_txt"": ""Fläche der Land- und Forstwirtschaft"", ""nuta_txt"": ""Grünland"", ""farbe_txt"": ""Landwirtschaft"", ""flaeche_amtl"": 33316.0}, {""anl"": """", ""bko"": """", ""brw"": 145, ""dat"": ""0001-01-01 BC"", ""gsm"": false, ""kor"": false, ""soa"": false, ""wrt"": false, ""zgr"": false, ""entw"": ""B"", ""gabe"": ""Der Gutachterausschuss für Grundstückswerte im Kreis Recklinghausen, in der Stadt Castrop-Rauxel und in der Stadt Herten"", ""jahr"": ""2025"", ""nuta"": ""W"", ""stag"": ""2022-01-01"", ""farbe"": ""6"", ""anl_txt"": ""UNDEFINED"", ""flaeche"": 34707.8399764734, ""prozent"": 100.00, ""entw_txt"": ""Baureifes Land"", ""nuta_txt"": ""Wohnbaufläche"", ""farbe_txt"": ""Außenbereich"", ""flaeche_amtl"": 33316.0}, {""anl"": """", ""bko"": """", ""brw"": 7, ""dat"": ""0001-01-01 BC"", ""gsm"": false, ""kor"": false, ""soa"": false, ""wrt"": false, ""zgr"": false, ""entw"": ""LF"", ""gabe"": ""Der Gutachterausschuss für Grundstückswerte im Kreis Recklinghausen, in der Stadt Castrop-Rauxel und in der Stadt Herten"", ""jahr"": ""2025"", ""nuta"": ""A"", ""stag"": ""2022-01-01"", ""farbe"": ""5"", ""anl_txt"": ""UNDEFINED"", ""flaeche"": 34707.8399764734, ""prozent"": 100.00, ""entw_txt"": ""Fläche der Land- und Forstwirtschaft"", ""nuta_txt"": ""Acker"", ""farbe_txt"": ""Landwirtschaft"", ""flaeche_amtl"": 33316.0}]";34707.8399764734;NULL
34;DENW53AL0000o1nq;05502803600010______;NULL;NULL;NULL;NULL;NULL;NULL;Hörstel;Riesenbeck;055028;"[""0550280003336""]";36;10;NULL;149.0;2023-10-24 14:20:04+02;01.01.2025;Landrat des Kreises Steinfurt;Vermessungs- und Katasteramt;NULL;NULL;NULL;NULL;NULL;NULL;NULL;NULL;NULL;NULL;NULL;NULL;NULL;NULL;30;0.30;149;"[{""m2"": 149, ""emz"": null, ""katasterklassifikation"": ""Wohnbaufläche""}]";"[{""anl"": """", ""bko"": """", ""brw"": 10, ""dat"": ""0001-01-01 BC"", ""gsm"": false, ""kor"": false, ""soa"": false, ""wrt"": false, ""zgr"": false, ""entw"": ""LF"", ""gabe"": ""Der Gutachterausschuss für Grundstückswerte im Kreis Steinfurt"", ""jahr"": ""2025"", ""nuta"": ""A"", ""stag"": ""2022-01-01"", ""farbe"": ""5"", ""anl_txt"": ""UNDEFINED"", ""flaeche"": 148.734641989838, ""prozent"": 100.00, ""entw_txt"": ""Fläche der Land- und Forstwirtschaft"", ""nuta_txt"": ""Acker"", ""farbe_txt"": ""Landwirtschaft"", ""flaeche_amtl"": 149.0}, {""anl"": """", ""bko"": """", ""brw"": 1, ""dat"": ""0001-01-01 BC"", ""gsm"": false, ""kor"": false, ""soa"": false, ""wrt"": false, ""zgr"": false, ""entw"": ""LF"", ""gabe"": ""Der Gutachterausschuss für Grundstückswerte im Kreis Steinfurt"", ""jahr"": ""2025"", ""nuta"": ""F"", ""stag"": ""2022-01-01"", ""farbe"": ""4"", ""anl_txt"": ""UNDEFINED"", ""flaeche"": 148.734641989838, ""prozent"": 100.00, ""entw_txt"": ""Fläche der Land- und Forstwirtschaft"", ""nuta_txt"": ""forstwirtschaftliche Fläche"", ""farbe_txt"": ""Forstwirtschaft"", ""flaeche_amtl"": 149.0}, {""anl"": """", ""bko"": """", ""brw"": 65, ""dat"": ""0001-01-01 BC"", ""gsm"": false, ""kor"": false, ""soa"": false, ""wrt"": false, ""zgr"": false, ""entw"": ""B"", ""gabe"": ""Der Gutachterausschuss für Grundstückswerte im Kreis Steinfurt"", ""jahr"": ""2025"", ""nuta"": ""W"", ""stag"": ""2022-01-01"", ""farbe"": ""6"", ""anl_txt"": ""UNDEFINED"", ""flaeche"": 148.734641989838, ""prozent"": 100.00, ""entw_txt"": ""Baureifes Land"", ""nuta_txt"": ""Wohnbaufläche"", ""farbe_txt"": ""Außenbereich"", ""flaeche_amtl"": 149.0}, {""anl"": """", ""bko"": """", ""brw"": 4.5, ""dat"": ""0001-01-01 BC"", ""gsm"": false, ""kor"": false, ""soa"": false, ""wrt"": false, ""zgr"": false, ""entw"": ""LF"", ""gabe"": ""Der Gutachterausschuss für Grundstückswerte im Kreis Steinfurt"", ""jahr"": ""2025"", ""nuta"": ""GR"", ""stag"": ""2022-01-01"", ""farbe"": ""5"", ""anl_txt"": ""UNDEFINED"", ""flaeche"": 148.734641989838, ""prozent"": 100.00, ""entw_txt"": ""Fläche der Land- und Forstwirtschaft"", ""nuta_txt"": ""Grünland"", ""farbe_txt"": ""Landwirtschaft"", ""flaeche_amtl"": 149.0}]";148.734641989838;NULL
35;DENW54AL0000kIut;05508705800008______;NULL;NULL;NULL;NULL;NULL;NULL;Drensteinfurt;Drensteinfurt;055087;"[""0550870000869""]";58;8;NULL;295.0;2023-11-17 09:51:39+01;01.01.2025;Landrat des Kreises Warendorf;Amt für Geoinformation und Kataster;NULL;NULL;NULL;NULL;NULL;NULL;NULL;NULL;NULL;NULL;NULL;NULL;NULL;NULL;45;0.45;295;"[{""m2"": 295, ""emz"": null, ""katasterklassifikation"": ""Wohnbaufläche""}]";"[{""anl"": """", ""bko"": """", ""brw"": 22, ""dat"": ""0001-01-01 BC"", ""gsm"": false, ""kor"": false, ""soa"": false, ""wrt"": false, ""zgr"": false, ""entw"": ""B"", ""gabe"": ""Der Gutachterausschuss für Grundstückswerte im Kreis Warendorf"", ""jahr"": ""2025"", ""nuta"": ""G"", ""stag"": ""2022-01-01"", ""farbe"": ""6"", ""anl_txt"": ""UNDEFINED"", ""flaeche"": 295.035219996493, ""prozent"": 100.00, ""entw_txt"": ""Baureifes Land"", ""nuta_txt"": ""gewerbliche Baufläche"", ""farbe_txt"": ""Außenbereich"", ""flaeche_amtl"": 295.0}, {""anl"": """", ""bko"": """", ""brw"": 0.6, ""dat"": ""0001-01-01 BC"", ""gsm"": false, ""kor"": false, ""soa"": false, ""wrt"": false, ""zgr"": false, ""entw"": ""LF"", ""gabe"": ""Der Gutachterausschuss für Grundstückswerte im Kreis Warendorf"", ""jahr"": ""2025"", ""nuta"": ""F"", ""stag"": ""2022-01-01"", ""farbe"": ""4"", ""anl_txt"": ""UNDEFINED"", ""flaeche"": 295.035219996493, ""prozent"": 100.00, ""entw_txt"": ""Fläche der Land- und Forstwirtschaft"", ""nuta_txt"": ""forstwirtschaftliche Fläche"", ""farbe_txt"": ""Forstwirtschaft"", ""flaeche_amtl"": 295.0}, {""anl"": """", ""bko"": """", ""brw"": 10.5, ""dat"": ""0001-01-01 BC"", ""gsm"": false, ""kor"": false, ""soa"": false, ""wrt"": false, ""zgr"": false, ""entw"": ""LF"", ""gabe"": ""Der Gutachterausschuss für Grundstückswerte im Kreis Warendorf"", ""jahr"": ""2025"", ""nuta"": ""A"", ""stag"": ""2022-01-01"", ""farbe"": ""5"", ""anl_txt"": ""UNDEFINED"", ""flaeche"": 295.035219996493, ""prozent"": 100.00, ""entw_txt"": ""Fläche der Land- und Forstwirtschaft"", ""nuta_txt"": ""Acker"", ""farbe_txt"": ""Landwirtschaft"", ""flaeche_amtl"": 295.0}, {""anl"": """", ""bko"": """", ""brw"": 8.4, ""dat"": ""0001-01-01 BC"", ""gsm"": false, ""kor"": false, ""soa"": false, ""wrt"": false, ""zgr"": false, ""entw"": ""LF"", ""gabe"": ""Der Gutachterausschuss für Grundstückswerte im Kreis Warendorf"", ""jahr"": ""2025"", ""nuta"": ""GR"", ""stag"": ""2022-01-01"", ""farbe"": ""5"", ""anl_txt"": ""UNDEFINED"", ""flaeche"": 295.035219996493, ""prozent"": 100.00, ""entw_txt"": ""Fläche der Land- und Forstwirtschaft"", ""nuta_txt"": ""Grünland"", ""farbe_txt"": ""Landwirtschaft"", ""flaeche_amtl"": 295.0}, {""anl"": """", ""bko"": """", ""brw"": 110, ""dat"": ""0001-01-01 BC"", ""gsm"": false, ""kor"": false, ""soa"": false, ""wrt"": false, ""zgr"": false, ""entw"": ""B"", ""gabe"": ""Der Gutachterausschuss für Grundstückswerte im Kreis Warendorf"", ""jahr"": ""2025"", ""nuta"": ""W"", ""stag"": ""2022-01-01"", ""farbe"": ""6"", ""anl_txt"": ""UNDEFINED"", ""flaeche"": 295.035219996493, ""prozent"": 100.00, ""entw_txt"": ""Baureifes Land"", ""nuta_txt"": ""Wohnbaufläche"", ""farbe_txt"": ""Außenbereich"", ""flaeche_amtl"": 295.0}]";295.035219996493;NULL
36;DENW18AL0000pvud;05281800200173______;NULL;NULL;NULL;NULL;NULL;NULL;Bad Oeynhausen;Volmerdingsen;052818;"[""0528180090002""]";2;173;NULL;1032.0;2023-12-07 18:31:29+01;01.01.2025;Landrätin des Kreises Minden-Lübbecke;Kataster- und Vermessungsamt;NULL;NULL;NULL;NULL;NULL;NULL;NULL;NULL;NULL;NULL;NULL;NULL;NULL;NULL;53;0.53;1032;"[{""m2"": 958, ""emz"": null, ""katasterklassifikation"": ""Bach""}, {""m2"": 74, ""emz"": null, ""katasterklassifikation"": ""Wohnbaufläche""}]";"[{""anl"": """", ""bko"": """", ""brw"": 2, ""dat"": ""0001-01-01 BC"", ""gsm"": false, ""kor"": false, ""soa"": false, ""wrt"": false, ""zgr"": false, ""entw"": ""LF"", ""gabe"": ""Der Gutachterausschuss für Grundstückswerte im Kreis Minden-Lübbecke"", ""jahr"": ""2025"", ""nuta"": ""GR"", ""stag"": ""2022-01-01"", ""farbe"": ""5"", ""anl_txt"": ""UNDEFINED"", ""flaeche"": 1126.04803000826, ""prozent"": 100.00, ""entw_txt"": ""Fläche der Land- und Forstwirtschaft"", ""nuta_txt"": ""Grünland"", ""farbe_txt"": ""Landwirtschaft"", ""flaeche_amtl"": 1032.0}, {""anl"": """", ""bko"": """", ""brw"": 50, ""dat"": ""0001-01-01 BC"", ""gsm"": false, ""kor"": false, ""soa"": false, ""wrt"": false, ""zgr"": false, ""entw"": ""B"", ""gabe"": ""Der Gutachterausschuss für Grundstückswerte im Kreis Minden-Lübbecke"", ""jahr"": ""2025"", ""nuta"": ""W"", ""stag"": ""2022-01-01"", ""farbe"": ""6"", ""anl_txt"": ""UNDEFINED"", ""flaeche"": 1126.04803000826, ""prozent"": 100.00, ""entw_txt"": ""Baureifes Land"", ""nuta_txt"": ""Wohnbaufläche"", ""farbe_txt"": ""Außenbereich"", ""flaeche_amtl"": 1032.0}, {""anl"": """", ""bko"": """", ""brw"": 0.4, ""dat"": ""0001-01-01 BC"", ""gsm"": false, ""kor"": false, ""soa"": false, ""wrt"": false, ""zgr"": false, ""entw"": ""LF"", ""gabe"": ""Der Gutachterausschuss für Grundstückswerte im Kreis Minden-Lübbecke"", ""jahr"": ""2025"", ""nuta"": ""F"", ""stag"": ""2022-01-01"", ""farbe"": ""4"", ""anl_txt"": ""UNDEFINED"", ""flaeche"": 1126.04803000826, ""prozent"": 100.00, ""entw_txt"": ""Fläche der Land- und Forstwirtschaft"", ""nuta_txt"": ""forstwirtschaftliche Fläche"", ""farbe_txt"": ""Forstwirtschaft"", ""flaeche_amtl"": 1032.0}, {""anl"": """", ""bko"": """", ""brw"": 4.6, ""dat"": ""0001-01-01 BC"", ""gsm"": false, ""kor"": false, ""soa"": false, ""wrt"": false, ""zgr"": false, ""entw"": ""LF"", ""gabe"": ""Der Gutachterausschuss für Grundstückswerte im Kreis Minden-Lübbecke"", ""jahr"": ""2025"", ""nuta"": ""A"", ""stag"": ""2022-01-01"", ""farbe"": ""5"", ""anl_txt"": ""UNDEFINED"", ""flaeche"": 1126.04803000826, ""prozent"": 100.00, ""entw_txt"": ""Fläche der Land- und Forstwirtschaft"", ""nuta_txt"": ""Acker"", ""farbe_txt"": ""Landwirtschaft"", ""flaeche_amtl"": 1032.0}]";1126.04803000826;NULL
37;DENW07AL00008D2b;05121900800015______;NULL;NULL;NULL;NULL;NULL;NULL;Brilon;Radlinghausen;051219;"[""0512230000621""]";8;15;NULL;6424.0;2023-12-20 16:42:14+01;01.01.2025;Landrat des Hochsauerlandkreises;Fachdienst 43, Liegenschaftskataster und Vermessung;NULL;NULL;NULL;NULL;NULL;NULL;NULL;NULL;NULL;NULL;NULL;NULL;NULL;NULL;42;0.42;6424;"[{""m2"": 6424, ""emz"": null, ""katasterklassifikation"": ""Weg""}]";"[{""anl"": """", ""bko"": """", ""brw"": 0.8, ""dat"": ""0001-01-01 BC"", ""gsm"": false, ""kor"": false, ""soa"": false, ""wrt"": false, ""zgr"": false, ""entw"": ""LF"", ""gabe"": ""Der Gutachterausschuss für Grundstückswerte im Hochsauerlandkreis"", ""jahr"": ""2025"", ""nuta"": ""F"", ""stag"": ""2022-01-01"", ""farbe"": ""4"", ""anl_txt"": ""UNDEFINED"", ""flaeche"": 6418.15696305196, ""prozent"": 100.00, ""entw_txt"": ""Fläche der Land- und Forstwirtschaft"", ""nuta_txt"": ""forstwirtschaftliche Fläche"", ""farbe_txt"": ""Forstwirtschaft"", ""flaeche_amtl"": 6424.0}, {""anl"": """", ""bko"": """", ""brw"": 2.5, ""dat"": ""0001-01-01 BC"", ""gsm"": false, ""kor"": false, ""soa"": false, ""wrt"": false, ""zgr"": false, ""entw"": ""LF"", ""gabe"": ""Der Gutachterausschuss für Grundstückswerte im Hochsauerlandkreis"", ""jahr"": ""2025"", ""nuta"": ""GR"", ""stag"": ""2022-01-01"", ""farbe"": ""5"", ""anl_txt"": ""UNDEFINED"", ""flaeche"": 6418.15696305196, ""prozent"": 100.00, ""entw_txt"": ""Fläche der Land- und Forstwirtschaft"", ""nuta_txt"": ""Grünland"", ""farbe_txt"": ""Landwirtschaft"", ""flaeche_amtl"": 6424.0}, {""anl"": """", ""bko"": """", ""brw"": 3.7, ""dat"": ""0001-01-01 BC"", ""gsm"": false, ""kor"": false, ""soa"": false, ""wrt"": false, ""zgr"": false, ""entw"": ""LF"", ""gabe"": ""Der Gutachterausschuss für Grundstückswerte im Hochsauerlandkreis"", ""jahr"": ""2025"", ""nuta"": ""A"", ""stag"": ""2022-01-01"", ""farbe"": ""5"", ""anl_txt"": ""UNDEFINED"", ""flaeche"": 6418.15696305196, ""prozent"": 100.00, ""entw_txt"": ""Fläche der Land- und Forstwirtschaft"", ""nuta_txt"": ""Acker"", ""farbe_txt"": ""Landwirtschaft"", ""flaeche_amtl"": 6424.0}, {""anl"": """", ""bko"": """", ""brw"": 18, ""dat"": ""0001-01-01 BC"", ""gsm"": false, ""kor"": false, ""soa"": false, ""wrt"": false, ""zgr"": false, ""entw"": ""B"", ""gabe"": ""Der Gutachterausschuss für Grundstückswerte im Hochsauerlandkreis"", ""jahr"": ""2025"", ""nuta"": ""W"", ""stag"": ""2022-01-01"", ""farbe"": ""6"", ""anl_txt"": ""UNDEFINED"", ""flaeche"": 6418.15696305196, ""prozent"": 100.00, ""entw_txt"": ""Baureifes Land"", ""nuta_txt"": ""Wohnbaufläche"", ""farbe_txt"": ""Außenbereich"", ""flaeche_amtl"": 6424.0}]";6418.15696305196;NULL
38;DENW02AL1000GeDG;05124400800564______;NULL;Am Hülsenberg;127;NULL;44227;Dortmund;Dortmund;Kirchhörde;051244;"[""0591010026553""]";8;564;NULL;5342.0;2024-12-30 10:48:29+01;01.01.2025;Oberbürgermeister der Stadt Dortmund;Vermessungs- und Katasteramt;NULL;NULL;NULL;NULL;NULL;NULL;NULL;NULL;NULL;NULL;NULL;NULL;869;869;60;0.60;5342;"[{""m2"": 1999, ""emz"": null, ""katasterklassifikation"": ""Wohnbaufläche""}, {""m2"": 2270, ""emz"": 850, ""katasterklassifikation"": ""Gartenland""}, {""m2"": 204, ""emz"": null, ""katasterklassifikation"": ""Wochenend- und Ferienhausfläche""}]";"[{""anl"": """", ""bko"": """", ""brw"": 1.2, ""dat"": ""0001-01-01 BC"", ""gsm"": false, ""kor"": false, ""soa"": false, ""wrt"": false, ""zgr"": false, ""entw"": ""LF"", ""gabe"": ""Der Gutachterausschuss für Grundstückswerte in der Stadt Dortmund"", ""jahr"": ""2025"", ""nuta"": ""F"", ""stag"": ""2022-01-01"", ""farbe"": ""4"", ""anl_txt"": ""UNDEFINED"", ""flaeche"": 5274.87912100492, ""prozent"": 100.00, ""entw_txt"": ""Fläche der Land- und Forstwirtschaft"", ""nuta_txt"": ""forstwirtschaftliche Fläche"", ""farbe_txt"": ""Forstwirtschaft"", ""flaeche_amtl"": 5342.0}, {""anl"": """", ""bko"": """", ""brw"": 320, ""dat"": ""0001-01-01 BC"", ""gsm"": false, ""kor"": false, ""soa"": false, ""wrt"": false, ""zgr"": false, ""entw"": ""B"", ""gabe"": ""Der Gutachterausschuss für Grundstückswerte in der Stadt Dortmund"", ""jahr"": ""2025"", ""nuta"": ""W"", ""stag"": ""2022-01-01"", ""farbe"": ""6"", ""anl_txt"": ""UNDEFINED"", ""flaeche"": 5274.87912100492, ""prozent"": 100.00, ""entw_txt"": ""Baureifes Land"", ""nuta_txt"": ""Wohnbaufläche"", ""farbe_txt"": ""Außenbereich"", ""flaeche_amtl"": 5342.0}, {""anl"": """", ""bko"": """", ""brw"": 8.5, ""dat"": ""0001-01-01 BC"", ""gsm"": false, ""kor"": false, ""soa"": false, ""wrt"": false, ""zgr"": false, ""entw"": ""LF"", ""gabe"": ""Der Gutachterausschuss für Grundstückswerte in der Stadt Dortmund"", ""jahr"": ""2025"", ""nuta"": ""A"", ""stag"": ""2022-01-01"", ""farbe"": ""5"", ""anl_txt"": ""UNDEFINED"", ""flaeche"": 5274.87912100492, ""prozent"": 100.00, ""entw_txt"": ""Fläche der Land- und Forstwirtschaft"", ""nuta_txt"": ""Acker"", ""farbe_txt"": ""Landwirtschaft"", ""flaeche_amtl"": 5342.0}]";5274.87912100492;NULL
39;DENW06AL0003ySdc;05133902100083______;NULL;Drosselstraße;25;NULL;58332;Schwelm;Schwelm;Schwelm;051339;"[""0513390001115""]";21;83;NULL;1145.0;2024-12-05 17:00:00+01;01.01.2025;Landrat des Ennepe-Ruhr-Kreises;Abteilung Liegenschaftskataster und Geoinformationen;NULL;NULL;NULL;NULL;NULL;NULL;NULL;NULL;NULL;NULL;NULL;NULL;NULL;NULL;45;0.45;1145;"[{""m2"": 1145, ""emz"": null, ""katasterklassifikation"": ""Wohnbaufläche""}]";"[{""anl"": """", ""bko"": """", ""brw"": 350, ""dat"": ""0001-01-01 BC"", ""gsm"": false, ""kor"": false, ""soa"": false, ""wrt"": false, ""zgr"": false, ""entw"": ""B"", ""gabe"": ""Der Gutachterausschuss für Grundstückswerte im Ennepe-Ruhr-Kreis mit der Stadt Witten"", ""jahr"": ""2025"", ""nuta"": ""W"", ""stag"": ""2022-01-01"", ""farbe"": ""1"", ""anl_txt"": ""UNDEFINED"", ""flaeche"": 1067.50243851404, ""prozent"": 100.00, ""entw_txt"": ""Baureifes Land"", ""nuta_txt"": ""Wohnbaufläche"", ""farbe_txt"": ""Ein-/Zweigeschossig"", ""flaeche_amtl"": 1145.0}]";1067.50243851404;NULL
40;DENW36AL1000F1Dx;05431600600702______;NULL;NULL;NULL;NULL;NULL;NULL;Bonn;Muffendorf;054316;"[""0543160010209""]";6;702;NULL;45.0;2013-03-11 12:15:29+01;01.01.2025;Oberbürgermeisterin der Bundesstadt Bonn;Amt für Bodenmanagement und Geoinformation;NULL;NULL;NULL;NULL;NULL;NULL;NULL;NULL;NULL;NULL;NULL;NULL;NULL;NULL;63;0.63;45;"[{""m2"": 45, ""emz"": null, ""katasterklassifikation"": ""Fläche besonderer funktionaler Prägung""}]";"[{""anl"": """", ""bko"": """", ""brw"": 900, ""dat"": ""0001-01-01 BC"", ""gsm"": false, ""kor"": false, ""soa"": false, ""wrt"": false, ""zgr"": false, ""entw"": ""B"", ""gabe"": ""Der Gutachterausschuss für Grundstückswerte in der Bundesstadt Bonn"", ""jahr"": ""2025"", ""nuta"": ""W"", ""stag"": ""2022-01-01"", ""farbe"": ""1"", ""anl_txt"": ""UNDEFINED"", ""flaeche"": 45.20292099888, ""prozent"": 100.00, ""entw_txt"": ""Baureifes Land"", ""nuta_txt"": ""Wohnbaufläche"", ""farbe_txt"": ""Ein-/Zweigeschossig"", ""flaeche_amtl"": 45.0}, {""anl"": """", ""bko"": """", ""brw"": 790, ""dat"": ""0001-01-01 BC"", ""gsm"": false, ""kor"": false, ""soa"": false, ""wrt"": false, ""zgr"": false, ""entw"": ""B"", ""gabe"": ""Der Gutachterausschuss für Grundstückswerte in der Bundesstadt Bonn"", ""jahr"": ""2025"", ""nuta"": ""W"", ""stag"": ""2022-01-01"", ""farbe"": ""2"", ""anl_txt"": ""UNDEFINED"", ""flaeche"": 45.20292099888, ""prozent"": 100.00, ""entw_txt"": ""Baureifes Land"", ""nuta_txt"": ""Wohnbaufläche"", ""farbe_txt"": ""Misch-/Mehrgeschossig"", ""flaeche_amtl"": 45.0}]";45.20292099888;NULL
41;DENW54AL00009wDX;05529213700007______;NULL;NULL;NULL;NULL;NULL;NULL;Oelde;Oelde;055292;"[""0552920003137""]";137;7;NULL;9270.0;2024-02-15 13:54:46+01;01.01.2025;Landrat des Kreises Warendorf;Amt für Geoinformation und Kataster;430;163;0;NULL;NULL;NULL;NULL;NULL;NULL;430;163;NULL;31;31;45;0.45;9270;"[{""m2"": 21, ""emz"": null, ""katasterklassifikation"": ""Bach""}, {""m2"": 8588, ""emz"": 128, ""katasterklassifikation"": ""Weg""}, {""m2"": 200, ""emz"": null, ""katasterklassifikation"": ""Weg""}]";"[{""anl"": """", ""bko"": """", ""brw"": 85, ""dat"": ""0001-01-01 BC"", ""gsm"": false, ""kor"": false, ""soa"": false, ""wrt"": false, ""zgr"": false, ""entw"": ""B"", ""gabe"": ""Der Gutachterausschuss für Grundstückswerte im Kreis Warendorf"", ""jahr"": ""2025"", ""nuta"": ""W"", ""stag"": ""2022-01-01"", ""farbe"": ""6"", ""anl_txt"": ""UNDEFINED"", ""flaeche"": 9353.52304145262, ""prozent"": 100.00, ""entw_txt"": ""Baureifes Land"", ""nuta_txt"": ""Wohnbaufläche"", ""farbe_txt"": ""Außenbereich"", ""flaeche_amtl"": 9270.0}, {""anl"": """", ""bko"": """", ""brw"": 20, ""dat"": ""0001-01-01 BC"", ""gsm"": false, ""kor"": false, ""soa"": false, ""wrt"": false, ""zgr"": false, ""entw"": ""B"", ""gabe"": ""Der Gutachterausschuss für Grundstückswerte im Kreis Warendorf"", ""jahr"": ""2025"", ""nuta"": ""G"", ""stag"": ""2022-01-01"", ""farbe"": ""6"", ""anl_txt"": ""UNDEFINED"", ""flaeche"": 9353.52304145262, ""prozent"": 100.00, ""entw_txt"": ""Baureifes Land"", ""nuta_txt"": ""gewerbliche Baufläche"", ""farbe_txt"": ""Außenbereich"", ""flaeche_amtl"": 9270.0}, {""anl"": """", ""bko"": """", ""brw"": 6.8, ""dat"": ""0001-01-01 BC"", ""gsm"": false, ""kor"": false, ""soa"": false, ""wrt"": false, ""zgr"": false, ""entw"": ""LF"", ""gabe"": ""Der Gutachterausschuss für Grundstückswerte im Kreis Warendorf"", ""jahr"": ""2025"", ""nuta"": ""GR"", ""stag"": ""2022-01-01"", ""farbe"": ""5"", ""anl_txt"": ""UNDEFINED"", ""flaeche"": 9353.52304145262, ""prozent"": 100.00, ""entw_txt"": ""Fläche der Land- und Forstwirtschaft"", ""nuta_txt"": ""Grünland"", ""farbe_txt"": ""Landwirtschaft"", ""flaeche_amtl"": 9270.0}, {""anl"": """", ""bko"": """", ""brw"": 8.5, ""dat"": ""0001-01-01 BC"", ""gsm"": false, ""kor"": false, ""soa"": false, ""wrt"": false, ""zgr"": false, ""entw"": ""LF"", ""gabe"": ""Der Gutachterausschuss für Grundstückswerte im Kreis Warendorf"", ""jahr"": ""2025"", ""nuta"": ""A"", ""stag"": ""2022-01-01"", ""farbe"": ""5"", ""anl_txt"": ""UNDEFINED"", ""flaeche"": 9353.52304145262, ""prozent"": 100.00, ""entw_txt"": ""Fläche der Land- und Forstwirtschaft"", ""nuta_txt"": ""Acker"", ""farbe_txt"": ""Landwirtschaft"", ""flaeche_amtl"": 9270.0}, {""anl"": """", ""bko"": """", ""brw"": 0.6, ""dat"": ""0001-01-01 BC"", ""gsm"": false, ""kor"": false, ""soa"": false, ""wrt"": false, ""zgr"": false, ""entw"": ""LF"", ""gabe"": ""Der Gutachterausschuss für Grundstückswerte im Kreis Warendorf"", ""jahr"": ""2025"", ""nuta"": ""F"", ""stag"": ""2022-01-01"", ""farbe"": ""4"", ""anl_txt"": ""UNDEFINED"", ""flaeche"": 9353.52304145262, ""prozent"": 100.00, ""entw_txt"": ""Fläche der Land- und Forstwirtschaft"", ""nuta_txt"": ""forstwirtschaftliche Fläche"", ""farbe_txt"": ""Forstwirtschaft"", ""flaeche_amtl"": 9270.0}]";9353.52304145262;NULL
42;DENW07AL0000C7ym;05120300400328______;NULL;NULL;NULL;NULL;NULL;NULL;Marsberg;Udorf;051203;"[""0512030000165""]";4;328;NULL;5.0;2023-12-20 16:42:14+01;01.01.2025;Landrat des Hochsauerlandkreises;Fachdienst 43, Liegenschaftskataster und Vermessung;NULL;NULL;NULL;NULL;NULL;NULL;NULL;NULL;NULL;NULL;NULL;NULL;NULL;NULL;41;0.41;5;"[{""m2"": 5, ""emz"": null, ""katasterklassifikation"": ""Weg""}]";"[{""anl"": """", ""bko"": """", ""brw"": 20, ""dat"": ""0001-01-01 BC"", ""gsm"": false, ""kor"": false, ""soa"": false, ""wrt"": false, ""zgr"": false, ""entw"": ""B"", ""gabe"": ""Der Gutachterausschuss für Grundstückswerte im Hochsauerlandkreis"", ""jahr"": ""2025"", ""nuta"": ""MD"", ""stag"": ""2022-01-01"", ""farbe"": ""1"", ""anl_txt"": ""UNDEFINED"", ""flaeche"": 5.04319100065817, ""prozent"": 100.00, ""entw_txt"": ""Baureifes Land"", ""nuta_txt"": ""Dorfgebiet"", ""farbe_txt"": ""Ein-/Zweigeschossig"", ""flaeche_amtl"": 5.0}]";5.04319100065817;NULL
43;DENW18AL00000fIC;05270700300480______;NULL;NULL;NULL;NULL;NULL;NULL;Porta Westfalica;Barkhausen;052707;"[""0527070001643""]";3;480;NULL;15.0;2023-12-07 18:31:29+01;01.01.2025;Landrätin des Kreises Minden-Lübbecke;Kataster- und Vermessungsamt;NULL;NULL;NULL;NULL;NULL;NULL;NULL;NULL;NULL;NULL;NULL;NULL;NULL;NULL;60;0.60;15;"[{""m2"": 15, ""emz"": null, ""katasterklassifikation"": ""Weg""}]";"[{""anl"": """", ""bko"": """", ""brw"": 150, ""dat"": ""0001-01-01 BC"", ""gsm"": false, ""kor"": false, ""soa"": false, ""wrt"": false, ""zgr"": false, ""entw"": ""B"", ""gabe"": ""Der Gutachterausschuss für Grundstückswerte im Kreis Minden-Lübbecke"", ""jahr"": ""2025"", ""nuta"": ""W"", ""stag"": ""2022-01-01"", ""farbe"": ""1"", ""anl_txt"": ""UNDEFINED"", ""flaeche"": 14.9880115031047, ""prozent"": 100.00, ""entw_txt"": ""Baureifes Land"", ""nuta_txt"": ""Wohnbaufläche"", ""farbe_txt"": ""Ein-/Zweigeschossig"", ""flaeche_amtl"": 15.0}]";14.9880115031047;NULL
44;DENW54AL00009ADM;05529230200118______;NULL;NULL;NULL;NULL;NULL;NULL;Oelde;Oelde;055292;"[""0552920002477""]";302;118;NULL;282.0;2023-11-17 09:51:39+01;01.01.2025;Landrat des Kreises Warendorf;Amt für Geoinformation und Kataster;NULL;NULL;NULL;NULL;NULL;NULL;NULL;NULL;NULL;NULL;NULL;NULL;NULL;NULL;45;0.45;282;"[{""m2"": 282, ""emz"": null, ""katasterklassifikation"": ""Weg""}]";"[{""anl"": """", ""bko"": """", ""brw"": 18, ""dat"": ""0001-01-01 BC"", ""gsm"": false, ""kor"": false, ""soa"": false, ""wrt"": false, ""zgr"": false, ""entw"": ""B"", ""gabe"": ""Der Gutachterausschuss für Grundstückswerte im Kreis Warendorf"", ""jahr"": ""2025"", ""nuta"": ""G"", ""stag"": ""2022-01-01"", ""farbe"": ""6"", ""anl_txt"": ""UNDEFINED"", ""flaeche"": 227.17906027084, ""prozent"": 80.68680631045432293700, ""entw_txt"": ""Baureifes Land"", ""nuta_txt"": ""gewerbliche Baufläche"", ""farbe_txt"": ""Außenbereich"", ""flaeche_amtl"": 227.536793795481190682340}, {""anl"": """", ""bko"": """", ""brw"": 0.6, ""dat"": ""0001-01-01 BC"", ""gsm"": false, ""kor"": false, ""soa"": false, ""wrt"": false, ""zgr"": false, ""entw"": ""LF"", ""gabe"": ""Der Gutachterausschuss für Grundstückswerte im Kreis Warendorf"", ""jahr"": ""2025"", ""nuta"": ""F"", ""stag"": ""2022-01-01"", ""farbe"": ""4"", ""anl_txt"": ""UNDEFINED"", ""flaeche"": 227.17906027084, ""prozent"": 80.68680631045432293700, ""entw_txt"": ""Fläche der Land- und Forstwirtschaft"", ""nuta_txt"": ""forstwirtschaftliche Fläche"", ""farbe_txt"": ""Forstwirtschaft"", ""flaeche_amtl"": 227.536793795481190682340}, {""anl"": """", ""bko"": """", ""brw"": 8.5, ""dat"": ""0001-01-01 BC"", ""gsm"": false, ""kor"": false, ""soa"": false, ""wrt"": false, ""zgr"": false, ""entw"": ""LF"", ""gabe"": ""Der Gutachterausschuss für Grundstückswerte im Kreis Warendorf"", ""jahr"": ""2025"", ""nuta"": ""A"", ""stag"": ""2022-01-01"", ""farbe"": ""5"", ""anl_txt"": ""UNDEFINED"", ""flaeche"": 227.17906027084, ""prozent"": 80.68680631045432293700, ""entw_txt"": ""Fläche der Land- und Forstwirtschaft"", ""nuta_txt"": ""Acker"", ""farbe_txt"": ""Landwirtschaft"", ""flaeche_amtl"": 227.536793795481190682340}, {""anl"": """", ""bko"": """", ""brw"": 6.8, ""dat"": ""0001-01-01 BC"", ""gsm"": false, ""kor"": false, ""soa"": false, ""wrt"": false, ""zgr"": false, ""entw"": ""LF"", ""gabe"": ""Der Gutachterausschuss für Grundstückswerte im Kreis Warendorf"", ""jahr"": ""2025"", ""nuta"": ""GR"", ""stag"": ""2022-01-01"", ""farbe"": ""5"", ""anl_txt"": ""UNDEFINED"", ""flaeche"": 227.17906027084, ""prozent"": 80.68680631045432293700, ""entw_txt"": ""Fläche der Land- und Forstwirtschaft"", ""nuta_txt"": ""Grünland"", ""farbe_txt"": ""Landwirtschaft"", ""flaeche_amtl"": 227.536793795481190682340}, {""anl"": """", ""bko"": """", ""brw"": 50, ""dat"": ""0001-01-01 BC"", ""gsm"": false, ""kor"": false, ""soa"": false, ""wrt"": false, ""zgr"": false, ""entw"": ""B"", ""gabe"": ""Der Gutachterausschuss für Grundstückswerte im Kreis Warendorf"", ""jahr"": ""2025"", ""nuta"": ""W"", ""stag"": ""2022-01-01"", ""farbe"": ""6"", ""anl_txt"": ""UNDEFINED"", ""flaeche"": 227.17906027084, ""prozent"": 80.68680631045432293700, ""entw_txt"": ""Baureifes Land"", ""nuta_txt"": ""Wohnbaufläche"", ""farbe_txt"": ""Außenbereich"", ""flaeche_amtl"": 227.536793795481190682340}, {""anl"": """", ""bko"": """", ""brw"": 120, ""dat"": ""0001-01-01 BC"", ""gsm"": false, ""kor"": false, ""soa"": false, ""wrt"": false, ""zgr"": false, ""entw"": ""B"", ""gabe"": ""Der Gutachterausschuss für Grundstückswerte im Kreis Warendorf"", ""jahr"": ""2025"", ""nuta"": ""W"", ""stag"": ""2022-01-01"", ""farbe"": ""1"", ""anl_txt"": ""UNDEFINED"", ""flaeche"": 54.3579646611246, ""prozent"": 19.30622725885820139500, ""entw_txt"": ""Baureifes Land"", ""nuta_txt"": ""Wohnbaufläche"", ""farbe_txt"": ""Ein-/Zweigeschossig"", ""flaeche_amtl"": 54.443560869980127933900}]";281.556639380093;NULL
45;DENW18AL00000fwN;05270700101002______;NULL;NULL;NULL;NULL;NULL;NULL;Porta Westfalica;Barkhausen;052707;"[""0527070001641""]";1;1002;NULL;5522.0;2023-12-07 18:31:29+01;01.01.2025;Landrätin des Kreises Minden-Lübbecke;Kataster- und Vermessungsamt;NULL;NULL;NULL;NULL;NULL;NULL;NULL;NULL;NULL;NULL;NULL;NULL;NULL;NULL;60;0.60;5522;"[{""m2"": 103, ""emz"": null, ""katasterklassifikation"": ""Verkehrsbegleitfläche Straße""}, {""m2"": 5311, ""emz"": null, ""katasterklassifikation"": ""Straßenverkehr""}, {""m2"": 106, ""emz"": null, ""katasterklassifikation"": ""Parkplatz""}]";"[{""anl"": """", ""bko"": """", ""brw"": 150, ""dat"": ""0001-01-01 BC"", ""gsm"": false, ""kor"": false, ""soa"": false, ""wrt"": false, ""zgr"": false, ""entw"": ""B"", ""gabe"": ""Der Gutachterausschuss für Grundstückswerte im Kreis Minden-Lübbecke"", ""jahr"": ""2025"", ""nuta"": ""W"", ""stag"": ""2022-01-01"", ""farbe"": ""1"", ""anl_txt"": ""UNDEFINED"", ""flaeche"": 4666.31621168959, ""prozent"": 85.00579886196620350600, ""entw_txt"": ""Baureifes Land"", ""nuta_txt"": ""Wohnbaufläche"", ""farbe_txt"": ""Ein-/Zweigeschossig"", ""flaeche_amtl"": 4694.020213157773757601320}, {""anl"": """", ""bko"": """", ""brw"": 0.4, ""dat"": ""0001-01-01 BC"", ""gsm"": false, ""kor"": false, ""soa"": false, ""wrt"": false, ""zgr"": false, ""entw"": ""LF"", ""gabe"": ""Der Gutachterausschuss für Grundstückswerte im Kreis Minden-Lübbecke"", ""jahr"": ""2025"", ""nuta"": ""F"", ""stag"": ""2022-01-01"", ""farbe"": ""4"", ""anl_txt"": ""UNDEFINED"", ""flaeche"": 823.093067509183, ""prozent"": 14.99420111437975771400, ""entw_txt"": ""Fläche der Land- und Forstwirtschaft"", ""nuta_txt"": ""forstwirtschaftliche Fläche"", ""farbe_txt"": ""Forstwirtschaft"", ""flaeche_amtl"": 827.979785536050220967080}, {""anl"": """", ""bko"": """", ""brw"": 1.7, ""dat"": ""0001-01-01 BC"", ""gsm"": false, ""kor"": false, ""soa"": false, ""wrt"": false, ""zgr"": false, ""entw"": ""LF"", ""gabe"": ""Der Gutachterausschuss für Grundstückswerte im Kreis Minden-Lübbecke"", ""jahr"": ""2025"", ""nuta"": ""GR"", ""stag"": ""2022-01-01"", ""farbe"": ""5"", ""anl_txt"": ""UNDEFINED"", ""flaeche"": 823.093067509183, ""prozent"": 14.99420111437975771400, ""entw_txt"": ""Fläche der Land- und Forstwirtschaft"", ""nuta_txt"": ""Grünland"", ""farbe_txt"": ""Landwirtschaft"", ""flaeche_amtl"": 827.979785536050220967080}, {""anl"": """", ""bko"": """", ""brw"": 3, ""dat"": ""0001-01-01 BC"", ""gsm"": false, ""kor"": false, ""soa"": false, ""wrt"": false, ""zgr"": false, ""entw"": ""LF"", ""gabe"": ""Der Gutachterausschuss für Grundstückswerte im Kreis Minden-Lübbecke"", ""jahr"": ""2025"", ""nuta"": ""A"", ""stag"": ""2022-01-01"", ""farbe"": ""5"", ""anl_txt"": ""UNDEFINED"", ""flaeche"": 823.093067509183, ""prozent"": 14.99420111437975771400, ""entw_txt"": ""Fläche der Land- und Forstwirtschaft"", ""nuta_txt"": ""Acker"", ""farbe_txt"": ""Landwirtschaft"", ""flaeche_amtl"": 827.979785536050220967080}, {""anl"": """", ""bko"": """", ""brw"": 35, ""dat"": ""0001-01-01 BC"", ""gsm"": false, ""kor"": false, ""soa"": false, ""wrt"": false, ""zgr"": false, ""entw"": ""B"", ""gabe"": ""Der Gutachterausschuss für Grundstückswerte im Kreis Minden-Lübbecke"", ""jahr"": ""2025"", ""nuta"": ""W"", ""stag"": ""2022-01-01"", ""farbe"": ""6"", ""anl_txt"": ""UNDEFINED"", ""flaeche"": 823.093067509183, ""prozent"": 14.99420111437975771400, ""entw_txt"": ""Baureifes Land"", ""nuta_txt"": ""Wohnbaufläche"", ""farbe_txt"": ""Außenbereich"", ""flaeche_amtl"": 827.979785536050220967080}]";5489.40928049724;NULL
46;DENW54AL0000a2Yi;05529240900145______;NULL;Zum Hellbrink;7;NULL;59302;Oelde;Oelde;Oelde;055292;"[""0552920004821""]";409;145;NULL;207285.0;2023-11-17 09:51:39+01;01.01.2025;Landrat des Kreises Warendorf;Amt für Geoinformation und Kataster;192161;88149;2675;NULL;NULL;NULL;NULL;NULL;NULL;192161;90824;864;NULL;864;45;0.45;207285;"[{""m2"": 2908, ""emz"": 1145, ""katasterklassifikation"": ""Graben""}, {""m2"": 5605, ""emz"": 0, ""katasterklassifikation"": ""Gebäude- und Freifläche Land- und Forstwirtschaft""}, {""m2"": 1069, ""emz"": null, ""katasterklassifikation"": ""Vegetationslose Fläche""}, {""m2"": 226, ""emz"": null, ""katasterklassifikation"": ""Teich""}, {""m2"": 2895, ""emz"": 705, ""katasterklassifikation"": ""Weg""}, {""m2"": 1558, ""emz"": null, ""katasterklassifikation"": ""Garten""}]";"[{""anl"": """", ""bko"": """", ""brw"": 6.8, ""dat"": ""0001-01-01 BC"", ""gsm"": false, ""kor"": false, ""soa"": false, ""wrt"": false, ""zgr"": false, ""entw"": ""LF"", ""gabe"": ""Der Gutachterausschuss für Grundstückswerte im Kreis Warendorf"", ""jahr"": ""2025"", ""nuta"": ""GR"", ""stag"": ""2022-01-01"", ""farbe"": ""5"", ""anl_txt"": ""UNDEFINED"", ""flaeche"": 209099.028133597, ""prozent"": 100.00, ""entw_txt"": ""Fläche der Land- und Forstwirtschaft"", ""nuta_txt"": ""Grünland"", ""farbe_txt"": ""Landwirtschaft"", ""flaeche_amtl"": 207285.0}, {""anl"": """", ""bko"": """", ""brw"": 18, ""dat"": ""0001-01-01 BC"", ""gsm"": false, ""kor"": false, ""soa"": false, ""wrt"": false, ""zgr"": false, ""entw"": ""B"", ""gabe"": ""Der Gutachterausschuss für Grundstückswerte im Kreis Warendorf"", ""jahr"": ""2025"", ""nuta"": ""G"", ""stag"": ""2022-01-01"", ""farbe"": ""6"", ""anl_txt"": ""UNDEFINED"", ""flaeche"": 209099.028133597, ""prozent"": 100.00, ""entw_txt"": ""Baureifes Land"", ""nuta_txt"": ""gewerbliche Baufläche"", ""farbe_txt"": ""Außenbereich"", ""flaeche_amtl"": 207285.0}, {""anl"": """", ""bko"": """", ""brw"": 0.6, ""dat"": ""0001-01-01 BC"", ""gsm"": false, ""kor"": false, ""soa"": false, ""wrt"": false, ""zgr"": false, ""entw"": ""LF"", ""gabe"": ""Der Gutachterausschuss für Grundstückswerte im Kreis Warendorf"", ""jahr"": ""2025"", ""nuta"": ""F"", ""stag"": ""2022-01-01"", ""farbe"": ""4"", ""anl_txt"": ""UNDEFINED"", ""flaeche"": 209099.028133597, ""prozent"": 100.00, ""entw_txt"": ""Fläche der Land- und Forstwirtschaft"", ""nuta_txt"": ""forstwirtschaftliche Fläche"", ""farbe_txt"": ""Forstwirtschaft"", ""flaeche_amtl"": 207285.0}, {""anl"": """", ""bko"": """", ""brw"": 8.5, ""dat"": ""0001-01-01 BC"", ""gsm"": false, ""kor"": false, ""soa"": false, ""wrt"": false, ""zgr"": false, ""entw"": ""LF"", ""gabe"": ""Der Gutachterausschuss für Grundstückswerte im Kreis Warendorf"", ""jahr"": ""2025"", ""nuta"": ""A"", ""stag"": ""2022-01-01"", ""farbe"": ""5"", ""anl_txt"": ""UNDEFINED"", ""flaeche"": 209099.028133597, ""prozent"": 100.00, ""entw_txt"": ""Fläche der Land- und Forstwirtschaft"", ""nuta_txt"": ""Acker"", ""farbe_txt"": ""Landwirtschaft"", ""flaeche_amtl"": 207285.0}, {""anl"": """", ""bko"": """", ""brw"": 60, ""dat"": ""0001-01-01 BC"", ""gsm"": false, ""kor"": false, ""soa"": false, ""wrt"": false, ""zgr"": false, ""entw"": ""B"", ""gabe"": ""Der Gutachterausschuss für Grundstückswerte im Kreis Warendorf"", ""jahr"": ""2025"", ""nuta"": ""W"", ""stag"": ""2022-01-01"", ""farbe"": ""6"", ""anl_txt"": ""UNDEFINED"", ""flaeche"": 209099.028133597, ""prozent"": 100.00, ""entw_txt"": ""Baureifes Land"", ""nuta_txt"": ""Wohnbaufläche"", ""farbe_txt"": ""Außenbereich"", ""flaeche_amtl"": 207285.0}]";209099.028133597;NULL
47;DENW10AL1000N4I3;05169201400223______;NULL;NULL;NULL;NULL;NULL;NULL;Wilnsdorf;Wilgersdorf;051692;"[""0516920090001""]";14;223;NULL;576.0;2024-08-30 15:14:00+02;01.01.2025;Landrat des Kreises Siegen-Wittgenstein;Amt für Liegenschaftskataster und Geoinformation;162;53;NULL;NULL;NULL;NULL;NULL;NULL;NULL;162;53;NULL;9;9;33;0.33;576;"[{""m2"": 375, ""emz"": null, ""katasterklassifikation"": ""Bach""}, {""m2"": 27, ""emz"": 8, ""katasterklassifikation"": ""Brachland""}, {""m2"": 3, ""emz"": null, ""katasterklassifikation"": ""Wohnbaufläche""}]";"[{""anl"": """", ""bko"": """", ""brw"": 0.5, ""dat"": ""0001-01-01 BC"", ""gsm"": false, ""kor"": false, ""soa"": false, ""wrt"": false, ""zgr"": false, ""entw"": ""LF"", ""gabe"": ""Der Gutachterausschuss für Grundstückswerte im Kreis Siegen-Wittgenstein"", ""jahr"": ""2025"", ""nuta"": ""F"", ""stag"": ""2022-01-01"", ""farbe"": ""4"", ""anl_txt"": ""UNDEFINED"", ""flaeche"": 587.265241533947, ""prozent"": 100.00, ""entw_txt"": ""Fläche der Land- und Forstwirtschaft"", ""nuta_txt"": ""forstwirtschaftliche Fläche"", ""farbe_txt"": ""Forstwirtschaft"", ""flaeche_amtl"": 576.0}, {""anl"": """", ""bko"": """", ""brw"": 1.95, ""dat"": ""0001-01-01 BC"", ""gsm"": false, ""kor"": false, ""soa"": false, ""wrt"": false, ""zgr"": false, ""entw"": ""LF"", ""gabe"": ""Der Gutachterausschuss für Grundstückswerte im Kreis Siegen-Wittgenstein"", ""jahr"": ""2025"", ""nuta"": ""L"", ""stag"": ""2022-01-01"", ""farbe"": ""5"", ""anl_txt"": ""UNDEFINED"", ""flaeche"": 587.265241533947, ""prozent"": 100.00, ""entw_txt"": ""Fläche der Land- und Forstwirtschaft"", ""nuta_txt"": ""landwirtschaftliche Fläche"", ""farbe_txt"": ""Landwirtschaft"", ""flaeche_amtl"": 576.0}, {""anl"": """", ""bko"": """", ""brw"": 50, ""dat"": ""0001-01-01 BC"", ""gsm"": false, ""kor"": false, ""soa"": false, ""wrt"": false, ""zgr"": false, ""entw"": ""B"", ""gabe"": ""Der Gutachterausschuss für Grundstückswerte im Kreis Siegen-Wittgenstein"", ""jahr"": ""2025"", ""nuta"": ""W"", ""stag"": ""2022-01-01"", ""farbe"": ""6"", ""anl_txt"": ""UNDEFINED"", ""flaeche"": 587.265241533947, ""prozent"": 100.00, ""entw_txt"": ""Baureifes Land"", ""nuta_txt"": ""Wohnbaufläche"", ""farbe_txt"": ""Außenbereich"", ""flaeche_amtl"": 576.0}]";587.265241533947;NULL
48;DENW14AL0000g7BI;05250700700006______;NULL;NULL;NULL;NULL;NULL;NULL;Rietberg;Bokel;052507;"[""0525410012789""]";7;6;NULL;398817.0;2023-11-03 22:28:55+01;01.01.2025;Landrat des Kreises Gütersloh;Geoinformation, Kataster und Vermessung;322706;129130;NULL;NULL;NULL;NULL;NULL;NULL;NULL;322706;129130;46580;2961;49541;36;0.36;398817;"[{""m2"": 16951, ""emz"": null, ""katasterklassifikation"": ""Gebäude- und Freifläche Land- und Forstwirtschaft""}, {""m2"": 12, ""emz"": null, ""katasterklassifikation"": ""Wohnbaufläche""}, {""m2"": 3436, ""emz"": null, ""katasterklassifikation"": ""Weg""}, {""m2"": 679, ""emz"": null, ""katasterklassifikation"": ""Teich""}, {""m2"": 4015, ""emz"": null, ""katasterklassifikation"": ""Weg""}, {""m2"": 1478, ""emz"": null, ""katasterklassifikation"": ""Vegetationslose Fläche""}]";"[{""anl"": """", ""bko"": """", ""brw"": 120, ""dat"": ""0001-01-01 BC"", ""gsm"": false, ""kor"": false, ""soa"": false, ""wrt"": false, ""zgr"": false, ""entw"": ""B"", ""gabe"": ""Der Gutachterausschuss für Grundstückswerte im Kreis Gütersloh und in der Stadt Gütersloh"", ""jahr"": ""2025"", ""nuta"": ""W"", ""stag"": ""2022-01-01"", ""farbe"": ""6"", ""anl_txt"": ""UNDEFINED"", ""flaeche"": 398562.644050082, ""prozent"": 100.00, ""entw_txt"": ""Baureifes Land"", ""nuta_txt"": ""Wohnbaufläche"", ""farbe_txt"": ""Außenbereich"", ""flaeche_amtl"": 398817.0}, {""anl"": """", ""bko"": """", ""brw"": 9.5, ""dat"": ""0001-01-01 BC"", ""gsm"": false, ""kor"": false, ""soa"": false, ""wrt"": false, ""zgr"": false, ""entw"": ""LF"", ""gabe"": ""Der Gutachterausschuss für Grundstückswerte im Kreis Gütersloh und in der Stadt Gütersloh"", ""jahr"": ""2025"", ""nuta"": ""A"", ""stag"": ""2022-01-01"", ""farbe"": ""5"", ""anl_txt"": ""UNDEFINED"", ""flaeche"": 398562.644050082, ""prozent"": 100.00, ""entw_txt"": ""Fläche der Land- und Forstwirtschaft"", ""nuta_txt"": ""Acker"", ""farbe_txt"": ""Landwirtschaft"", ""flaeche_amtl"": 398817.0}, {""anl"": """", ""bko"": """", ""brw"": 5, ""dat"": ""0001-01-01 BC"", ""gsm"": false, ""kor"": false, ""soa"": false, ""wrt"": false, ""zgr"": false, ""entw"": ""LF"", ""gabe"": ""Der Gutachterausschuss für Grundstückswerte im Kreis Gütersloh und in der Stadt Gütersloh"", ""jahr"": ""2025"", ""nuta"": ""GR"", ""stag"": ""2022-01-01"", ""farbe"": ""5"", ""anl_txt"": ""UNDEFINED"", ""flaeche"": 398562.644050082, ""prozent"": 100.00, ""entw_txt"": ""Fläche der Land- und Forstwirtschaft"", ""nuta_txt"": ""Grünland"", ""farbe_txt"": ""Landwirtschaft"", ""flaeche_amtl"": 398817.0}, {""anl"": """", ""bko"": """", ""brw"": 1, ""dat"": ""0001-01-01 BC"", ""gsm"": false, ""kor"": false, ""soa"": false, ""wrt"": false, ""zgr"": false, ""entw"": ""LF"", ""gabe"": ""Der Gutachterausschuss für Grundstückswerte im Kreis Gütersloh und in der Stadt Gütersloh"", ""jahr"": ""2025"", ""nuta"": ""F"", ""stag"": ""2022-01-01"", ""farbe"": ""4"", ""anl_txt"": ""UNDEFINED"", ""flaeche"": 398562.644050082, ""prozent"": 100.00, ""entw_txt"": ""Fläche der Land- und Forstwirtschaft"", ""nuta_txt"": ""forstwirtschaftliche Fläche"", ""farbe_txt"": ""Forstwirtschaft"", ""flaeche_amtl"": 398817.0}, {""anl"": """", ""bko"": """", ""brw"": 23, ""dat"": ""0001-01-01 BC"", ""gsm"": false, ""kor"": false, ""soa"": false, ""wrt"": false, ""zgr"": false, ""entw"": ""B"", ""gabe"": ""Der Gutachterausschuss für Grundstückswerte im Kreis Gütersloh und in der Stadt Gütersloh"", ""jahr"": ""2025"", ""nuta"": ""G"", ""stag"": ""2022-01-01"", ""farbe"": ""6"", ""anl_txt"": ""UNDEFINED"", ""flaeche"": 398562.644050082, ""prozent"": 100.00, ""entw_txt"": ""Baureifes Land"", ""nuta_txt"": ""gewerbliche Baufläche"", ""farbe_txt"": ""Außenbereich"", ""flaeche_amtl"": 398817.0}]";398562.644050082;NULL
49;DENW18AL00005hbx;05276100500095______;NULL;NULL;NULL;NULL;NULL;NULL;Porta Westfalica;Kleinenbremen;052761;"[""0527610000221""]";5;95;NULL;140.0;2023-12-07 18:31:29+01;01.01.2025;Landrätin des Kreises Minden-Lübbecke;Kataster- und Vermessungsamt;NULL;NULL;NULL;NULL;NULL;NULL;NULL;NULL;NULL;NULL;NULL;NULL;49;49;65;0.65;140;"[{""m2"": 91, ""emz"": null, ""katasterklassifikation"": ""Bach""}]";"[{""anl"": """", ""bko"": """", ""brw"": 3, ""dat"": ""0001-01-01 BC"", ""gsm"": false, ""kor"": false, ""soa"": false, ""wrt"": false, ""zgr"": false, ""entw"": ""LF"", ""gabe"": ""Der Gutachterausschuss für Grundstückswerte im Kreis Minden-Lübbecke"", ""jahr"": ""2025"", ""nuta"": ""A"", ""stag"": ""2022-01-01"", ""farbe"": ""5"", ""anl_txt"": ""UNDEFINED"", ""flaeche"": 124.724764006806, ""prozent"": 100.00, ""entw_txt"": ""Fläche der Land- und Forstwirtschaft"", ""nuta_txt"": ""Acker"", ""farbe_txt"": ""Landwirtschaft"", ""flaeche_amtl"": 140.0}, {""anl"": """", ""bko"": """", ""brw"": 1.7, ""dat"": ""0001-01-01 BC"", ""gsm"": false, ""kor"": false, ""soa"": false, ""wrt"": false, ""zgr"": false, ""entw"": ""LF"", ""gabe"": ""Der Gutachterausschuss für Grundstückswerte im Kreis Minden-Lübbecke"", ""jahr"": ""2025"", ""nuta"": ""GR"", ""stag"": ""2022-01-01"", ""farbe"": ""5"", ""anl_txt"": ""UNDEFINED"", ""flaeche"": 124.724764006806, ""prozent"": 100.00, ""entw_txt"": ""Fläche der Land- und Forstwirtschaft"", ""nuta_txt"": ""Grünland"", ""farbe_txt"": ""Landwirtschaft"", ""flaeche_amtl"": 140.0}, {""anl"": """", ""bko"": """", ""brw"": 0.4, ""dat"": ""0001-01-01 BC"", ""gsm"": false, ""kor"": false, ""soa"": false, ""wrt"": false, ""zgr"": false, ""entw"": ""LF"", ""gabe"": ""Der Gutachterausschuss für Grundstückswerte im Kreis Minden-Lübbecke"", ""jahr"": ""2025"", ""nuta"": ""F"", ""stag"": ""2022-01-01"", ""farbe"": ""4"", ""anl_txt"": ""UNDEFINED"", ""flaeche"": 124.724764006806, ""prozent"": 100.00, ""entw_txt"": ""Fläche der Land- und Forstwirtschaft"", ""nuta_txt"": ""forstwirtschaftliche Fläche"", ""farbe_txt"": ""Forstwirtschaft"", ""flaeche_amtl"": 140.0}, {""anl"": """", ""bko"": """", ""brw"": 35, ""dat"": ""0001-01-01 BC"", ""gsm"": false, ""kor"": false, ""soa"": false, ""wrt"": false, ""zgr"": false, ""entw"": ""B"", ""gabe"": ""Der Gutachterausschuss für Grundstückswerte im Kreis Minden-Lübbecke"", ""jahr"": ""2025"", ""nuta"": ""W"", ""stag"": ""2022-01-01"", ""farbe"": ""6"", ""anl_txt"": ""UNDEFINED"", ""flaeche"": 124.724764006806, ""prozent"": 100.00, ""entw_txt"": ""Baureifes Land"", ""nuta_txt"": ""Wohnbaufläche"", ""farbe_txt"": ""Außenbereich"", ""flaeche_amtl"": 140.0}]";124.724764006806;NULL
50;DENW30AL0000oiEE;05332800500334______;NULL;NULL;NULL;NULL;NULL;NULL;Rheurdt;Rheurdt;053328;"[""0533280000005""]";5;334;NULL;448.0;2023-11-30 14:47:41+01;01.01.2025;Landrat des Kreises Kleve;Abteilung 6.2 - Kataster und Vermessung;NULL;NULL;NULL;NULL;NULL;NULL;NULL;NULL;NULL;NULL;NULL;NULL;NULL;NULL;62;0.62;448;"[{""m2"": 448, ""emz"": null, ""katasterklassifikation"": ""Straßenverkehr""}]";"[{""anl"": """", ""bko"": """", ""brw"": 205, ""dat"": ""0001-01-01 BC"", ""gsm"": false, ""kor"": false, ""soa"": false, ""wrt"": false, ""zgr"": false, ""entw"": ""B"", ""gabe"": ""Der Gutachterausschuss für Grundstückswerte im Kreis Kleve"", ""jahr"": ""2025"", ""nuta"": ""W"", ""stag"": ""2022-01-01"", ""farbe"": ""1"", ""anl_txt"": ""UNDEFINED"", ""flaeche"": 448.175669049382, ""prozent"": 100.00, ""entw_txt"": ""Baureifes Land"", ""nuta_txt"": ""Wohnbaufläche"", ""farbe_txt"": ""Ein-/Zweigeschossig"", ""flaeche_amtl"": 448.0}]";448.175669049382;NULL
51;DENW53AL0000o1qz;05502803800153______;NULL;NULL;NULL;NULL;NULL;NULL;Hörstel;Riesenbeck;055028;"[""0550280000535""]";38;153;NULL;2199.0;2023-10-24 14:20:04+02;01.01.2025;Landrat des Kreises Steinfurt;Vermessungs- und Katasteramt;NULL;NULL;NULL;NULL;NULL;NULL;NULL;NULL;NULL;NULL;NULL;NULL;2199;2199;30;0.30;2199;NULL;"[{""anl"": """", ""bko"": """", ""brw"": 4.5, ""dat"": ""0001-01-01 BC"", ""gsm"": false, ""kor"": false, ""soa"": false, ""wrt"": false, ""zgr"": false, ""entw"": ""LF"", ""gabe"": ""Der Gutachterausschuss für Grundstückswerte im Kreis Steinfurt"", ""jahr"": ""2025"", ""nuta"": ""GR"", ""stag"": ""2022-01-01"", ""farbe"": ""5"", ""anl_txt"": ""UNDEFINED"", ""flaeche"": 2197.31294249342, ""prozent"": 100.00, ""entw_txt"": ""Fläche der Land- und Forstwirtschaft"", ""nuta_txt"": ""Grünland"", ""farbe_txt"": ""Landwirtschaft"", ""flaeche_amtl"": 2199.0}, {""anl"": """", ""bko"": """", ""brw"": 65, ""dat"": ""0001-01-01 BC"", ""gsm"": false, ""kor"": false, ""soa"": false, ""wrt"": false, ""zgr"": false, ""entw"": ""B"", ""gabe"": ""Der Gutachterausschuss für Grundstückswerte im Kreis Steinfurt"", ""jahr"": ""2025"", ""nuta"": ""W"", ""stag"": ""2022-01-01"", ""farbe"": ""6"", ""anl_txt"": ""UNDEFINED"", ""flaeche"": 2197.31294249342, ""prozent"": 100.00, ""entw_txt"": ""Baureifes Land"", ""nuta_txt"": ""Wohnbaufläche"", ""farbe_txt"": ""Außenbereich"", ""flaeche_amtl"": 2199.0}, {""anl"": """", ""bko"": """", ""brw"": 1, ""dat"": ""0001-01-01 BC"", ""gsm"": false, ""kor"": false, ""soa"": false, ""wrt"": false, ""zgr"": false, ""entw"": ""LF"", ""gabe"": ""Der Gutachterausschuss für Grundstückswerte im Kreis Steinfurt"", ""jahr"": ""2025"", ""nuta"": ""F"", ""stag"": ""2022-01-01"", ""farbe"": ""4"", ""anl_txt"": ""UNDEFINED"", ""flaeche"": 2197.31294249342, ""prozent"": 100.00, ""entw_txt"": ""Fläche der Land- und Forstwirtschaft"", ""nuta_txt"": ""forstwirtschaftliche Fläche"", ""farbe_txt"": ""Forstwirtschaft"", ""flaeche_amtl"": 2199.0}, {""anl"": """", ""bko"": """", ""brw"": 10, ""dat"": ""0001-01-01 BC"", ""gsm"": false, ""kor"": false, ""soa"": false, ""wrt"": false, ""zgr"": false, ""entw"": ""LF"", ""gabe"": ""Der Gutachterausschuss für Grundstückswerte im Kreis Steinfurt"", ""jahr"": ""2025"", ""nuta"": ""A"", ""stag"": ""2022-01-01"", ""farbe"": ""5"", ""anl_txt"": ""UNDEFINED"", ""flaeche"": 2197.31294249342, ""prozent"": 100.00, ""entw_txt"": ""Fläche der Land- und Forstwirtschaft"", ""nuta_txt"": ""Acker"", ""farbe_txt"": ""Landwirtschaft"", ""flaeche_amtl"": 2199.0}]";2197.31294249342;NULL
52;DENW43AL0000okx9;05455900401160______;NULL;Rembrandtstraße;9;NULL;52511;Geilenkirchen;Geilenkirchen;Geilenkirchen;054559;"[""054559002422B""]";4;1160;NULL;808.0;2024-02-07 07:16:45+01;01.01.2025;Landrat des Kreises Heinsberg;Vermessungs- und Katasteramt;NULL;NULL;NULL;NULL;NULL;NULL;NULL;NULL;NULL;NULL;NULL;NULL;NULL;NULL;68;0.68;808;"[{""m2"": 808, ""emz"": null, ""katasterklassifikation"": ""Wohnbaufläche""}]";"[{""anl"": """", ""bko"": """", ""brw"": 250, ""dat"": ""0001-01-01 BC"", ""gsm"": false, ""kor"": false, ""soa"": false, ""wrt"": false, ""zgr"": false, ""entw"": ""B"", ""gabe"": ""Der Gutachterausschuss für Grundstückswerte im Kreis Heinsberg"", ""jahr"": ""2025"", ""nuta"": ""W"", ""stag"": ""2022-01-01"", ""farbe"": ""1"", ""anl_txt"": ""UNDEFINED"", ""flaeche"": 810.06089000276, ""prozent"": 100.00, ""entw_txt"": ""Baureifes Land"", ""nuta_txt"": ""Wohnbaufläche"", ""farbe_txt"": ""Ein-/Zweigeschossig"", ""flaeche_amtl"": 808.0}]";810.06089000276;NULL
53;DENW43AL0000okyA;05455900400939______;NULL;NULL;NULL;NULL;NULL;NULL;Geilenkirchen;Geilenkirchen;054559;"[""0545590004719""]";4;939;NULL;112.0;2024-02-07 07:16:45+01;01.01.2025;Landrat des Kreises Heinsberg;Vermessungs- und Katasteramt;NULL;NULL;NULL;NULL;NULL;NULL;NULL;NULL;NULL;NULL;NULL;NULL;NULL;NULL;68;0.68;112;"[{""m2"": 112, ""emz"": null, ""katasterklassifikation"": ""Fläche besonderer funktionaler Prägung""}]";"[{""anl"": """", ""bko"": """", ""brw"": 190, ""dat"": ""0001-01-01 BC"", ""gsm"": false, ""kor"": false, ""soa"": false, ""wrt"": false, ""zgr"": false, ""entw"": ""B"", ""gabe"": ""Der Gutachterausschuss für Grundstückswerte im Kreis Heinsberg"", ""jahr"": ""2025"", ""nuta"": ""W"", ""stag"": ""2022-01-01"", ""farbe"": ""2"", ""anl_txt"": ""UNDEFINED"", ""flaeche"": 112.533238004953, ""prozent"": 100.00, ""entw_txt"": ""Baureifes Land"", ""nuta_txt"": ""Wohnbaufläche"", ""farbe_txt"": ""Misch-/Mehrgeschossig"", ""flaeche_amtl"": 112.0}]";112.533238004953;NULL
54;DENW43AL0000olal;05455900900423______;NULL;NULL;NULL;NULL;NULL;NULL;Geilenkirchen;Geilenkirchen;054559;"[""0545590000026""]";9;423;NULL;7964.0;2024-02-14 07:46:36+01;01.01.2025;Landrat des Kreises Heinsberg;Vermessungs- und Katasteramt;7964;5641;NULL;NULL;NULL;NULL;NULL;NULL;NULL;7964;5641;NULL;NULL;NULL;68;0.68;7964;NULL;"[{""anl"": """", ""bko"": """", ""brw"": 75, ""dat"": ""0001-01-01 BC"", ""gsm"": false, ""kor"": false, ""soa"": false, ""wrt"": false, ""zgr"": false, ""entw"": ""B"", ""gabe"": ""Der Gutachterausschuss für Grundstückswerte im Kreis Heinsberg"", ""jahr"": ""2025"", ""nuta"": ""W"", ""stag"": ""2022-01-01"", ""farbe"": ""6"", ""anl_txt"": ""UNDEFINED"", ""flaeche"": 7967.53073650429, ""prozent"": 100.00, ""entw_txt"": ""Baureifes Land"", ""nuta_txt"": ""Wohnbaufläche"", ""farbe_txt"": ""Außenbereich"", ""flaeche_amtl"": 7964.0}, {""anl"": """", ""bko"": """", ""brw"": 8.2, ""dat"": ""0001-01-01 BC"", ""gsm"": false, ""kor"": false, ""soa"": false, ""wrt"": false, ""zgr"": false, ""entw"": ""LF"", ""gabe"": ""Der Gutachterausschuss für Grundstückswerte im Kreis Heinsberg"", ""jahr"": ""2025"", ""nuta"": ""L"", ""stag"": ""2022-01-01"", ""farbe"": ""5"", ""anl_txt"": ""UNDEFINED"", ""flaeche"": 7967.53073650429, ""prozent"": 100.00, ""entw_txt"": ""Fläche der Land- und Forstwirtschaft"", ""nuta_txt"": ""landwirtschaftliche Fläche"", ""farbe_txt"": ""Landwirtschaft"", ""flaeche_amtl"": 7964.0}, {""anl"": """", ""bko"": """", ""brw"": 0.5, ""dat"": ""0001-01-01 BC"", ""gsm"": false, ""kor"": false, ""soa"": false, ""wrt"": false, ""zgr"": false, ""entw"": ""LF"", ""gabe"": ""Der Gutachterausschuss für Grundstückswerte im Kreis Heinsberg"", ""jahr"": ""2025"", ""nuta"": ""F"", ""stag"": ""2022-01-01"", ""farbe"": ""4"", ""anl_txt"": ""UNDEFINED"", ""flaeche"": 7967.53073650429, ""prozent"": 100.00, ""entw_txt"": ""Fläche der Land- und Forstwirtschaft"", ""nuta_txt"": ""forstwirtschaftliche Fläche"", ""farbe_txt"": ""Forstwirtschaft"", ""flaeche_amtl"": 7964.0}]";7967.53073650429;NULL
55;DENW30AL0000oiEy;05332800500329______;NULL;NULL;NULL;NULL;NULL;NULL;Rheurdt;Rheurdt;053328;"[""0533280000005""]";5;329;NULL;448.0;2023-11-30 14:47:41+01;01.01.2025;Landrat des Kreises Kleve;Abteilung 6.2 - Kataster und Vermessung;NULL;NULL;NULL;NULL;NULL;NULL;NULL;NULL;NULL;NULL;NULL;NULL;NULL;NULL;62;0.62;448;"[{""m2"": 448, ""emz"": null, ""katasterklassifikation"": ""Straßenverkehr""}]";"[{""anl"": """", ""bko"": """", ""brw"": 205, ""dat"": ""0001-01-01 BC"", ""gsm"": false, ""kor"": false, ""soa"": false, ""wrt"": false, ""zgr"": false, ""entw"": ""B"", ""gabe"": ""Der Gutachterausschuss für Grundstückswerte im Kreis Kleve"", ""jahr"": ""2025"", ""nuta"": ""W"", ""stag"": ""2022-01-01"", ""farbe"": ""1"", ""anl_txt"": ""UNDEFINED"", ""flaeche"": 447.945925374462, ""prozent"": 100.00, ""entw_txt"": ""Baureifes Land"", ""nuta_txt"": ""Wohnbaufläche"", ""farbe_txt"": ""Ein-/Zweigeschossig"", ""flaeche_amtl"": 448.0}]";447.945925374462;NULL
56;DENW43AL00002bZs;05458100900088______;NULL;NULL;NULL;NULL;NULL;NULL;Selfkant;Havert;054581;"[""0545810000518""]";9;88;NULL;5934.0;2024-02-15 07:01:13+01;01.01.2025;Landrat des Kreises Heinsberg;Vermessungs- und Katasteramt;NULL;NULL;NULL;NULL;NULL;NULL;NULL;NULL;NULL;NULL;NULL;NULL;NULL;NULL;59;0.59;5934;"[{""m2"": 790, ""emz"": null, ""katasterklassifikation"": ""Verkehrsbegleitfläche Straße""}, {""m2"": 5143, ""emz"": null, ""katasterklassifikation"": ""Straßenverkehr""}]";"[{""anl"": """", ""bko"": """", ""brw"": 135, ""dat"": ""0001-01-01 BC"", ""gsm"": false, ""kor"": false, ""soa"": false, ""wrt"": false, ""zgr"": false, ""entw"": ""B"", ""gabe"": ""Der Gutachterausschuss für Grundstückswerte im Kreis Heinsberg"", ""jahr"": ""2025"", ""nuta"": ""MD"", ""stag"": ""2022-01-01"", ""farbe"": ""1"", ""anl_txt"": ""UNDEFINED"", ""flaeche"": 3339.50614480845, ""prozent"": 56.28547207825523127300, ""entw_txt"": ""Baureifes Land"", ""nuta_txt"": ""Dorfgebiet"", ""farbe_txt"": ""Ein-/Zweigeschossig"", ""flaeche_amtl"": 3339.979913123665423739820}, {""anl"": """", ""bko"": """", ""brw"": 75, ""dat"": ""0001-01-01 BC"", ""gsm"": false, ""kor"": false, ""soa"": false, ""wrt"": false, ""zgr"": false, ""entw"": ""B"", ""gabe"": ""Der Gutachterausschuss für Grundstückswerte im Kreis Heinsberg"", ""jahr"": ""2025"", ""nuta"": ""W"", ""stag"": ""2022-01-01"", ""farbe"": ""6"", ""anl_txt"": ""UNDEFINED"", ""flaeche"": 2593.6521312193, ""prozent"": 43.71452792185971593800, ""entw_txt"": ""Baureifes Land"", ""nuta_txt"": ""Wohnbaufläche"", ""farbe_txt"": ""Außenbereich"", ""flaeche_amtl"": 2594.020086883155543760920}, {""anl"": """", ""bko"": """", ""brw"": 5.7, ""dat"": ""0001-01-01 BC"", ""gsm"": false, ""kor"": false, ""soa"": false, ""wrt"": false, ""zgr"": false, ""entw"": ""LF"", ""gabe"": ""Der Gutachterausschuss für Grundstückswerte im Kreis Heinsberg"", ""jahr"": ""2025"", ""nuta"": ""L"", ""stag"": ""2022-01-01"", ""farbe"": ""5"", ""anl_txt"": ""UNDEFINED"", ""flaeche"": 2593.6521312193, ""prozent"": 43.71452792185971593800, ""entw_txt"": ""Fläche der Land- und Forstwirtschaft"", ""nuta_txt"": ""landwirtschaftliche Fläche"", ""farbe_txt"": ""Landwirtschaft"", ""flaeche_amtl"": 2594.020086883155543760920}, {""anl"": """", ""bko"": """", ""brw"": 0.5, ""dat"": ""0001-01-01 BC"", ""gsm"": false, ""kor"": false, ""soa"": false, ""wrt"": false, ""zgr"": false, ""entw"": ""LF"", ""gabe"": ""Der Gutachterausschuss für Grundstückswerte im Kreis Heinsberg"", ""jahr"": ""2025"", ""nuta"": ""F"", ""stag"": ""2022-01-01"", ""farbe"": ""4"", ""anl_txt"": ""UNDEFINED"", ""flaeche"": 2593.6521312193, ""prozent"": 43.71452792185971593800, ""entw_txt"": ""Fläche der Land- und Forstwirtschaft"", ""nuta_txt"": ""forstwirtschaftliche Fläche"", ""farbe_txt"": ""Forstwirtschaft"", ""flaeche_amtl"": 2594.020086883155543760920}]";5933.15827602093;NULL
57;DENW19AL00005D0s;05291901501092______;NULL;Josefstraße;4;NULL;33129;Delbrück;Delbrück;Delbrück;052919;"[""0529190001358""]";15;1092;NULL;894.0;2023-12-04 14:08:55+01;01.01.2025;Landrat des Kreises Paderborn;Amt für Geoinformation, Kataster und Vermessung;NULL;NULL;NULL;NULL;NULL;NULL;NULL;NULL;NULL;NULL;NULL;NULL;NULL;NULL;38;0.38;894;"[{""m2"": 894, ""emz"": null, ""katasterklassifikation"": ""Wohnbaufläche""}]";"[{""anl"": """", ""bko"": """", ""brw"": 430, ""dat"": ""0001-01-01 BC"", ""gsm"": false, ""kor"": false, ""soa"": false, ""wrt"": false, ""zgr"": false, ""entw"": ""B"", ""gabe"": ""Der Gutachterausschuss für Grundstückswerte im Kreis Paderborn"", ""jahr"": ""2025"", ""nuta"": ""WA"", ""stag"": ""2022-01-01"", ""farbe"": ""1"", ""anl_txt"": ""UNDEFINED"", ""flaeche"": 893.02625101285, ""prozent"": 100.00, ""entw_txt"": ""Baureifes Land"", ""nuta_txt"": ""allgemeines Wohngebiet"", ""farbe_txt"": ""Ein-/Zweigeschossig"", ""flaeche_amtl"": 894.0}]";893.02625101285;NULL
58;DENW19AL00005D6e;05291901600641______;NULL;NULL;NULL;NULL;NULL;NULL;Delbrück;Delbrück;052919;"[""0529190001666""]";16;641;NULL;1964.0;2023-10-09 15:30:48+02;01.01.2025;Landrat des Kreises Paderborn;Amt für Geoinformation, Kataster und Vermessung;NULL;NULL;NULL;NULL;NULL;NULL;NULL;NULL;NULL;NULL;NULL;NULL;NULL;NULL;38;0.38;1964;"[{""m2"": 1964, ""emz"": null, ""katasterklassifikation"": ""Straßenverkehr""}]";"[{""anl"": """", ""bko"": """", ""brw"": 450, ""dat"": ""0001-01-01 BC"", ""gsm"": false, ""kor"": false, ""soa"": false, ""wrt"": false, ""zgr"": false, ""entw"": ""B"", ""gabe"": ""Der Gutachterausschuss für Grundstückswerte im Kreis Paderborn"", ""jahr"": ""2025"", ""nuta"": ""WA"", ""stag"": ""2022-01-01"", ""farbe"": ""1"", ""anl_txt"": ""UNDEFINED"", ""flaeche"": 1959.19818749707, ""prozent"": 100.00, ""entw_txt"": ""Baureifes Land"", ""nuta_txt"": ""allgemeines Wohngebiet"", ""farbe_txt"": ""Ein-/Zweigeschossig"", ""flaeche_amtl"": 1964.0}]";1959.19818749707;NULL
59;DENW42AL1000hl3d;05442304100106______;NULL;Reuterweg;11;NULL;53902;Bad Münstereifel;Bad Münstereifel;Houverath;054423;"[""0544230001497""]";41;106;NULL;726.0;2024-09-17 13:51:19+02;01.01.2025;Landrat des Kreises Euskirchen;Geoinformation, Vermessung und Kataster;NULL;NULL;NULL;NULL;NULL;NULL;NULL;NULL;NULL;NULL;NULL;NULL;NULL;NULL;36;0.36;726;"[{""m2"": 726, ""emz"": null, ""katasterklassifikation"": ""Wohnbaufläche""}]";"[{""anl"": """", ""bko"": """", ""brw"": 100, ""dat"": ""0001-01-01 BC"", ""gsm"": false, ""kor"": false, ""soa"": false, ""wrt"": false, ""zgr"": false, ""entw"": ""B"", ""gabe"": ""Der Gutachterausschuss für Grundstückswerte im Kreis Euskirchen"", ""jahr"": ""2025"", ""nuta"": ""W"", ""stag"": ""2022-01-01"", ""farbe"": ""1"", ""anl_txt"": ""UNDEFINED"", ""flaeche"": 725.847256996654, ""prozent"": 100.00, ""entw_txt"": ""Baureifes Land"", ""nuta_txt"": ""Wohnbaufläche"", ""farbe_txt"": ""Ein-/Zweigeschossig"", ""flaeche_amtl"": 726.0}]";725.847256996654;NULL
60;DENW54AL0000ksyb;05508700402971______;NULL;Am Ladestrang;4;NULL;48317;Drensteinfurt;Drensteinfurt;Drensteinfurt;055087;"[""0550870003191""]";4;2971;NULL;407.0;2023-11-17 09:51:39+01;01.01.2025;Landrat des Kreises Warendorf;Amt für Geoinformation und Kataster;NULL;NULL;NULL;NULL;NULL;NULL;NULL;NULL;NULL;NULL;NULL;NULL;NULL;NULL;45;0.45;407;"[{""m2"": 407, ""emz"": null, ""katasterklassifikation"": ""Handel und Dienstleistung""}]";"[{""anl"": """", ""bko"": """", ""brw"": 120, ""dat"": ""0001-01-01 BC"", ""gsm"": false, ""kor"": false, ""soa"": false, ""wrt"": false, ""zgr"": false, ""entw"": ""B"", ""gabe"": ""Der Gutachterausschuss für Grundstückswerte im Kreis Warendorf"", ""jahr"": ""2025"", ""nuta"": ""MI"", ""stag"": ""2022-01-01"", ""farbe"": ""2"", ""anl_txt"": ""UNDEFINED"", ""flaeche"": 406.433424005489, ""prozent"": 100.00, ""entw_txt"": ""Baureifes Land"", ""nuta_txt"": ""Mischgebiet"", ""farbe_txt"": ""Misch-/Mehrgeschossig"", ""flaeche_amtl"": 407.0}]";406.433424005489;NULL
61;DENW43AL0000olcY;05455901200323______;NULL;NULL;NULL;NULL;NULL;NULL;Geilenkirchen;Geilenkirchen;054559;"[""0545590004760""]";12;323;NULL;169.0;2024-02-14 07:46:36+01;01.01.2025;Landrat des Kreises Heinsberg;Vermessungs- und Katasteramt;NULL;NULL;NULL;NULL;NULL;NULL;NULL;NULL;NULL;NULL;NULL;NULL;NULL;NULL;68;0.68;169;"[{""m2"": 169, ""emz"": 18, ""katasterklassifikation"": ""Verkehrsbegleitfläche Straße""}]";"[{""anl"": """", ""bko"": """", ""brw"": 8.2, ""dat"": ""0001-01-01 BC"", ""gsm"": false, ""kor"": false, ""soa"": false, ""wrt"": false, ""zgr"": false, ""entw"": ""LF"", ""gabe"": ""Der Gutachterausschuss für Grundstückswerte im Kreis Heinsberg"", ""jahr"": ""2025"", ""nuta"": ""L"", ""stag"": ""2022-01-01"", ""farbe"": ""5"", ""anl_txt"": ""UNDEFINED"", ""flaeche"": 169.476095499462, ""prozent"": 100.00, ""entw_txt"": ""Fläche der Land- und Forstwirtschaft"", ""nuta_txt"": ""landwirtschaftliche Fläche"", ""farbe_txt"": ""Landwirtschaft"", ""flaeche_amtl"": 169.0}, {""anl"": """", ""bko"": """", ""brw"": 0.5, ""dat"": ""0001-01-01 BC"", ""gsm"": false, ""kor"": false, ""soa"": false, ""wrt"": false, ""zgr"": false, ""entw"": ""LF"", ""gabe"": ""Der Gutachterausschuss für Grundstückswerte im Kreis Heinsberg"", ""jahr"": ""2025"", ""nuta"": ""F"", ""stag"": ""2022-01-01"", ""farbe"": ""4"", ""anl_txt"": ""UNDEFINED"", ""flaeche"": 169.476095499462, ""prozent"": 100.00, ""entw_txt"": ""Fläche der Land- und Forstwirtschaft"", ""nuta_txt"": ""forstwirtschaftliche Fläche"", ""farbe_txt"": ""Forstwirtschaft"", ""flaeche_amtl"": 169.0}, {""anl"": """", ""bko"": """", ""brw"": 75, ""dat"": ""0001-01-01 BC"", ""gsm"": false, ""kor"": false, ""soa"": false, ""wrt"": false, ""zgr"": false, ""entw"": ""B"", ""gabe"": ""Der Gutachterausschuss für Grundstückswerte im Kreis Heinsberg"", ""jahr"": ""2025"", ""nuta"": ""W"", ""stag"": ""2022-01-01"", ""farbe"": ""6"", ""anl_txt"": ""UNDEFINED"", ""flaeche"": 169.476095499462, ""prozent"": 100.00, ""entw_txt"": ""Baureifes Land"", ""nuta_txt"": ""Wohnbaufläche"", ""farbe_txt"": ""Außenbereich"", ""flaeche_amtl"": 169.0}]";169.476095499462;NULL
62;DENW43AL0000olha;05455901300100______;NULL;NULL;NULL;NULL;NULL;NULL;Geilenkirchen;Geilenkirchen;054559;"[""0545590000254""]";13;100;NULL;6232.0;2024-02-14 07:46:36+01;01.01.2025;Landrat des Kreises Heinsberg;Vermessungs- und Katasteramt;NULL;NULL;NULL;NULL;NULL;NULL;NULL;NULL;NULL;NULL;NULL;6232;NULL;6232;68;0.68;6232;NULL;"[{""anl"": """", ""bko"": """", ""brw"": 0.5, ""dat"": ""0001-01-01 BC"", ""gsm"": false, ""kor"": false, ""soa"": false, ""wrt"": false, ""zgr"": false, ""entw"": ""LF"", ""gabe"": ""Der Gutachterausschuss für Grundstückswerte im Kreis Heinsberg"", ""jahr"": ""2025"", ""nuta"": ""F"", ""stag"": ""2022-01-01"", ""farbe"": ""4"", ""anl_txt"": ""UNDEFINED"", ""flaeche"": 6233.66545849414, ""prozent"": 100.00, ""entw_txt"": ""Fläche der Land- und Forstwirtschaft"", ""nuta_txt"": ""forstwirtschaftliche Fläche"", ""farbe_txt"": ""Forstwirtschaft"", ""flaeche_amtl"": 6232.0}, {""anl"": """", ""bko"": """", ""brw"": 8.2, ""dat"": ""0001-01-01 BC"", ""gsm"": false, ""kor"": false, ""soa"": false, ""wrt"": false, ""zgr"": false, ""entw"": ""LF"", ""gabe"": ""Der Gutachterausschuss für Grundstückswerte im Kreis Heinsberg"", ""jahr"": ""2025"", ""nuta"": ""L"", ""stag"": ""2022-01-01"", ""farbe"": ""5"", ""anl_txt"": ""UNDEFINED"", ""flaeche"": 6233.66545849414, ""prozent"": 100.00, ""entw_txt"": ""Fläche der Land- und Forstwirtschaft"", ""nuta_txt"": ""landwirtschaftliche Fläche"", ""farbe_txt"": ""Landwirtschaft"", ""flaeche_amtl"": 6232.0}, {""anl"": """", ""bko"": """", ""brw"": 75, ""dat"": ""0001-01-01 BC"", ""gsm"": false, ""kor"": false, ""soa"": false, ""wrt"": false, ""zgr"": false, ""entw"": ""B"", ""gabe"": ""Der Gutachterausschuss für Grundstückswerte im Kreis Heinsberg"", ""jahr"": ""2025"", ""nuta"": ""W"", ""stag"": ""2022-01-01"", ""farbe"": ""6"", ""anl_txt"": ""UNDEFINED"", ""flaeche"": 6233.66545849414, ""prozent"": 100.00, ""entw_txt"": ""Baureifes Land"", ""nuta_txt"": ""Wohnbaufläche"", ""farbe_txt"": ""Außenbereich"", ""flaeche_amtl"": 6232.0}]";6233.66545849414;NULL
63;DENW18AL0000kksX;05274802100188______;NULL;NULL;NULL;NULL;NULL;NULL;Hille;Hille;052748;"[""0527480000775""]";21;188;NULL;12.0;2023-12-07 18:31:29+01;01.01.2025;Landrätin des Kreises Minden-Lübbecke;Kataster- und Vermessungsamt;12;5;NULL;NULL;NULL;NULL;NULL;NULL;NULL;12;5;NULL;NULL;NULL;37;0.37;12;NULL;"[{""anl"": """", ""bko"": """", ""brw"": 4.2, ""dat"": ""0001-01-01 BC"", ""gsm"": false, ""kor"": false, ""soa"": false, ""wrt"": false, ""zgr"": false, ""entw"": ""LF"", ""gabe"": ""Der Gutachterausschuss für Grundstückswerte im Kreis Minden-Lübbecke"", ""jahr"": ""2025"", ""nuta"": ""A"", ""stag"": ""2022-01-01"", ""farbe"": ""5"", ""anl_txt"": ""UNDEFINED"", ""flaeche"": 11.0036245015742, ""prozent"": 100.00, ""entw_txt"": ""Fläche der Land- und Forstwirtschaft"", ""nuta_txt"": ""Acker"", ""farbe_txt"": ""Landwirtschaft"", ""flaeche_amtl"": 12.0}, {""anl"": """", ""bko"": """", ""brw"": 35, ""dat"": ""0001-01-01 BC"", ""gsm"": false, ""kor"": false, ""soa"": false, ""wrt"": false, ""zgr"": false, ""entw"": ""B"", ""gabe"": ""Der Gutachterausschuss für Grundstückswerte im Kreis Minden-Lübbecke"", ""jahr"": ""2025"", ""nuta"": ""W"", ""stag"": ""2022-01-01"", ""farbe"": ""6"", ""anl_txt"": ""UNDEFINED"", ""flaeche"": 11.0036245015742, ""prozent"": 100.00, ""entw_txt"": ""Baureifes Land"", ""nuta_txt"": ""Wohnbaufläche"", ""farbe_txt"": ""Außenbereich"", ""flaeche_amtl"": 12.0}, {""anl"": """", ""bko"": """", ""brw"": 1.6, ""dat"": ""0001-01-01 BC"", ""gsm"": false, ""kor"": false, ""soa"": false, ""wrt"": false, ""zgr"": false, ""entw"": ""LF"", ""gabe"": ""Der Gutachterausschuss für Grundstückswerte im Kreis Minden-Lübbecke"", ""jahr"": ""2025"", ""nuta"": ""GR"", ""stag"": ""2022-01-01"", ""farbe"": ""5"", ""anl_txt"": ""UNDEFINED"", ""flaeche"": 11.0036245015742, ""prozent"": 100.00, ""entw_txt"": ""Fläche der Land- und Forstwirtschaft"", ""nuta_txt"": ""Grünland"", ""farbe_txt"": ""Landwirtschaft"", ""flaeche_amtl"": 12.0}]";11.0036245015742;NULL
64;DENW19AL00005D6f;05291901600642______;NULL;NULL;NULL;NULL;NULL;NULL;Delbrück;Delbrück;052919;"[""0529190001666""]";16;642;NULL;1368.0;2023-10-09 15:30:48+02;01.01.2025;Landrat des Kreises Paderborn;Amt für Geoinformation, Kataster und Vermessung;NULL;NULL;NULL;NULL;NULL;NULL;NULL;NULL;NULL;NULL;NULL;NULL;NULL;NULL;38;0.38;1368;"[{""m2"": 1368, ""emz"": null, ""katasterklassifikation"": ""Straßenverkehr""}]";"[{""anl"": """", ""bko"": """", ""brw"": 450, ""dat"": ""0001-01-01 BC"", ""gsm"": false, ""kor"": false, ""soa"": false, ""wrt"": false, ""zgr"": false, ""entw"": ""B"", ""gabe"": ""Der Gutachterausschuss für Grundstückswerte im Kreis Paderborn"", ""jahr"": ""2025"", ""nuta"": ""WA"", ""stag"": ""2022-01-01"", ""farbe"": ""1"", ""anl_txt"": ""UNDEFINED"", ""flaeche"": 1366.11919950372, ""prozent"": 100.00, ""entw_txt"": ""Baureifes Land"", ""nuta_txt"": ""allgemeines Wohngebiet"", ""farbe_txt"": ""Ein-/Zweigeschossig"", ""flaeche_amtl"": 1368.0}]";1366.11919950372;NULL
65;DENW19AL00009qt3;05296701800025______;NULL;NULL;NULL;NULL;NULL;NULL;Delbrück;Westerloh;052967;"[""0529670099995""]";18;25;NULL;5093.0;2023-10-09 15:30:48+02;01.01.2025;Landrat des Kreises Paderborn;Amt für Geoinformation, Kataster und Vermessung;86;29;NULL;NULL;NULL;NULL;NULL;NULL;NULL;86;29;NULL;NULL;NULL;32;0.32;5093;"[{""m2"": 2381, ""emz"": null, ""katasterklassifikation"": ""Bach""}, {""m2"": 110, ""emz"": null, ""katasterklassifikation"": ""Weg""}, {""m2"": 2516, ""emz"": null, ""katasterklassifikation"": ""Gewässerbegleitfläche""}]";"[{""anl"": """", ""bko"": """", ""brw"": 11, ""dat"": ""0001-01-01 BC"", ""gsm"": false, ""kor"": false, ""soa"": false, ""wrt"": false, ""zgr"": false, ""entw"": ""LF"", ""gabe"": ""Der Gutachterausschuss für Grundstückswerte im Kreis Paderborn"", ""jahr"": ""2025"", ""nuta"": ""A"", ""stag"": ""2022-01-01"", ""farbe"": ""5"", ""anl_txt"": ""UNDEFINED"", ""flaeche"": 5069.04539653837, ""prozent"": 100.00, ""entw_txt"": ""Fläche der Land- und Forstwirtschaft"", ""nuta_txt"": ""Acker"", ""farbe_txt"": ""Landwirtschaft"", ""flaeche_amtl"": 5093.0}, {""anl"": """", ""bko"": """", ""brw"": 95, ""dat"": ""0001-01-01 BC"", ""gsm"": false, ""kor"": false, ""soa"": false, ""wrt"": false, ""zgr"": false, ""entw"": ""B"", ""gabe"": ""Der Gutachterausschuss für Grundstückswerte im Kreis Paderborn"", ""jahr"": ""2025"", ""nuta"": ""W"", ""stag"": ""2022-01-01"", ""farbe"": ""6"", ""anl_txt"": ""UNDEFINED"", ""flaeche"": 5069.04539653837, ""prozent"": 100.00, ""entw_txt"": ""Baureifes Land"", ""nuta_txt"": ""Wohnbaufläche"", ""farbe_txt"": ""Außenbereich"", ""flaeche_amtl"": 5093.0}, {""anl"": """", ""bko"": """", ""brw"": 4.9, ""dat"": ""0001-01-01 BC"", ""gsm"": false, ""kor"": false, ""soa"": false, ""wrt"": false, ""zgr"": false, ""entw"": ""LF"", ""gabe"": ""Der Gutachterausschuss für Grundstückswerte im Kreis Paderborn"", ""jahr"": ""2025"", ""nuta"": ""GR"", ""stag"": ""2022-01-01"", ""farbe"": ""5"", ""anl_txt"": ""UNDEFINED"", ""flaeche"": 5069.04539653837, ""prozent"": 100.00, ""entw_txt"": ""Fläche der Land- und Forstwirtschaft"", ""nuta_txt"": ""Grünland"", ""farbe_txt"": ""Landwirtschaft"", ""flaeche_amtl"": 5093.0}, {""anl"": """", ""bko"": """", ""brw"": 0.8, ""dat"": ""0001-01-01 BC"", ""gsm"": false, ""kor"": false, ""soa"": false, ""wrt"": false, ""zgr"": false, ""entw"": ""LF"", ""gabe"": ""Der Gutachterausschuss für Grundstückswerte im Kreis Paderborn"", ""jahr"": ""2025"", ""nuta"": ""F"", ""stag"": ""2022-01-01"", ""farbe"": ""4"", ""anl_txt"": ""UNDEFINED"", ""flaeche"": 5069.04539653837, ""prozent"": 100.00, ""entw_txt"": ""Fläche der Land- und Forstwirtschaft"", ""nuta_txt"": ""forstwirtschaftliche Fläche"", ""farbe_txt"": ""Forstwirtschaft"", ""flaeche_amtl"": 5093.0}]";5069.04539653837;NULL
66;DENW30AL0000Jr91;05333000700742______;NULL;NULL;NULL;NULL;NULL;NULL;Rheurdt;Schaephuysen;053330;"[""0533300000007""]";7;742;NULL;688.0;2023-11-30 14:47:41+01;01.01.2025;Landrat des Kreises Kleve;Abteilung 6.2 - Kataster und Vermessung;NULL;NULL;NULL;NULL;NULL;NULL;NULL;NULL;NULL;NULL;NULL;NULL;NULL;NULL;61;0.61;688;"[{""m2"": 688, ""emz"": null, ""katasterklassifikation"": ""Straßenverkehr""}]";"[{""anl"": """", ""bko"": """", ""brw"": 170, ""dat"": ""0001-01-01 BC"", ""gsm"": false, ""kor"": false, ""soa"": false, ""wrt"": false, ""zgr"": false, ""entw"": ""B"", ""gabe"": ""Der Gutachterausschuss für Grundstückswerte im Kreis Kleve"", ""jahr"": ""2025"", ""nuta"": ""W"", ""stag"": ""2022-01-01"", ""farbe"": ""1"", ""anl_txt"": ""UNDEFINED"", ""flaeche"": 687.067738764187, ""prozent"": 100.00, ""entw_txt"": ""Baureifes Land"", ""nuta_txt"": ""Wohnbaufläche"", ""farbe_txt"": ""Ein-/Zweigeschossig"", ""flaeche_amtl"": 688.0}]";687.067738764187;NULL
67;DENW34AL0000LZl6;05334200101514______;NULL;Flohweg;21;NULL;47506;Neukirchen-Vluyn;Neukirchen-Vluyn;Vluyn;053342;"[""0533420004199""]";1;1514;NULL;100.0;2023-12-01 08:04:56+01;01.01.2025;Landrat des Kreises Wesel;Vermessungs- und Katasteramt;NULL;NULL;NULL;NULL;NULL;NULL;NULL;NULL;NULL;NULL;NULL;NULL;NULL;NULL;55;0.55;100;"[{""m2"": 100, ""emz"": null, ""katasterklassifikation"": ""Wohnbaufläche""}]";"[{""anl"": """", ""bko"": """", ""brw"": 290, ""dat"": ""0001-01-01 BC"", ""gsm"": false, ""kor"": false, ""soa"": false, ""wrt"": false, ""zgr"": false, ""entw"": ""B"", ""gabe"": ""Der Gutachterausschuss für Grundstückswerte im Kreis Wesel"", ""jahr"": ""2025"", ""nuta"": ""WA"", ""stag"": ""2022-01-01"", ""farbe"": ""1"", ""anl_txt"": ""UNDEFINED"", ""flaeche"": 100.766224000299, ""prozent"": 100.00, ""entw_txt"": ""Baureifes Land"", ""nuta_txt"": ""allgemeines Wohngebiet"", ""farbe_txt"": ""Ein-/Zweigeschossig"", ""flaeche_amtl"": 100.0}]";100.766224000299;NULL
68;DENW53AL0000vCE8;05502706600041______;NULL;Josefshöhe;48;NULL;49479;Ibbenbüren;Ibbenbüren;Ibbenbüren;055027;"[""0550270004216""]";66;41;NULL;885.0;2023-10-24 14:20:04+02;01.01.2025;Landrat des Kreises Steinfurt;Vermessungs- und Katasteramt;NULL;NULL;NULL;NULL;NULL;NULL;NULL;NULL;NULL;NULL;NULL;NULL;NULL;NULL;34;0.34;885;"[{""m2"": 885, ""emz"": null, ""katasterklassifikation"": ""Wohnbaufläche""}]";"[{""anl"": """", ""bko"": """", ""brw"": 115, ""dat"": ""0001-01-01 BC"", ""gsm"": false, ""kor"": false, ""soa"": false, ""wrt"": false, ""zgr"": false, ""entw"": ""B"", ""gabe"": ""Der Gutachterausschuss für Grundstückswerte im Kreis Steinfurt"", ""jahr"": ""2025"", ""nuta"": ""W"", ""stag"": ""2022-01-01"", ""farbe"": ""1"", ""anl_txt"": ""UNDEFINED"", ""flaeche"": 884.396131992886, ""prozent"": 100.00, ""entw_txt"": ""Baureifes Land"", ""nuta_txt"": ""Wohnbaufläche"", ""farbe_txt"": ""Ein-/Zweigeschossig"", ""flaeche_amtl"": 885.0}]";884.396131992886;NULL
69;DENW53AL0000vCTa;05502708000046______;NULL;NULL;NULL;NULL;NULL;NULL;Ibbenbüren;Ibbenbüren;055027;"[""0550270002201""]";80;46;NULL;402.0;2023-10-24 14:20:04+02;01.01.2025;Landrat des Kreises Steinfurt;Vermessungs- und Katasteramt;NULL;NULL;NULL;NULL;NULL;NULL;NULL;NULL;NULL;NULL;NULL;NULL;402;402;34;0.34;402;NULL;"[{""anl"": """", ""bko"": """", ""brw"": 6, ""dat"": ""0001-01-01 BC"", ""gsm"": false, ""kor"": false, ""soa"": false, ""wrt"": false, ""zgr"": false, ""entw"": ""LF"", ""gabe"": ""Der Gutachterausschuss für Grundstückswerte im Kreis Steinfurt"", ""jahr"": ""2025"", ""nuta"": ""GR"", ""stag"": ""2022-01-01"", ""farbe"": ""5"", ""anl_txt"": ""UNDEFINED"", ""flaeche"": 401.932937498425, ""prozent"": 100.00, ""entw_txt"": ""Fläche der Land- und Forstwirtschaft"", ""nuta_txt"": ""Grünland"", ""farbe_txt"": ""Landwirtschaft"", ""flaeche_amtl"": 402.0}, {""anl"": """", ""bko"": """", ""brw"": 10, ""dat"": ""0001-01-01 BC"", ""gsm"": false, ""kor"": false, ""soa"": false, ""wrt"": false, ""zgr"": false, ""entw"": ""LF"", ""gabe"": ""Der Gutachterausschuss für Grundstückswerte im Kreis Steinfurt"", ""jahr"": ""2025"", ""nuta"": ""A"", ""stag"": ""2022-01-01"", ""farbe"": ""5"", ""anl_txt"": ""UNDEFINED"", ""flaeche"": 401.932937498425, ""prozent"": 100.00, ""entw_txt"": ""Fläche der Land- und Forstwirtschaft"", ""nuta_txt"": ""Acker"", ""farbe_txt"": ""Landwirtschaft"", ""flaeche_amtl"": 402.0}, {""anl"": """", ""bko"": """", ""brw"": 105, ""dat"": ""0001-01-01 BC"", ""gsm"": false, ""kor"": false, ""soa"": false, ""wrt"": false, ""zgr"": false, ""entw"": ""B"", ""gabe"": ""Der Gutachterausschuss für Grundstückswerte im Kreis Steinfurt"", ""jahr"": ""2025"", ""nuta"": ""W"", ""stag"": ""2022-01-01"", ""farbe"": ""6"", ""anl_txt"": ""UNDEFINED"", ""flaeche"": 401.932937498425, ""prozent"": 100.00, ""entw_txt"": ""Baureifes Land"", ""nuta_txt"": ""Wohnbaufläche"", ""farbe_txt"": ""Außenbereich"", ""flaeche_amtl"": 402.0}, {""anl"": """", ""bko"": """", ""brw"": 1, ""dat"": ""0001-01-01 BC"", ""gsm"": false, ""kor"": false, ""soa"": false, ""wrt"": false, ""zgr"": false, ""entw"": ""LF"", ""gabe"": ""Der Gutachterausschuss für Grundstückswerte im Kreis Steinfurt"", ""jahr"": ""2025"", ""nuta"": ""F"", ""stag"": ""2022-01-01"", ""farbe"": ""4"", ""anl_txt"": ""UNDEFINED"", ""flaeche"": 401.932937498425, ""prozent"": 100.00, ""entw_txt"": ""Fläche der Land- und Forstwirtschaft"", ""nuta_txt"": ""forstwirtschaftliche Fläche"", ""farbe_txt"": ""Forstwirtschaft"", ""flaeche_amtl"": 402.0}]";401.932937498425;NULL
70;DENW53AL0000vCcX;05502705800065______;NULL;NULL;NULL;NULL;NULL;NULL;Ibbenbüren;Ibbenbüren;055027;"[""0550270000730""]";58;65;NULL;2127.0;2023-10-24 14:20:04+02;01.01.2025;Landrat des Kreises Steinfurt;Vermessungs- und Katasteramt;2127;744;NULL;NULL;NULL;NULL;NULL;NULL;NULL;2127;744;NULL;NULL;NULL;34;0.34;2127;NULL;"[{""anl"": """", ""bko"": """", ""brw"": 6, ""dat"": ""0001-01-01 BC"", ""gsm"": false, ""kor"": false, ""soa"": false, ""wrt"": false, ""zgr"": false, ""entw"": ""LF"", ""gabe"": ""Der Gutachterausschuss für Grundstückswerte im Kreis Steinfurt"", ""jahr"": ""2025"", ""nuta"": ""GR"", ""stag"": ""2022-01-01"", ""farbe"": ""5"", ""anl_txt"": ""UNDEFINED"", ""flaeche"": 2034.21155051256, ""prozent"": 100.00, ""entw_txt"": ""Fläche der Land- und Forstwirtschaft"", ""nuta_txt"": ""Grünland"", ""farbe_txt"": ""Landwirtschaft"", ""flaeche_amtl"": 2127.0}, {""anl"": """", ""bko"": """", ""brw"": 10, ""dat"": ""0001-01-01 BC"", ""gsm"": false, ""kor"": false, ""soa"": false, ""wrt"": false, ""zgr"": false, ""entw"": ""LF"", ""gabe"": ""Der Gutachterausschuss für Grundstückswerte im Kreis Steinfurt"", ""jahr"": ""2025"", ""nuta"": ""A"", ""stag"": ""2022-01-01"", ""farbe"": ""5"", ""anl_txt"": ""UNDEFINED"", ""flaeche"": 2034.21155051256, ""prozent"": 100.00, ""entw_txt"": ""Fläche der Land- und Forstwirtschaft"", ""nuta_txt"": ""Acker"", ""farbe_txt"": ""Landwirtschaft"", ""flaeche_amtl"": 2127.0}, {""anl"": """", ""bko"": """", ""brw"": 105, ""dat"": ""0001-01-01 BC"", ""gsm"": false, ""kor"": false, ""soa"": false, ""wrt"": false, ""zgr"": false, ""entw"": ""B"", ""gabe"": ""Der Gutachterausschuss für Grundstückswerte im Kreis Steinfurt"", ""jahr"": ""2025"", ""nuta"": ""W"", ""stag"": ""2022-01-01"", ""farbe"": ""6"", ""anl_txt"": ""UNDEFINED"", ""flaeche"": 2034.21155051256, ""prozent"": 100.00, ""entw_txt"": ""Baureifes Land"", ""nuta_txt"": ""Wohnbaufläche"", ""farbe_txt"": ""Außenbereich"", ""flaeche_amtl"": 2127.0}, {""anl"": """", ""bko"": """", ""brw"": 1, ""dat"": ""0001-01-01 BC"", ""gsm"": false, ""kor"": false, ""soa"": false, ""wrt"": false, ""zgr"": false, ""entw"": ""LF"", ""gabe"": ""Der Gutachterausschuss für Grundstückswerte im Kreis Steinfurt"", ""jahr"": ""2025"", ""nuta"": ""F"", ""stag"": ""2022-01-01"", ""farbe"": ""4"", ""anl_txt"": ""UNDEFINED"", ""flaeche"": 2034.21155051256, ""prozent"": 100.00, ""entw_txt"": ""Fläche der Land- und Forstwirtschaft"", ""nuta_txt"": ""forstwirtschaftliche Fläche"", ""farbe_txt"": ""Forstwirtschaft"", ""flaeche_amtl"": 2127.0}]";2034.21155051256;NULL
71;DENW53AL0000vCeq;05502705800080______;NULL;NULL;NULL;NULL;NULL;NULL;Ibbenbüren;Ibbenbüren;055027;"[""0550270009058""]";58;80;NULL;115.0;2024-02-13 07:03:33+01;01.01.2025;Landrat des Kreises Steinfurt;Vermessungs- und Katasteramt;NULL;NULL;NULL;NULL;NULL;NULL;NULL;NULL;NULL;NULL;NULL;NULL;NULL;NULL;34;0.34;115;"[{""m2"": 43, ""emz"": null, ""katasterklassifikation"": ""Gewässerbegleitfläche""}, {""m2"": 1, ""emz"": null, ""katasterklassifikation"": ""Graben""}, {""m2"": 71, ""emz"": null, ""katasterklassifikation"": ""Weg""}]";"[{""anl"": """", ""bko"": """", ""brw"": 6, ""dat"": ""0001-01-01 BC"", ""gsm"": false, ""kor"": false, ""soa"": false, ""wrt"": false, ""zgr"": false, ""entw"": ""LF"", ""gabe"": ""Der Gutachterausschuss für Grundstückswerte im Kreis Steinfurt"", ""jahr"": ""2025"", ""nuta"": ""GR"", ""stag"": ""2022-01-01"", ""farbe"": ""5"", ""anl_txt"": ""UNDEFINED"", ""flaeche"": 132.979427004818, ""prozent"": 100.00, ""entw_txt"": ""Fläche der Land- und Forstwirtschaft"", ""nuta_txt"": ""Grünland"", ""farbe_txt"": ""Landwirtschaft"", ""flaeche_amtl"": 115.0}, {""anl"": """", ""bko"": """", ""brw"": 10, ""dat"": ""0001-01-01 BC"", ""gsm"": false, ""kor"": false, ""soa"": false, ""wrt"": false, ""zgr"": false, ""entw"": ""LF"", ""gabe"": ""Der Gutachterausschuss für Grundstückswerte im Kreis Steinfurt"", ""jahr"": ""2025"", ""nuta"": ""A"", ""stag"": ""2022-01-01"", ""farbe"": ""5"", ""anl_txt"": ""UNDEFINED"", ""flaeche"": 132.979427004818, ""prozent"": 100.00, ""entw_txt"": ""Fläche der Land- und Forstwirtschaft"", ""nuta_txt"": ""Acker"", ""farbe_txt"": ""Landwirtschaft"", ""flaeche_amtl"": 115.0}, {""anl"": """", ""bko"": """", ""brw"": 105, ""dat"": ""0001-01-01 BC"", ""gsm"": false, ""kor"": false, ""soa"": false, ""wrt"": false, ""zgr"": false, ""entw"": ""B"", ""gabe"": ""Der Gutachterausschuss für Grundstückswerte im Kreis Steinfurt"", ""jahr"": ""2025"", ""nuta"": ""W"", ""stag"": ""2022-01-01"", ""farbe"": ""6"", ""anl_txt"": ""UNDEFINED"", ""flaeche"": 132.979427004818, ""prozent"": 100.00, ""entw_txt"": ""Baureifes Land"", ""nuta_txt"": ""Wohnbaufläche"", ""farbe_txt"": ""Außenbereich"", ""flaeche_amtl"": 115.0}, {""anl"": """", ""bko"": """", ""brw"": 1, ""dat"": ""0001-01-01 BC"", ""gsm"": false, ""kor"": false, ""soa"": false, ""wrt"": false, ""zgr"": false, ""entw"": ""LF"", ""gabe"": ""Der Gutachterausschuss für Grundstückswerte im Kreis Steinfurt"", ""jahr"": ""2025"", ""nuta"": ""F"", ""stag"": ""2022-01-01"", ""farbe"": ""4"", ""anl_txt"": ""UNDEFINED"", ""flaeche"": 132.979427004818, ""prozent"": 100.00, ""entw_txt"": ""Fläche der Land- und Forstwirtschaft"", ""nuta_txt"": ""forstwirtschaftliche Fläche"", ""farbe_txt"": ""Forstwirtschaft"", ""flaeche_amtl"": 115.0}]";132.979427004818;NULL
72;DENW16AL0000cXQi;052413005002410056__;NULL;NULL;NULL;NULL;NULL;NULL;Höxter;Stahle;052413;"[""0524130001205""]";5;241;56;138.0;2023-11-14 10:05:58+01;01.01.2025;Landrat des Kreises Höxter;Kataster und Vermessung;NULL;NULL;NULL;NULL;NULL;NULL;NULL;NULL;NULL;NULL;NULL;NULL;NULL;NULL;60;0.60;138;"[{""m2"": 138, ""emz"": null, ""katasterklassifikation"": ""Weg""}]";"[{""anl"": """", ""bko"": """", ""brw"": 3.1, ""dat"": ""0001-01-01 BC"", ""gsm"": false, ""kor"": false, ""soa"": false, ""wrt"": false, ""zgr"": false, ""entw"": ""LF"", ""gabe"": ""Der Gutachterausschuss für Grundstückswerte im Kreis Höxter"", ""jahr"": ""2025"", ""nuta"": ""A"", ""stag"": ""2022-01-01"", ""farbe"": ""5"", ""anl_txt"": ""UNDEFINED"", ""flaeche"": 91.9163200019946, ""prozent"": 100.00, ""entw_txt"": ""Fläche der Land- und Forstwirtschaft"", ""nuta_txt"": ""Acker"", ""farbe_txt"": ""Landwirtschaft"", ""flaeche_amtl"": 138.0}, {""anl"": """", ""bko"": """", ""brw"": 2, ""dat"": ""0001-01-01 BC"", ""gsm"": false, ""kor"": false, ""soa"": false, ""wrt"": false, ""zgr"": false, ""entw"": ""LF"", ""gabe"": ""Der Gutachterausschuss für Grundstückswerte im Kreis Höxter"", ""jahr"": ""2025"", ""nuta"": ""GR"", ""stag"": ""2022-01-01"", ""farbe"": ""5"", ""anl_txt"": ""UNDEFINED"", ""flaeche"": 91.9163200019946, ""prozent"": 100.00, ""entw_txt"": ""Fläche der Land- und Forstwirtschaft"", ""nuta_txt"": ""Grünland"", ""farbe_txt"": ""Landwirtschaft"", ""flaeche_amtl"": 138.0}, {""anl"": """", ""bko"": """", ""brw"": 0.6, ""dat"": ""0001-01-01 BC"", ""gsm"": false, ""kor"": false, ""soa"": false, ""wrt"": false, ""zgr"": false, ""entw"": ""LF"", ""gabe"": ""Der Gutachterausschuss für Grundstückswerte im Kreis Höxter"", ""jahr"": ""2025"", ""nuta"": ""F"", ""stag"": ""2022-01-01"", ""farbe"": ""4"", ""anl_txt"": ""UNDEFINED"", ""flaeche"": 91.9163200019946, ""prozent"": 100.00, ""entw_txt"": ""Fläche der Land- und Forstwirtschaft"", ""nuta_txt"": ""forstwirtschaftliche Fläche"", ""farbe_txt"": ""Forstwirtschaft"", ""flaeche_amtl"": 138.0}, {""anl"": """", ""bko"": """", ""brw"": 10, ""dat"": ""0001-01-01 BC"", ""gsm"": false, ""kor"": false, ""soa"": false, ""wrt"": false, ""zgr"": false, ""entw"": ""B"", ""gabe"": ""Der Gutachterausschuss für Grundstückswerte im Kreis Höxter"", ""jahr"": ""2025"", ""nuta"": ""G"", ""stag"": ""2022-01-01"", ""farbe"": ""6"", ""anl_txt"": ""UNDEFINED"", ""flaeche"": 91.9163200019946, ""prozent"": 100.00, ""entw_txt"": ""Baureifes Land"", ""nuta_txt"": ""gewerbliche Baufläche"", ""farbe_txt"": ""Außenbereich"", ""flaeche_amtl"": 138.0}, {""anl"": """", ""bko"": """", ""brw"": 24, ""dat"": ""0001-01-01 BC"", ""gsm"": false, ""kor"": false, ""soa"": false, ""wrt"": false, ""zgr"": false, ""entw"": ""B"", ""gabe"": ""Der Gutachterausschuss für Grundstückswerte im Kreis Höxter"", ""jahr"": ""2025"", ""nuta"": ""W"", ""stag"": ""2022-01-01"", ""farbe"": ""6"", ""anl_txt"": ""UNDEFINED"", ""flaeche"": 91.9163200019946, ""prozent"": 100.00, ""entw_txt"": ""Baureifes Land"", ""nuta_txt"": ""Wohnbaufläche"", ""farbe_txt"": ""Außenbereich"", ""flaeche_amtl"": 138.0}]";91.9163200019946;NULL
73;DENW53AL0000aDOf;05520501400287______;NULL;NULL;NULL;NULL;NULL;NULL;Rheine;Rheine l.d. Ems;055205;"[""0552050002414""]";14;287;NULL;11893.0;2023-10-24 14:20:04+02;01.01.2025;Landrat des Kreises Steinfurt;Vermessungs- und Katasteramt;NULL;NULL;NULL;NULL;NULL;NULL;NULL;NULL;NULL;NULL;NULL;NULL;536;536;31;0.31;11893;"[{""m2"": 5348, ""emz"": null, ""katasterklassifikation"": ""Weg""}, {""m2"": 1722, ""emz"": null, ""katasterklassifikation"": ""Graben""}, {""m2"": 4286, ""emz"": null, ""katasterklassifikation"": ""Weg""}]";"[{""anl"": """", ""bko"": """", ""brw"": 10.5, ""dat"": ""0001-01-01 BC"", ""gsm"": false, ""kor"": false, ""soa"": false, ""wrt"": false, ""zgr"": false, ""entw"": ""LF"", ""gabe"": ""Der Gutachterausschuss für Grundstückswerte in der Stadt Rheine"", ""jahr"": ""2025"", ""nuta"": ""A"", ""stag"": ""2022-01-01"", ""farbe"": ""5"", ""anl_txt"": ""UNDEFINED"", ""flaeche"": 11810.5331440011, ""prozent"": 100.00, ""entw_txt"": ""Fläche der Land- und Forstwirtschaft"", ""nuta_txt"": ""Acker"", ""farbe_txt"": ""Landwirtschaft"", ""flaeche_amtl"": 11893.0}, {""anl"": """", ""bko"": """", ""brw"": 95, ""dat"": ""0001-01-01 BC"", ""gsm"": false, ""kor"": false, ""soa"": false, ""wrt"": false, ""zgr"": false, ""entw"": ""B"", ""gabe"": ""Der Gutachterausschuss für Grundstückswerte in der Stadt Rheine"", ""jahr"": ""2025"", ""nuta"": ""W"", ""stag"": ""2022-01-01"", ""farbe"": ""6"", ""anl_txt"": ""UNDEFINED"", ""flaeche"": 11810.5331440011, ""prozent"": 100.00, ""entw_txt"": ""Baureifes Land"", ""nuta_txt"": ""Wohnbaufläche"", ""farbe_txt"": ""Außenbereich"", ""flaeche_amtl"": 11893.0}, {""anl"": """", ""bko"": """", ""brw"": 1.1, ""dat"": ""0001-01-01 BC"", ""gsm"": false, ""kor"": false, ""soa"": false, ""wrt"": false, ""zgr"": false, ""entw"": ""LF"", ""gabe"": ""Der Gutachterausschuss für Grundstückswerte in der Stadt Rheine"", ""jahr"": ""2025"", ""nuta"": ""F"", ""stag"": ""2022-01-01"", ""farbe"": ""4"", ""anl_txt"": ""UNDEFINED"", ""flaeche"": 11810.5331440011, ""prozent"": 100.00, ""entw_txt"": ""Fläche der Land- und Forstwirtschaft"", ""nuta_txt"": ""forstwirtschaftliche Fläche"", ""farbe_txt"": ""Forstwirtschaft"", ""flaeche_amtl"": 11893.0}]";11810.5331440011;NULL
74;DENW34AL0000Yts1;05331801100477______;NULL;NULL;NULL;NULL;NULL;NULL;Neukirchen-Vluyn;Neukirchen;053318;"[""0533180000011""]";11;477;NULL;3110.0;2023-12-01 08:04:56+01;01.01.2025;Landrat des Kreises Wesel;Vermessungs- und Katasteramt;NULL;NULL;NULL;NULL;NULL;NULL;NULL;NULL;NULL;NULL;NULL;NULL;NULL;NULL;58;0.58;3110;"[{""m2"": 3110, ""emz"": null, ""katasterklassifikation"": ""Straßenverkehr""}]";"[{""anl"": """", ""bko"": """", ""brw"": 235, ""dat"": ""0001-01-01 BC"", ""gsm"": false, ""kor"": false, ""soa"": false, ""wrt"": false, ""zgr"": false, ""entw"": ""B"", ""gabe"": ""Der Gutachterausschuss für Grundstückswerte im Kreis Wesel"", ""jahr"": ""2025"", ""nuta"": ""W"", ""stag"": ""2022-01-01"", ""farbe"": ""1"", ""anl_txt"": ""UNDEFINED"", ""flaeche"": 3114.82529299407, ""prozent"": 100.00, ""entw_txt"": ""Baureifes Land"", ""nuta_txt"": ""Wohnbaufläche"", ""farbe_txt"": ""Ein-/Zweigeschossig"", ""flaeche_amtl"": 3110.0}]";3114.82529299407;NULL
75;DENW19AL00000eUH;05290700700864______;NULL;NULL;NULL;NULL;NULL;NULL;Bad Lippspringe;Bad Lippspringe;052907;"[""0529070006479""]";7;864;NULL;13074.0;2024-02-12 12:18:20+01;01.01.2025;Landrat des Kreises Paderborn;Amt für Geoinformation, Kataster und Vermessung;NULL;NULL;NULL;NULL;NULL;NULL;NULL;NULL;NULL;NULL;NULL;NULL;NULL;NULL;41;0.41;13074;"[{""m2"": 6548, ""emz"": 1621, ""katasterklassifikation"": ""Verkehrsbegleitfläche Straße""}, {""m2"": 6466, ""emz"": 1593, ""katasterklassifikation"": ""Straßenverkehr""}, {""m2"": 61, ""emz"": null, ""katasterklassifikation"": ""Weg""}]";"[{""anl"": """", ""bko"": """", ""brw"": 4.5, ""dat"": ""0001-01-01 BC"", ""gsm"": false, ""kor"": false, ""soa"": false, ""wrt"": false, ""zgr"": false, ""entw"": ""LF"", ""gabe"": ""Der Gutachterausschuss für Grundstückswerte im Kreis Paderborn"", ""jahr"": ""2025"", ""nuta"": ""GR"", ""stag"": ""2022-01-01"", ""farbe"": ""5"", ""anl_txt"": ""UNDEFINED"", ""flaeche"": 13063.4797239961, ""prozent"": 100.00, ""entw_txt"": ""Fläche der Land- und Forstwirtschaft"", ""nuta_txt"": ""Grünland"", ""farbe_txt"": ""Landwirtschaft"", ""flaeche_amtl"": 13074.0}, {""anl"": """", ""bko"": """", ""brw"": 185, ""dat"": ""0001-01-01 BC"", ""gsm"": false, ""kor"": false, ""soa"": false, ""wrt"": false, ""zgr"": false, ""entw"": ""B"", ""gabe"": ""Der Gutachterausschuss für Grundstückswerte im Kreis Paderborn"", ""jahr"": ""2025"", ""nuta"": ""W"", ""stag"": ""2022-01-01"", ""farbe"": ""6"", ""anl_txt"": ""UNDEFINED"", ""flaeche"": 13063.4797239961, ""prozent"": 100.00, ""entw_txt"": ""Baureifes Land"", ""nuta_txt"": ""Wohnbaufläche"", ""farbe_txt"": ""Außenbereich"", ""flaeche_amtl"": 13074.0}, {""anl"": """", ""bko"": """", ""brw"": 0.8, ""dat"": ""0001-01-01 BC"", ""gsm"": false, ""kor"": false, ""soa"": false, ""wrt"": false, ""zgr"": false, ""entw"": ""LF"", ""gabe"": ""Der Gutachterausschuss für Grundstückswerte im Kreis Paderborn"", ""jahr"": ""2025"", ""nuta"": ""F"", ""stag"": ""2022-01-01"", ""farbe"": ""4"", ""anl_txt"": ""UNDEFINED"", ""flaeche"": 13063.4797239961, ""prozent"": 100.00, ""entw_txt"": ""Fläche der Land- und Forstwirtschaft"", ""nuta_txt"": ""forstwirtschaftliche Fläche"", ""farbe_txt"": ""Forstwirtschaft"", ""flaeche_amtl"": 13074.0}, {""anl"": """", ""bko"": """", ""brw"": 8.5, ""dat"": ""0001-01-01 BC"", ""gsm"": false, ""kor"": false, ""soa"": false, ""wrt"": false, ""zgr"": false, ""entw"": ""LF"", ""gabe"": ""Der Gutachterausschuss für Grundstückswerte im Kreis Paderborn"", ""jahr"": ""2025"", ""nuta"": ""A"", ""stag"": ""2022-01-01"", ""farbe"": ""5"", ""anl_txt"": ""UNDEFINED"", ""flaeche"": 13063.4797239961, ""prozent"": 100.00, ""entw_txt"": ""Fläche der Land- und Forstwirtschaft"", ""nuta_txt"": ""Acker"", ""farbe_txt"": ""Landwirtschaft"", ""flaeche_amtl"": 13074.0}]";13063.4797239961;NULL
76;DENW53AL0000dPSh;05520403000442______;NULL;NULL;NULL;NULL;NULL;NULL;Rheine;Rheine r.d. Ems;055204;"[""0552040002330""]";30;442;NULL;5499.0;2023-10-24 14:20:04+02;01.01.2025;Landrat des Kreises Steinfurt;Vermessungs- und Katasteramt;NULL;NULL;NULL;NULL;NULL;NULL;NULL;NULL;NULL;NULL;NULL;NULL;NULL;NULL;27;0.27;5499;"[{""m2"": 1099, ""emz"": null, ""katasterklassifikation"": ""Weg""}, {""m2"": 4400, ""emz"": null, ""katasterklassifikation"": ""Straßenverkehr""}]";"[{""anl"": """", ""bko"": """", ""brw"": 40, ""dat"": ""0001-01-01 BC"", ""gsm"": false, ""kor"": false, ""soa"": false, ""wrt"": false, ""zgr"": false, ""entw"": ""B"", ""gabe"": ""Der Gutachterausschuss für Grundstückswerte in der Stadt Rheine"", ""jahr"": ""2025"", ""nuta"": ""G"", ""stag"": ""2022-01-01"", ""farbe"": ""3"", ""anl_txt"": ""UNDEFINED"", ""flaeche"": 5496.13989551347, ""prozent"": 100.00, ""entw_txt"": ""Baureifes Land"", ""nuta_txt"": ""gewerbliche Baufläche"", ""farbe_txt"": ""Gewerbe/Industrie/Sondergebiete"", ""flaeche_amtl"": 5499.0}]";5496.13989551347;NULL
77;DENW53AL0000dPcx;05520401800271______;NULL;NULL;NULL;NULL;NULL;NULL;Rheine;Rheine r.d. Ems;055204;"[""0552040000406""]";18;271;NULL;32646.0;2023-10-24 14:20:04+02;01.01.2025;Landrat des Kreises Steinfurt;Vermessungs- und Katasteramt;NULL;NULL;NULL;NULL;NULL;NULL;NULL;NULL;NULL;NULL;NULL;NULL;NULL;NULL;27;0.27;32646;"[{""m2"": 650, ""emz"": null, ""katasterklassifikation"": ""Graben""}, {""m2"": 0, ""emz"": null, ""katasterklassifikation"": ""Weg""}, {""m2"": 12304, ""emz"": null, ""katasterklassifikation"": ""Verkehrsbegleitfläche Straße""}, {""m2"": 13284, ""emz"": null, ""katasterklassifikation"": ""Straßenverkehr""}, {""m2"": 5025, ""emz"": null, ""katasterklassifikation"": ""Weg""}, {""m2"": 1383, ""emz"": null, ""katasterklassifikation"": ""Gewässerbegleitfläche""}]";"[{""anl"": """", ""bko"": """", ""brw"": 10.5, ""dat"": ""0001-01-01 BC"", ""gsm"": false, ""kor"": false, ""soa"": false, ""wrt"": false, ""zgr"": false, ""entw"": ""LF"", ""gabe"": ""Der Gutachterausschuss für Grundstückswerte in der Stadt Rheine"", ""jahr"": ""2025"", ""nuta"": ""A"", ""stag"": ""2022-01-01"", ""farbe"": ""5"", ""anl_txt"": ""UNDEFINED"", ""flaeche"": 32650.1378006688, ""prozent"": 100.00, ""entw_txt"": ""Fläche der Land- und Forstwirtschaft"", ""nuta_txt"": ""Acker"", ""farbe_txt"": ""Landwirtschaft"", ""flaeche_amtl"": 32646.0}, {""anl"": """", ""bko"": """", ""brw"": 1.1, ""dat"": ""0001-01-01 BC"", ""gsm"": false, ""kor"": false, ""soa"": false, ""wrt"": false, ""zgr"": false, ""entw"": ""LF"", ""gabe"": ""Der Gutachterausschuss für Grundstückswerte in der Stadt Rheine"", ""jahr"": ""2025"", ""nuta"": ""F"", ""stag"": ""2022-01-01"", ""farbe"": ""4"", ""anl_txt"": ""UNDEFINED"", ""flaeche"": 32650.1378006688, ""prozent"": 100.00, ""entw_txt"": ""Fläche der Land- und Forstwirtschaft"", ""nuta_txt"": ""forstwirtschaftliche Fläche"", ""farbe_txt"": ""Forstwirtschaft"", ""flaeche_amtl"": 32646.0}, {""anl"": """", ""bko"": """", ""brw"": 95, ""dat"": ""0001-01-01 BC"", ""gsm"": false, ""kor"": false, ""soa"": false, ""wrt"": false, ""zgr"": false, ""entw"": ""B"", ""gabe"": ""Der Gutachterausschuss für Grundstückswerte in der Stadt Rheine"", ""jahr"": ""2025"", ""nuta"": ""W"", ""stag"": ""2022-01-01"", ""farbe"": ""6"", ""anl_txt"": ""UNDEFINED"", ""flaeche"": 32650.1378006688, ""prozent"": 100.00, ""entw_txt"": ""Baureifes Land"", ""nuta_txt"": ""Wohnbaufläche"", ""farbe_txt"": ""Außenbereich"", ""flaeche_amtl"": 32646.0}]";32650.1378006688;NULL
78;DENW34AL00005e2s;05332402000267______;NULL;NULL;NULL;NULL;NULL;NULL;Moers;Repelen;053324;"[""0533240002955""]";20;267;NULL;565.0;2023-12-01 08:04:56+01;01.01.2025;Landrat des Kreises Wesel;Vermessungs- und Katasteramt;NULL;NULL;NULL;NULL;NULL;NULL;NULL;NULL;NULL;NULL;NULL;NULL;NULL;NULL;51;0.51;565;"[{""m2"": 565, ""emz"": null, ""katasterklassifikation"": ""Straßenverkehr""}]";"[{""anl"": """", ""bko"": """", ""brw"": 330, ""dat"": ""0001-01-01 BC"", ""gsm"": false, ""kor"": false, ""soa"": false, ""wrt"": false, ""zgr"": false, ""entw"": ""B"", ""gabe"": ""Der Gutachterausschuss für Grundstückswerte in der Stadt Moers"", ""jahr"": ""2025"", ""nuta"": ""W"", ""stag"": ""2022-01-01"", ""farbe"": ""1"", ""anl_txt"": ""UNDEFINED"", ""flaeche"": 564.600997139243, ""prozent"": 100.00, ""entw_txt"": ""Baureifes Land"", ""nuta_txt"": ""Wohnbaufläche"", ""farbe_txt"": ""Ein-/Zweigeschossig"", ""flaeche_amtl"": 565.0}]";564.600997139243;NULL
79;DENW53AL0000pcK9;05526103100054______;NULL;NULL;NULL;NULL;NULL;NULL;Hörstel;Hörstel;055261;"[""0552610003474""]";31;54;NULL;32122.0;2023-10-24 14:20:04+02;01.01.2025;Landrat des Kreises Steinfurt;Vermessungs- und Katasteramt;NULL;NULL;NULL;NULL;NULL;NULL;NULL;NULL;NULL;NULL;NULL;NULL;NULL;NULL;26;0.26;32122;"[{""m2"": 10368, ""emz"": null, ""katasterklassifikation"": ""Straßenverkehr""}, {""m2"": 7, ""emz"": null, ""katasterklassifikation"": ""Weg""}, {""m2"": 3212, ""emz"": null, ""katasterklassifikation"": ""Weg""}, {""m2"": 18169, ""emz"": null, ""katasterklassifikation"": ""Verkehrsbegleitfläche Straße""}, {""m2"": 369, ""emz"": null, ""katasterklassifikation"": ""Graben""}]";"[{""anl"": """", ""bko"": """", ""brw"": 1, ""dat"": ""0001-01-01 BC"", ""gsm"": false, ""kor"": false, ""soa"": false, ""wrt"": false, ""zgr"": false, ""entw"": ""LF"", ""gabe"": ""Der Gutachterausschuss für Grundstückswerte im Kreis Steinfurt"", ""jahr"": ""2025"", ""nuta"": ""F"", ""stag"": ""2022-01-01"", ""farbe"": ""4"", ""anl_txt"": ""UNDEFINED"", ""flaeche"": 32108.3018210161, ""prozent"": 100.00, ""entw_txt"": ""Fläche der Land- und Forstwirtschaft"", ""nuta_txt"": ""forstwirtschaftliche Fläche"", ""farbe_txt"": ""Forstwirtschaft"", ""flaeche_amtl"": 32122.0}, {""anl"": """", ""bko"": """", ""brw"": 10, ""dat"": ""0001-01-01 BC"", ""gsm"": false, ""kor"": false, ""soa"": false, ""wrt"": false, ""zgr"": false, ""entw"": ""LF"", ""gabe"": ""Der Gutachterausschuss für Grundstückswerte im Kreis Steinfurt"", ""jahr"": ""2025"", ""nuta"": ""A"", ""stag"": ""2022-01-01"", ""farbe"": ""5"", ""anl_txt"": ""UNDEFINED"", ""flaeche"": 32108.3018210161, ""prozent"": 100.00, ""entw_txt"": ""Fläche der Land- und Forstwirtschaft"", ""nuta_txt"": ""Acker"", ""farbe_txt"": ""Landwirtschaft"", ""flaeche_amtl"": 32122.0}, {""anl"": """", ""bko"": """", ""brw"": 65, ""dat"": ""0001-01-01 BC"", ""gsm"": false, ""kor"": false, ""soa"": false, ""wrt"": false, ""zgr"": false, ""entw"": ""B"", ""gabe"": ""Der Gutachterausschuss für Grundstückswerte im Kreis Steinfurt"", ""jahr"": ""2025"", ""nuta"": ""W"", ""stag"": ""2022-01-01"", ""farbe"": ""6"", ""anl_txt"": ""UNDEFINED"", ""flaeche"": 32108.3018210161, ""prozent"": 100.00, ""entw_txt"": ""Baureifes Land"", ""nuta_txt"": ""Wohnbaufläche"", ""farbe_txt"": ""Außenbereich"", ""flaeche_amtl"": 32122.0}, {""anl"": """", ""bko"": """", ""brw"": 4.5, ""dat"": ""0001-01-01 BC"", ""gsm"": false, ""kor"": false, ""soa"": false, ""wrt"": false, ""zgr"": false, ""entw"": ""LF"", ""gabe"": ""Der Gutachterausschuss für Grundstückswerte im Kreis Steinfurt"", ""jahr"": ""2025"", ""nuta"": ""GR"", ""stag"": ""2022-01-01"", ""farbe"": ""5"", ""anl_txt"": ""UNDEFINED"", ""flaeche"": 32108.3018210161, ""prozent"": 100.00, ""entw_txt"": ""Fläche der Land- und Forstwirtschaft"", ""nuta_txt"": ""Grünland"", ""farbe_txt"": ""Landwirtschaft"", ""flaeche_amtl"": 32122.0}]";32108.3018210161;NULL
80;DENW34AL0001SNMa;05331300701474______;NULL;NULL;NULL;NULL;NULL;NULL;Moers;Asberg;053313;"[""0533130005390""]";7;1474;NULL;26.0;2023-12-01 08:04:56+01;01.01.2025;Landrat des Kreises Wesel;Vermessungs- und Katasteramt;NULL;NULL;NULL;NULL;NULL;NULL;NULL;NULL;NULL;NULL;NULL;NULL;NULL;NULL;46;0.46;26;"[{""m2"": 26, ""emz"": null, ""katasterklassifikation"": ""Wohnbaufläche""}]";"[{""anl"": """", ""bko"": """", ""brw"": 300, ""dat"": ""0001-01-01 BC"", ""gsm"": false, ""kor"": false, ""soa"": false, ""wrt"": false, ""zgr"": false, ""entw"": ""B"", ""gabe"": ""Der Gutachterausschuss für Grundstückswerte in der Stadt Moers"", ""jahr"": ""2025"", ""nuta"": ""W"", ""stag"": ""2022-01-01"", ""farbe"": ""1"", ""anl_txt"": ""UNDEFINED"", ""flaeche"": 25.7958799984662, ""prozent"": 100.00, ""entw_txt"": ""Baureifes Land"", ""nuta_txt"": ""Wohnbaufläche"", ""farbe_txt"": ""Ein-/Zweigeschossig"", ""flaeche_amtl"": 26.0}]";25.7958799984662;NULL
81;DENW43AL0000xPUL;05452100200398______;NULL;Bahnstraße;30;b;41836;Hückelhoven;Hückelhoven;Baal;054521;"[""054521000536B""]";2;398;NULL;605.0;2024-01-30 07:52:36+01;01.01.2025;Landrat des Kreises Heinsberg;Vermessungs- und Katasteramt;NULL;NULL;NULL;NULL;NULL;NULL;NULL;NULL;NULL;NULL;NULL;NULL;NULL;NULL;59;0.59;605;"[{""m2"": 605, ""emz"": null, ""katasterklassifikation"": ""Wohnbaufläche""}]";"[{""anl"": """", ""bko"": """", ""brw"": 180, ""dat"": ""0001-01-01 BC"", ""gsm"": false, ""kor"": false, ""soa"": false, ""wrt"": false, ""zgr"": false, ""entw"": ""B"", ""gabe"": ""Der Gutachterausschuss für Grundstückswerte im Kreis Heinsberg"", ""jahr"": ""2025"", ""nuta"": ""MD"", ""stag"": ""2022-01-01"", ""farbe"": ""1"", ""anl_txt"": ""UNDEFINED"", ""flaeche"": 604.684458500803, ""prozent"": 100.00, ""entw_txt"": ""Baureifes Land"", ""nuta_txt"": ""Dorfgebiet"", ""farbe_txt"": ""Ein-/Zweigeschossig"", ""flaeche_amtl"": 605.0}]";604.684458500803;NULL
82;DENW43AL0000zmrt;05452403601080______;NULL;NULL;NULL;NULL;NULL;NULL;Hückelhoven;Hückelhoven-Ratheim;054524;"[""0545240009836""]";36;1080;NULL;0.01;2024-02-16 07:08:49+01;01.01.2025;Landrat des Kreises Heinsberg;Vermessungs- und Katasteramt;NULL;NULL;NULL;NULL;NULL;NULL;NULL;NULL;NULL;NULL;NULL;NULL;NULL;NULL;65;0.65;0;"[{""m2"": 0, ""emz"": null, ""katasterklassifikation"": ""Straßenverkehr""}]";"[{""anl"": """", ""bko"": """", ""brw"": 340, ""dat"": ""0001-01-01 BC"", ""gsm"": false, ""kor"": false, ""soa"": false, ""wrt"": false, ""zgr"": false, ""entw"": ""B"", ""gabe"": ""Der Gutachterausschuss für Grundstückswerte im Kreis Heinsberg"", ""jahr"": ""2025"", ""nuta"": ""MK"", ""stag"": ""2022-01-01"", ""farbe"": ""2"", ""anl_txt"": ""UNDEFINED"", ""flaeche"": 0.00733290957022449, ""prozent"": 60.47760469736633542000, ""entw_txt"": ""Baureifes Land"", ""nuta_txt"": ""Kerngebiet"", ""farbe_txt"": ""Misch-/Mehrgeschossig"", ""flaeche_amtl"": 0.0060477604697366335420}, {""anl"": """", ""bko"": """", ""brw"": 180, ""dat"": ""0001-01-01 BC"", ""gsm"": false, ""kor"": false, ""soa"": false, ""wrt"": false, ""zgr"": false, ""entw"": ""B"", ""gabe"": ""Der Gutachterausschuss für Grundstückswerte im Kreis Heinsberg"", ""jahr"": ""2025"", ""nuta"": ""SO"", ""stag"": ""2022-01-01"", ""farbe"": ""3"", ""anl_txt"": ""UNDEFINED"", ""flaeche"": 0.00479209044527432, ""prozent"": 39.52239542133807694000, ""entw_txt"": ""Baureifes Land"", ""nuta_txt"": ""sonstige Sondergebiete"", ""farbe_txt"": ""Gewerbe/Industrie/Sondergebiete"", ""flaeche_amtl"": 0.0039522395421338076940}]";0.0121250000011059;NULL
83;DENW53AL0000vCfi;05502705900140______;NULL;NULL;NULL;NULL;NULL;NULL;Ibbenbüren;Ibbenbüren;055027;"[""0550270000948""]";59;140;NULL;49264.0;2023-10-24 14:20:04+02;01.01.2025;Landrat des Kreises Steinfurt;Vermessungs- und Katasteramt;49264;11288;NULL;NULL;NULL;NULL;NULL;NULL;NULL;49264;11288;NULL;NULL;NULL;34;0.34;49264;NULL;"[{""anl"": """", ""bko"": """", ""brw"": 1, ""dat"": ""0001-01-01 BC"", ""gsm"": false, ""kor"": false, ""soa"": false, ""wrt"": false, ""zgr"": false, ""entw"": ""LF"", ""gabe"": ""Der Gutachterausschuss für Grundstückswerte im Kreis Steinfurt"", ""jahr"": ""2025"", ""nuta"": ""F"", ""stag"": ""2022-01-01"", ""farbe"": ""4"", ""anl_txt"": ""UNDEFINED"", ""flaeche"": 50925.4451924115, ""prozent"": 100.00, ""entw_txt"": ""Fläche der Land- und Forstwirtschaft"", ""nuta_txt"": ""forstwirtschaftliche Fläche"", ""farbe_txt"": ""Forstwirtschaft"", ""flaeche_amtl"": 49264.0}, {""anl"": """", ""bko"": """", ""brw"": 10, ""dat"": ""0001-01-01 BC"", ""gsm"": false, ""kor"": false, ""soa"": false, ""wrt"": false, ""zgr"": false, ""entw"": ""LF"", ""gabe"": ""Der Gutachterausschuss für Grundstückswerte im Kreis Steinfurt"", ""jahr"": ""2025"", ""nuta"": ""A"", ""stag"": ""2022-01-01"", ""farbe"": ""5"", ""anl_txt"": ""UNDEFINED"", ""flaeche"": 50925.4451924115, ""prozent"": 100.00, ""entw_txt"": ""Fläche der Land- und Forstwirtschaft"", ""nuta_txt"": ""Acker"", ""farbe_txt"": ""Landwirtschaft"", ""flaeche_amtl"": 49264.0}, {""anl"": """", ""bko"": """", ""brw"": 105, ""dat"": ""0001-01-01 BC"", ""gsm"": false, ""kor"": false, ""soa"": false, ""wrt"": false, ""zgr"": false, ""entw"": ""B"", ""gabe"": ""Der Gutachterausschuss für Grundstückswerte im Kreis Steinfurt"", ""jahr"": ""2025"", ""nuta"": ""W"", ""stag"": ""2022-01-01"", ""farbe"": ""6"", ""anl_txt"": ""UNDEFINED"", ""flaeche"": 50925.4451924115, ""prozent"": 100.00, ""entw_txt"": ""Baureifes Land"", ""nuta_txt"": ""Wohnbaufläche"", ""farbe_txt"": ""Außenbereich"", ""flaeche_amtl"": 49264.0}, {""anl"": """", ""bko"": """", ""brw"": 6, ""dat"": ""0001-01-01 BC"", ""gsm"": false, ""kor"": false, ""soa"": false, ""wrt"": false, ""zgr"": false, ""entw"": ""LF"", ""gabe"": ""Der Gutachterausschuss für Grundstückswerte im Kreis Steinfurt"", ""jahr"": ""2025"", ""nuta"": ""GR"", ""stag"": ""2022-01-01"", ""farbe"": ""5"", ""anl_txt"": ""UNDEFINED"", ""flaeche"": 50925.4451924115, ""prozent"": 100.00, ""entw_txt"": ""Fläche der Land- und Forstwirtschaft"", ""nuta_txt"": ""Grünland"", ""farbe_txt"": ""Landwirtschaft"", ""flaeche_amtl"": 49264.0}]";50925.4451924115;NULL
84;DENW53AL0000vCja;05502706000563______;NULL;Neusalzer Str.;3;NULL;49479;Ibbenbüren;Ibbenbüren;Ibbenbüren;055027;"[""0550270012091""]";60;563;NULL;599.0;2023-10-24 14:20:04+02;01.01.2025;Landrat des Kreises Steinfurt;Vermessungs- und Katasteramt;NULL;NULL;NULL;NULL;NULL;NULL;NULL;NULL;NULL;NULL;NULL;NULL;NULL;NULL;34;0.34;599;"[{""m2"": 599, ""emz"": null, ""katasterklassifikation"": ""Wohnbaufläche""}]";"[{""anl"": """", ""bko"": """", ""brw"": 100, ""dat"": ""0001-01-01 BC"", ""gsm"": false, ""kor"": false, ""soa"": false, ""wrt"": false, ""zgr"": false, ""entw"": ""B"", ""gabe"": ""Der Gutachterausschuss für Grundstückswerte im Kreis Steinfurt"", ""jahr"": ""2025"", ""nuta"": ""WA"", ""stag"": ""2022-01-01"", ""farbe"": ""1"", ""anl_txt"": ""UNDEFINED"", ""flaeche"": 598.987031502691, ""prozent"": 100.00, ""entw_txt"": ""Baureifes Land"", ""nuta_txt"": ""allgemeines Wohngebiet"", ""farbe_txt"": ""Ein-/Zweigeschossig"", ""flaeche_amtl"": 599.0}]";598.987031502691;NULL
85;DENW43AL0000olmf;05455901600062______;NULL;NULL;NULL;NULL;NULL;NULL;Geilenkirchen;Geilenkirchen;054559;"[""0545590003156""]";16;62;NULL;94.0;2024-02-14 07:46:36+01;01.01.2025;Landrat des Kreises Heinsberg;Vermessungs- und Katasteramt;NULL;NULL;NULL;NULL;NULL;NULL;NULL;NULL;NULL;NULL;NULL;NULL;NULL;NULL;68;0.68;94;"[{""m2"": 94, ""emz"": null, ""katasterklassifikation"": ""Weg""}]";"[{""anl"": """", ""bko"": """", ""brw"": 130, ""dat"": ""0001-01-01 BC"", ""gsm"": false, ""kor"": false, ""soa"": false, ""wrt"": false, ""zgr"": false, ""entw"": ""B"", ""gabe"": ""Der Gutachterausschuss für Grundstückswerte im Kreis Heinsberg"", ""jahr"": ""2025"", ""nuta"": ""MD"", ""stag"": ""2022-01-01"", ""farbe"": ""1"", ""anl_txt"": ""UNDEFINED"", ""flaeche"": 93.9407530020993, ""prozent"": 100.00, ""entw_txt"": ""Baureifes Land"", ""nuta_txt"": ""Dorfgebiet"", ""farbe_txt"": ""Ein-/Zweigeschossig"", ""flaeche_amtl"": 94.0}]";93.9407530020993;NULL
86;DENW43AL0001lk2O;05453602900270______;NULL;NULL;NULL;NULL;NULL;NULL;Erkelenz;Lövenich;054536;"[""0545360001529""]";29;270;NULL;2823.0;2024-01-31 07:30:33+01;01.01.2025;Landrat des Kreises Heinsberg;Vermessungs- und Katasteramt;NULL;NULL;NULL;NULL;NULL;NULL;NULL;NULL;NULL;NULL;NULL;NULL;NULL;NULL;79;0.79;2823;"[{""m2"": 1977, ""emz"": null, ""katasterklassifikation"": ""Straßenverkehr""}, {""m2"": 43, ""emz"": null, ""katasterklassifikation"": ""Verkehrsbegleitfläche Straße""}, {""m2"": 804, ""emz"": null, ""katasterklassifikation"": ""Weg""}]";"[{""anl"": """", ""bko"": """", ""brw"": 155, ""dat"": ""0001-01-01 BC"", ""gsm"": false, ""kor"": false, ""soa"": false, ""wrt"": false, ""zgr"": false, ""entw"": ""B"", ""gabe"": ""Der Gutachterausschuss für Grundstückswerte im Kreis Heinsberg"", ""jahr"": ""2025"", ""nuta"": ""MD"", ""stag"": ""2022-01-01"", ""farbe"": ""1"", ""anl_txt"": ""UNDEFINED"", ""flaeche"": 2823.04888948722, ""prozent"": 100.00, ""entw_txt"": ""Baureifes Land"", ""nuta_txt"": ""Dorfgebiet"", ""farbe_txt"": ""Ein-/Zweigeschossig"", ""flaeche_amtl"": 2823.0}]";2823.04888948722;NULL
87;DENW45AL0000wFom;05491600201846______;NULL;NULL;NULL;NULL;NULL;NULL;Kürten;Engeldorf;054916;"[""0549160000401""]";2;1846;NULL;159.0;2024-09-10 14:46:06+02;01.01.2025;Landrat des Rheinisch-Bergischen Kreises;Amt für Liegenschaftskataster und Geoinformation;NULL;NULL;NULL;NULL;NULL;NULL;NULL;NULL;NULL;NULL;NULL;NULL;NULL;NULL;42;0.42;159;"[{""m2"": 159, ""emz"": null, ""katasterklassifikation"": ""Wohnbaufläche""}]";"[{""anl"": ""3000"", ""bko"": """", ""brw"": 155, ""dat"": ""2025-04-16"", ""gsm"": false, ""kor"": true, ""soa"": false, ""wrt"": false, ""zgr"": false, ""entw"": ""B"", ""gabe"": ""Der Gutachterausschuss für Grundstückswerte im Rheinisch-Bergischen Kreis"", ""jahr"": ""2025"", ""nuta"": ""W"", ""stag"": ""2022-01-01"", ""farbe"": ""6"", ""anl_txt"": ""sonstige Änderung"", ""flaeche"": 122.486429399218, ""prozent"": 77.23747858373235011900, ""entw_txt"": ""Baureifes Land"", ""nuta_txt"": ""Wohnbaufläche"", ""farbe_txt"": ""Außenbereich"", ""flaeche_amtl"": 122.807590948134436689210}, {""anl"": """", ""bko"": """", ""brw"": 0.5, ""dat"": ""0001-01-01 BC"", ""gsm"": false, ""kor"": false, ""soa"": false, ""wrt"": false, ""zgr"": false, ""entw"": ""LF"", ""gabe"": ""Der Gutachterausschuss für Grundstückswerte im Rheinisch-Bergischen Kreis"", ""jahr"": ""2025"", ""nuta"": ""F"", ""stag"": ""2022-01-01"", ""farbe"": ""4"", ""anl_txt"": ""UNDEFINED"", ""flaeche"": 122.486429399218, ""prozent"": 77.23747858373235011900, ""entw_txt"": ""Fläche der Land- und Forstwirtschaft"", ""nuta_txt"": ""forstwirtschaftliche Fläche"", ""farbe_txt"": ""Forstwirtschaft"", ""flaeche_amtl"": 122.807590948134436689210}, {""anl"": """", ""bko"": """", ""brw"": 2.5, ""dat"": ""0001-01-01 BC"", ""gsm"": false, ""kor"": false, ""soa"": false, ""wrt"": false, ""zgr"": false, ""entw"": ""LF"", ""gabe"": ""Der Gutachterausschuss für Grundstückswerte im Rheinisch-Bergischen Kreis"", ""jahr"": ""2025"", ""nuta"": ""L"", ""stag"": ""2022-01-01"", ""farbe"": ""5"", ""anl_txt"": ""UNDEFINED"", ""flaeche"": 122.486429399218, ""prozent"": 77.23747858373235011900, ""entw_txt"": ""Fläche der Land- und Forstwirtschaft"", ""nuta_txt"": ""landwirtschaftliche Fläche"", ""farbe_txt"": ""Landwirtschaft"", ""flaeche_amtl"": 122.807590948134436689210}, {""anl"": """", ""bko"": """", ""brw"": 280, ""dat"": ""0001-01-01 BC"", ""gsm"": false, ""kor"": false, ""soa"": false, ""wrt"": false, ""zgr"": false, ""entw"": ""B"", ""gabe"": ""Der Gutachterausschuss für Grundstückswerte im Rheinisch-Bergischen Kreis"", ""jahr"": ""2025"", ""nuta"": ""MI"", ""stag"": ""2022-01-01"", ""farbe"": ""1"", ""anl_txt"": ""UNDEFINED"", ""flaeche"": 36.0977600923207, ""prozent"": 22.76252141340588918900, ""entw_txt"": ""Baureifes Land"", ""nuta_txt"": ""Mischgebiet"", ""farbe_txt"": ""Ein-/Zweigeschossig"", ""flaeche_amtl"": 36.192409047315363810510}]";158.584189496077;NULL
88;DENW30AL0001643s;05301402700245______;NULL;NULL;NULL;NULL;NULL;NULL;Kranenburg;Kranenburg;053014;"[""0530140001027""]";27;245;NULL;1715.0;2023-11-30 14:47:41+01;01.01.2025;Landrat des Kreises Kleve;Abteilung 6.2 - Kataster und Vermessung;NULL;NULL;NULL;NULL;NULL;NULL;NULL;NULL;NULL;NULL;NULL;NULL;NULL;NULL;51;0.51;1715;"[{""m2"": 1715, ""emz"": null, ""katasterklassifikation"": ""Straßenverkehr""}]";"[{""anl"": """", ""bko"": """", ""brw"": 190, ""dat"": ""0001-01-01 BC"", ""gsm"": false, ""kor"": false, ""soa"": false, ""wrt"": false, ""zgr"": false, ""entw"": ""B"", ""gabe"": ""Der Gutachterausschuss für Grundstückswerte im Kreis Kleve"", ""jahr"": ""2025"", ""nuta"": ""W"", ""stag"": ""2022-01-01"", ""farbe"": ""1"", ""anl_txt"": ""UNDEFINED"", ""flaeche"": 1712.12172431019, ""prozent"": 100.00, ""entw_txt"": ""Baureifes Land"", ""nuta_txt"": ""Wohnbaufläche"", ""farbe_txt"": ""Ein-/Zweigeschossig"", ""flaeche_amtl"": 1715.0}]";1712.12172431019;NULL
89;DENW25AL00003W2q;05309503200274______;NULL;NULL;NULL;NULL;NULL;NULL;Mülheim an der Ruhr;Speldorf;053095;"[""0530950003032""]";32;274;NULL;2741.0;2023-11-29 16:03:56+01;01.01.2025;Oberbürgermeister der Stadt Mülheim a.d. Ruhr;Vermessung, Kataster und Geodatenmanagement;NULL;NULL;NULL;NULL;NULL;NULL;NULL;NULL;NULL;NULL;NULL;NULL;NULL;NULL;53;0.53;2741;"[{""m2"": 2741, ""emz"": null, ""katasterklassifikation"": ""Straßenverkehr""}]";"[{""anl"": """", ""bko"": """", ""brw"": 600, ""dat"": ""0001-01-01 BC"", ""gsm"": false, ""kor"": false, ""soa"": false, ""wrt"": false, ""zgr"": false, ""entw"": ""B"", ""gabe"": ""Der Gutachterausschuss für Grundstückswerte in der Stadt Mülheim an der Ruhr"", ""jahr"": ""2025"", ""nuta"": ""W"", ""stag"": ""2022-01-01"", ""farbe"": ""1"", ""anl_txt"": ""UNDEFINED"", ""flaeche"": 2745.563811978, ""prozent"": 100.00, ""entw_txt"": ""Baureifes Land"", ""nuta_txt"": ""Wohnbaufläche"", ""farbe_txt"": ""Ein-/Zweigeschossig"", ""flaeche_amtl"": 2741.0}]";2745.563811978;NULL
90;DENW53AL0000vCqy;05502706100274______;NULL;NULL;NULL;NULL;NULL;NULL;Ibbenbüren;Ibbenbüren;055027;"[""0550270002004""]";61;274;NULL;97.0;2023-10-24 14:20:04+02;01.01.2025;Landrat des Kreises Steinfurt;Vermessungs- und Katasteramt;NULL;NULL;NULL;NULL;NULL;NULL;NULL;NULL;NULL;NULL;NULL;69;NULL;69;34;0.34;97;"[{""m2"": 28, ""emz"": null, ""katasterklassifikation"": ""Weg""}]";"[{""anl"": """", ""bko"": """", ""brw"": 10, ""dat"": ""0001-01-01 BC"", ""gsm"": false, ""kor"": false, ""soa"": false, ""wrt"": false, ""zgr"": false, ""entw"": ""LF"", ""gabe"": ""Der Gutachterausschuss für Grundstückswerte im Kreis Steinfurt"", ""jahr"": ""2025"", ""nuta"": ""A"", ""stag"": ""2022-01-01"", ""farbe"": ""5"", ""anl_txt"": ""UNDEFINED"", ""flaeche"": 96.9616954949863, ""prozent"": 100.00, ""entw_txt"": ""Fläche der Land- und Forstwirtschaft"", ""nuta_txt"": ""Acker"", ""farbe_txt"": ""Landwirtschaft"", ""flaeche_amtl"": 97.0}, {""anl"": """", ""bko"": """", ""brw"": 105, ""dat"": ""0001-01-01 BC"", ""gsm"": false, ""kor"": false, ""soa"": false, ""wrt"": false, ""zgr"": false, ""entw"": ""B"", ""gabe"": ""Der Gutachterausschuss für Grundstückswerte im Kreis Steinfurt"", ""jahr"": ""2025"", ""nuta"": ""W"", ""stag"": ""2022-01-01"", ""farbe"": ""6"", ""anl_txt"": ""UNDEFINED"", ""flaeche"": 96.9616954949863, ""prozent"": 100.00, ""entw_txt"": ""Baureifes Land"", ""nuta_txt"": ""Wohnbaufläche"", ""farbe_txt"": ""Außenbereich"", ""flaeche_amtl"": 97.0}, {""anl"": """", ""bko"": """", ""brw"": 1, ""dat"": ""0001-01-01 BC"", ""gsm"": false, ""kor"": false, ""soa"": false, ""wrt"": false, ""zgr"": false, ""entw"": ""LF"", ""gabe"": ""Der Gutachterausschuss für Grundstückswerte im Kreis Steinfurt"", ""jahr"": ""2025"", ""nuta"": ""F"", ""stag"": ""2022-01-01"", ""farbe"": ""4"", ""anl_txt"": ""UNDEFINED"", ""flaeche"": 96.9616954949863, ""prozent"": 100.00, ""entw_txt"": ""Fläche der Land- und Forstwirtschaft"", ""nuta_txt"": ""forstwirtschaftliche Fläche"", ""farbe_txt"": ""Forstwirtschaft"", ""flaeche_amtl"": 97.0}, {""anl"": """", ""bko"": """", ""brw"": 6, ""dat"": ""0001-01-01 BC"", ""gsm"": false, ""kor"": false, ""soa"": false, ""wrt"": false, ""zgr"": false, ""entw"": ""LF"", ""gabe"": ""Der Gutachterausschuss für Grundstückswerte im Kreis Steinfurt"", ""jahr"": ""2025"", ""nuta"": ""GR"", ""stag"": ""2022-01-01"", ""farbe"": ""5"", ""anl_txt"": ""UNDEFINED"", ""flaeche"": 96.9616954949863, ""prozent"": 100.00, ""entw_txt"": ""Fläche der Land- und Forstwirtschaft"", ""nuta_txt"": ""Grünland"", ""farbe_txt"": ""Landwirtschaft"", ""flaeche_amtl"": 97.0}]";96.9616954949863;NULL
91;DENW53AL0000vCx9;05502706400075______;NULL;NULL;NULL;NULL;NULL;NULL;Ibbenbüren;Ibbenbüren;055027;"[""0550270000905""]";64;75;NULL;1121.0;2024-02-26 13:00:25+01;01.01.2025;Landrat des Kreises Steinfurt;Vermessungs- und Katasteramt;14;5;NULL;NULL;NULL;NULL;NULL;NULL;NULL;14;5;NULL;1107;1107;34;0.34;1121;NULL;"[{""anl"": """", ""bko"": """", ""brw"": 6, ""dat"": ""0001-01-01 BC"", ""gsm"": false, ""kor"": false, ""soa"": false, ""wrt"": false, ""zgr"": false, ""entw"": ""LF"", ""gabe"": ""Der Gutachterausschuss für Grundstückswerte im Kreis Steinfurt"", ""jahr"": ""2025"", ""nuta"": ""GR"", ""stag"": ""2022-01-01"", ""farbe"": ""5"", ""anl_txt"": ""UNDEFINED"", ""flaeche"": 1109.12350899379, ""prozent"": 100.00, ""entw_txt"": ""Fläche der Land- und Forstwirtschaft"", ""nuta_txt"": ""Grünland"", ""farbe_txt"": ""Landwirtschaft"", ""flaeche_amtl"": 1121.0}, {""anl"": """", ""bko"": """", ""brw"": 1, ""dat"": ""0001-01-01 BC"", ""gsm"": false, ""kor"": false, ""soa"": false, ""wrt"": false, ""zgr"": false, ""entw"": ""LF"", ""gabe"": ""Der Gutachterausschuss für Grundstückswerte im Kreis Steinfurt"", ""jahr"": ""2025"", ""nuta"": ""F"", ""stag"": ""2022-01-01"", ""farbe"": ""4"", ""anl_txt"": ""UNDEFINED"", ""flaeche"": 1109.12350899379, ""prozent"": 100.00, ""entw_txt"": ""Fläche der Land- und Forstwirtschaft"", ""nuta_txt"": ""forstwirtschaftliche Fläche"", ""farbe_txt"": ""Forstwirtschaft"", ""flaeche_amtl"": 1121.0}, {""anl"": """", ""bko"": """", ""brw"": 105, ""dat"": ""0001-01-01 BC"", ""gsm"": false, ""kor"": false, ""soa"": false, ""wrt"": false, ""zgr"": false, ""entw"": ""B"", ""gabe"": ""Der Gutachterausschuss für Grundstückswerte im Kreis Steinfurt"", ""jahr"": ""2025"", ""nuta"": ""W"", ""stag"": ""2022-01-01"", ""farbe"": ""6"", ""anl_txt"": ""UNDEFINED"", ""flaeche"": 1109.12350899379, ""prozent"": 100.00, ""entw_txt"": ""Baureifes Land"", ""nuta_txt"": ""Wohnbaufläche"", ""farbe_txt"": ""Außenbereich"", ""flaeche_amtl"": 1121.0}, {""anl"": """", ""bko"": """", ""brw"": 10, ""dat"": ""0001-01-01 BC"", ""gsm"": false, ""kor"": false, ""soa"": false, ""wrt"": false, ""zgr"": false, ""entw"": ""LF"", ""gabe"": ""Der Gutachterausschuss für Grundstückswerte im Kreis Steinfurt"", ""jahr"": ""2025"", ""nuta"": ""A"", ""stag"": ""2022-01-01"", ""farbe"": ""5"", ""anl_txt"": ""UNDEFINED"", ""flaeche"": 1109.12350899379, ""prozent"": 100.00, ""entw_txt"": ""Fläche der Land- und Forstwirtschaft"", ""nuta_txt"": ""Acker"", ""farbe_txt"": ""Landwirtschaft"", ""flaeche_amtl"": 1121.0}]";1109.12350899379;NULL
92;DENW53AL0000zTPR;05504101900033______;NULL;NULL;NULL;NULL;NULL;NULL;Tecklenburg;Brochterbeck;055041;"[""0550410000109""]";19;33;NULL;7150.0;2023-10-24 14:20:04+02;01.01.2025;Landrat des Kreises Steinfurt;Vermessungs- und Katasteramt;7131;1497;NULL;NULL;NULL;NULL;NULL;NULL;NULL;7131;1497;NULL;NULL;NULL;30;0.30;7150;"[{""m2"": 19, ""emz"": null, ""katasterklassifikation"": ""Weg""}]";"[{""anl"": """", ""bko"": """", ""brw"": 3.5, ""dat"": ""0001-01-01 BC"", ""gsm"": false, ""kor"": false, ""soa"": false, ""wrt"": false, ""zgr"": false, ""entw"": ""LF"", ""gabe"": ""Der Gutachterausschuss für Grundstückswerte im Kreis Steinfurt"", ""jahr"": ""2025"", ""nuta"": ""GR"", ""stag"": ""2022-01-01"", ""farbe"": ""5"", ""anl_txt"": ""UNDEFINED"", ""flaeche"": 7198.4177720194, ""prozent"": 100.00, ""entw_txt"": ""Fläche der Land- und Forstwirtschaft"", ""nuta_txt"": ""Grünland"", ""farbe_txt"": ""Landwirtschaft"", ""flaeche_amtl"": 7150.0}, {""anl"": """", ""bko"": """", ""brw"": 1, ""dat"": ""0001-01-01 BC"", ""gsm"": false, ""kor"": false, ""soa"": false, ""wrt"": false, ""zgr"": false, ""entw"": ""LF"", ""gabe"": ""Der Gutachterausschuss für Grundstückswerte im Kreis Steinfurt"", ""jahr"": ""2025"", ""nuta"": ""F"", ""stag"": ""2022-01-01"", ""farbe"": ""4"", ""anl_txt"": ""UNDEFINED"", ""flaeche"": 7198.4177720194, ""prozent"": 100.00, ""entw_txt"": ""Fläche der Land- und Forstwirtschaft"", ""nuta_txt"": ""forstwirtschaftliche Fläche"", ""farbe_txt"": ""Forstwirtschaft"", ""flaeche_amtl"": 7150.0}, {""anl"": """", ""bko"": """", ""brw"": 105, ""dat"": ""0001-01-01 BC"", ""gsm"": false, ""kor"": false, ""soa"": false, ""wrt"": false, ""zgr"": false, ""entw"": ""B"", ""gabe"": ""Der Gutachterausschuss für Grundstückswerte im Kreis Steinfurt"", ""jahr"": ""2025"", ""nuta"": ""W"", ""stag"": ""2022-01-01"", ""farbe"": ""6"", ""anl_txt"": ""UNDEFINED"", ""flaeche"": 7198.4177720194, ""prozent"": 100.00, ""entw_txt"": ""Baureifes Land"", ""nuta_txt"": ""Wohnbaufläche"", ""farbe_txt"": ""Außenbereich"", ""flaeche_amtl"": 7150.0}, {""anl"": """", ""bko"": """", ""brw"": 8, ""dat"": ""0001-01-01 BC"", ""gsm"": false, ""kor"": false, ""soa"": false, ""wrt"": false, ""zgr"": false, ""entw"": ""LF"", ""gabe"": ""Der Gutachterausschuss für Grundstückswerte im Kreis Steinfurt"", ""jahr"": ""2025"", ""nuta"": ""A"", ""stag"": ""2022-01-01"", ""farbe"": ""5"", ""anl_txt"": ""UNDEFINED"", ""flaeche"": 7198.4177720194, ""prozent"": 100.00, ""entw_txt"": ""Fläche der Land- und Forstwirtschaft"", ""nuta_txt"": ""Acker"", ""farbe_txt"": ""Landwirtschaft"", ""flaeche_amtl"": 7150.0}]";7198.4177720194;NULL
93;DENW30AL0000rpHq;05347700800174______;NULL;Im Hammereisen;20;NULL;47559;Kranenburg;Kranenburg;Nütterden;053477;"[""053477000666A""]";8;174;NULL;6508.0;2023-11-30 14:47:41+01;01.01.2025;Landrat des Kreises Kleve;Abteilung 6.2 - Kataster und Vermessung;NULL;NULL;NULL;NULL;NULL;NULL;NULL;NULL;NULL;NULL;NULL;NULL;NULL;NULL;45;0.45;6508;"[{""m2"": 6508, ""emz"": null, ""katasterklassifikation"": ""Industrie und Gewerbe""}]";"[{""anl"": """", ""bko"": """", ""brw"": 20, ""dat"": ""0001-01-01 BC"", ""gsm"": false, ""kor"": false, ""soa"": false, ""wrt"": false, ""zgr"": false, ""entw"": ""B"", ""gabe"": ""Der Gutachterausschuss für Grundstückswerte im Kreis Kleve"", ""jahr"": ""2025"", ""nuta"": ""G"", ""stag"": ""2022-01-01"", ""farbe"": ""3"", ""anl_txt"": ""UNDEFINED"", ""flaeche"": 6516.32255585789, ""prozent"": 100.00, ""entw_txt"": ""Baureifes Land"", ""nuta_txt"": ""gewerbliche Baufläche"", ""farbe_txt"": ""Gewerbe/Industrie/Sondergebiete"", ""flaeche_amtl"": 6508.0}]";6516.32255585789;NULL
94;DENW25AL00004v7d;05308600100364______;NULL;NULL;NULL;NULL;NULL;NULL;Mülheim an der Ruhr;Dümpten;053086;"[""0530860002801""]";1;364;NULL;681.0;2023-11-29 16:03:56+01;01.01.2025;Oberbürgermeister der Stadt Mülheim a.d. Ruhr;Vermessung, Kataster und Geodatenmanagement;NULL;NULL;NULL;NULL;NULL;NULL;NULL;NULL;NULL;NULL;NULL;NULL;NULL;NULL;65;0.65;681;"[{""m2"": 681, ""emz"": null, ""katasterklassifikation"": ""Straßenverkehr""}]";"[{""anl"": ""1000"", ""bko"": """", ""brw"": 440, ""dat"": ""2017-02-14"", ""gsm"": false, ""kor"": true, ""soa"": false, ""wrt"": false, ""zgr"": false, ""entw"": ""B"", ""gabe"": ""Der Gutachterausschuss für Grundstückswerte in der Stadt Mülheim an der Ruhr"", ""jahr"": ""2025"", ""nuta"": ""W"", ""stag"": ""2022-01-01"", ""farbe"": ""1"", ""anl_txt"": ""Änderungsbeschluss Gutachterausschuss"", ""flaeche"": 680.416642489237, ""prozent"": 100.00, ""entw_txt"": ""Baureifes Land"", ""nuta_txt"": ""Wohnbaufläche"", ""farbe_txt"": ""Ein-/Zweigeschossig"", ""flaeche_amtl"": 681.0}]";680.416642489237;NULL
95;DENW25AL00004wga;05308601700120______;NULL;NULL;NULL;NULL;NULL;NULL;Mülheim an der Ruhr;Dümpten;053086;"[""0530860002817""]";17;120;NULL;8285.0;2023-11-29 16:03:56+01;01.01.2025;Oberbürgermeister der Stadt Mülheim a.d. Ruhr;Vermessung, Kataster und Geodatenmanagement;NULL;NULL;NULL;NULL;NULL;NULL;NULL;NULL;NULL;NULL;NULL;NULL;242;242;65;0.65;8285;"[{""m2"": 3184, ""emz"": null, ""katasterklassifikation"": ""Straßenverkehr""}, {""m2"": 700, ""emz"": null, ""katasterklassifikation"": ""Bahnverkehr""}, {""m2"": 640, ""emz"": null, ""katasterklassifikation"": ""Verkehrsbegleitfläche Straße""}, {""m2"": 3518, ""emz"": null, ""katasterklassifikation"": ""Grünanlage""}]";"[{""anl"": ""1000"", ""bko"": """", ""brw"": 40, ""dat"": ""2022-02-17"", ""gsm"": false, ""kor"": true, ""soa"": false, ""wrt"": false, ""zgr"": false, ""entw"": ""B"", ""gabe"": ""Der Gutachterausschuss für Grundstückswerte in der Stadt Mülheim an der Ruhr"", ""jahr"": ""2025"", ""nuta"": ""GI"", ""stag"": ""2022-01-01"", ""farbe"": ""3"", ""anl_txt"": ""Änderungsbeschluss Gutachterausschuss"", ""flaeche"": 8278.16310198118, ""prozent"": 100.00, ""entw_txt"": ""Baureifes Land"", ""nuta_txt"": ""Industriegebiet"", ""farbe_txt"": ""Gewerbe/Industrie/Sondergebiete"", ""flaeche_amtl"": 8285.0}]";8278.16310198118;NULL
96;DENW25AL00005RLK;05343804400002______;NULL;NULL;NULL;NULL;NULL;NULL;Mülheim an der Ruhr;Styrum;053438;"[""0534380001325""]";44;2;NULL;165781.0;2023-11-29 16:03:56+01;01.01.2025;Oberbürgermeister der Stadt Mülheim a.d. Ruhr;Vermessung, Kataster und Geodatenmanagement;NULL;NULL;NULL;NULL;NULL;NULL;NULL;NULL;NULL;NULL;NULL;NULL;NULL;NULL;49;0.49;165781;"[{""m2"": 151468, ""emz"": null, ""katasterklassifikation"": ""Industrie und Gewerbe""}, {""m2"": 8, ""emz"": null, ""katasterklassifikation"": ""Grünanlage""}, {""m2"": 7785, ""emz"": null, ""katasterklassifikation"": ""Bahnverkehr""}, {""m2"": 6521, ""emz"": null, ""katasterklassifikation"": ""Straßenverkehr""}]";"[{""anl"": ""1000"", ""bko"": """", ""brw"": 40, ""dat"": ""2022-02-17"", ""gsm"": false, ""kor"": true, ""soa"": false, ""wrt"": false, ""zgr"": false, ""entw"": ""B"", ""gabe"": ""Der Gutachterausschuss für Grundstückswerte in der Stadt Mülheim an der Ruhr"", ""jahr"": ""2025"", ""nuta"": ""GI"", ""stag"": ""2022-01-01"", ""farbe"": ""3"", ""anl_txt"": ""Änderungsbeschluss Gutachterausschuss"", ""flaeche"": 165721.397327939, ""prozent"": 100.00, ""entw_txt"": ""Baureifes Land"", ""nuta_txt"": ""Industriegebiet"", ""farbe_txt"": ""Gewerbe/Industrie/Sondergebiete"", ""flaeche_amtl"": 165781.0}]";165721.397327939;NULL
97;DENW25AL0000gufF;05308401301123______;NULL;NULL;NULL;NULL;NULL;NULL;Mülheim an der Ruhr;Mülheim;053084;"[""0530840005613""]";13;1123;NULL;5553.0;2023-11-29 16:03:56+01;01.01.2025;Oberbürgermeister der Stadt Mülheim a.d. Ruhr;Vermessung, Kataster und Geodatenmanagement;NULL;NULL;NULL;NULL;NULL;NULL;NULL;NULL;NULL;NULL;NULL;NULL;NULL;NULL;65;0.65;5553;"[{""m2"": 4705, ""emz"": null, ""katasterklassifikation"": ""Straßenverkehr""}, {""m2"": 34, ""emz"": null, ""katasterklassifikation"": ""Bildung und Forschung""}, {""m2"": 814, ""emz"": null, ""katasterklassifikation"": ""Parkplatz""}]";"[{""anl"": ""1000"", ""bko"": """", ""brw"": 400, ""dat"": ""2024-02-15"", ""gsm"": false, ""kor"": true, ""soa"": false, ""wrt"": false, ""zgr"": false, ""entw"": ""B"", ""gabe"": ""Der Gutachterausschuss für Grundstückswerte in der Stadt Mülheim an der Ruhr"", ""jahr"": ""2025"", ""nuta"": ""W"", ""stag"": ""2022-01-01"", ""farbe"": ""1"", ""anl_txt"": ""Änderungsbeschluss Gutachterausschuss"", ""flaeche"": 3518.78611993319, ""prozent"": 63.53993990777247283900, ""entw_txt"": ""Baureifes Land"", ""nuta_txt"": ""Wohnbaufläche"", ""farbe_txt"": ""Ein-/Zweigeschossig"", ""flaeche_amtl"": 3528.372863078605416749670}, {""anl"": ""1000"", ""bko"": """", ""brw"": 450, ""dat"": ""2024-02-15"", ""gsm"": false, ""kor"": true, ""soa"": false, ""wrt"": false, ""zgr"": false, ""entw"": ""B"", ""gabe"": ""Der Gutachterausschuss für Grundstückswerte in der Stadt Mülheim an der Ruhr"", ""jahr"": ""2025"", ""nuta"": ""W"", ""stag"": ""2022-01-01"", ""farbe"": ""2"", ""anl_txt"": ""Änderungsbeschluss Gutachterausschuss"", ""flaeche"": 3518.78611993319, ""prozent"": 63.53993990777247283900, ""entw_txt"": ""Baureifes Land"", ""nuta_txt"": ""Wohnbaufläche"", ""farbe_txt"": ""Misch-/Mehrgeschossig"", ""flaeche_amtl"": 3528.372863078605416749670}, {""anl"": ""1000"", ""bko"": """", ""brw"": 90, ""dat"": ""2022-02-17"", ""gsm"": false, ""kor"": true, ""soa"": false, ""wrt"": false, ""zgr"": false, ""entw"": ""SF"", ""gabe"": ""Der Gutachterausschuss für Grundstückswerte in der Stadt Mülheim an der Ruhr"", ""jahr"": ""2025"", ""nuta"": ""SN"", ""stag"": ""2022-01-01"", ""farbe"": ""7"", ""anl_txt"": ""Änderungsbeschluss Gutachterausschuss"", ""flaeche"": 1578.77156098022, ""prozent"": 28.50842497772725409000, ""entw_txt"": ""Sonstige Fläche"", ""nuta_txt"": ""Sondernutzungsfläche"", ""farbe_txt"": ""Sonstige Fläche"", ""flaeche_amtl"": 1583.072839013194419617700}, {""anl"": ""1000"", ""bko"": """", ""brw"": 370, ""dat"": ""2022-02-17"", ""gsm"": false, ""kor"": true, ""soa"": false, ""wrt"": false, ""zgr"": false, ""entw"": ""B"", ""gabe"": ""Der Gutachterausschuss für Grundstückswerte in der Stadt Mülheim an der Ruhr"", ""jahr"": ""2025"", ""nuta"": ""W"", ""stag"": ""2022-01-01"", ""farbe"": ""1"", ""anl_txt"": ""Änderungsbeschluss Gutachterausschuss"", ""flaeche"": 440.346189442894, ""prozent"": 7.95148368277334135400, ""entw_txt"": ""Baureifes Land"", ""nuta_txt"": ""Wohnbaufläche"", ""farbe_txt"": ""Ein-/Zweigeschossig"", ""flaeche_amtl"": 441.545888904403645387620}]";5537.91225651247;NULL
98;DENW25AL0000h1JK;05308401700985______;NULL;Winkhauser Weg;121;NULL;45473;Mülheim an der Ruhr;Mülheim an der Ruhr;Mülheim;053084;"[""0530840000677""]";17;985;NULL;320.0;2023-11-29 16:03:56+01;01.01.2025;Oberbürgermeister der Stadt Mülheim a.d. Ruhr;Vermessung, Kataster und Geodatenmanagement;NULL;NULL;NULL;NULL;NULL;NULL;NULL;NULL;NULL;NULL;NULL;NULL;NULL;NULL;65;0.65;320;"[{""m2"": 320, ""emz"": null, ""katasterklassifikation"": ""Wohnbaufläche""}]";"[{""anl"": """", ""bko"": """", ""brw"": 400, ""dat"": ""0001-01-01 BC"", ""gsm"": false, ""kor"": false, ""soa"": false, ""wrt"": false, ""zgr"": false, ""entw"": ""B"", ""gabe"": ""Der Gutachterausschuss für Grundstückswerte in der Stadt Mülheim an der Ruhr"", ""jahr"": ""2025"", ""nuta"": ""W"", ""stag"": ""2022-01-01"", ""farbe"": ""1"", ""anl_txt"": ""UNDEFINED"", ""flaeche"": 319.686437008179, ""prozent"": 100.00, ""entw_txt"": ""Baureifes Land"", ""nuta_txt"": ""Wohnbaufläche"", ""farbe_txt"": ""Ein-/Zweigeschossig"", ""flaeche_amtl"": 320.0}, {""anl"": """", ""bko"": """", ""brw"": 440, ""dat"": ""0001-01-01 BC"", ""gsm"": false, ""kor"": false, ""soa"": false, ""wrt"": false, ""zgr"": false, ""entw"": ""B"", ""gabe"": ""Der Gutachterausschuss für Grundstückswerte in der Stadt Mülheim an der Ruhr"", ""jahr"": ""2025"", ""nuta"": ""W"", ""stag"": ""2022-01-01"", ""farbe"": ""2"", ""anl_txt"": ""UNDEFINED"", ""flaeche"": 319.686437008179, ""prozent"": 100.00, ""entw_txt"": ""Baureifes Land"", ""nuta_txt"": ""Wohnbaufläche"", ""farbe_txt"": ""Misch-/Mehrgeschossig"", ""flaeche_amtl"": 320.0}]";319.686437008179;NULL
99;DENW30AL00005gw2;05301304000112______;NULL;NULL;NULL;NULL;NULL;NULL;Kleve;Kleve;053013;"[""0530130003440""]";40;112;NULL;4365.0;2023-11-30 14:47:41+01;01.01.2025;Landrat des Kreises Kleve;Abteilung 6.2 - Kataster und Vermessung;NULL;NULL;NULL;NULL;NULL;NULL;NULL;NULL;NULL;NULL;NULL;NULL;NULL;NULL;58;0.58;4365;"[{""m2"": 4365, ""emz"": null, ""katasterklassifikation"": ""Straßenverkehr""}]";"[{""anl"": """", ""bko"": """", ""brw"": 280, ""dat"": ""0001-01-01 BC"", ""gsm"": false, ""kor"": false, ""soa"": false, ""wrt"": false, ""zgr"": false, ""entw"": ""B"", ""gabe"": ""Der Gutachterausschuss für Grundstückswerte im Kreis Kleve"", ""jahr"": ""2025"", ""nuta"": ""W"", ""stag"": ""2022-01-01"", ""farbe"": ""1"", ""anl_txt"": ""UNDEFINED"", ""flaeche"": 4366.38462201192, ""prozent"": 100.00, ""entw_txt"": ""Baureifes Land"", ""nuta_txt"": ""Wohnbaufläche"", ""farbe_txt"": ""Ein-/Zweigeschossig"", ""flaeche_amtl"": 4365.0}]";4366.38462201192;NULL
100;DENW30AL0000vBk6;05302400201164______;NULL;NULL;NULL;NULL;NULL;NULL;Kleve;Kellen;053024;"[""0530240002255"",""0530240002256"",""0530240002257"",""0530240002258"",""0530240002259"",""0530240002260"",""0530240002261"",""0530240002262"",""0530240002263"",""0530240002264""]";2;1164;NULL;105.0;2023-11-30 14:47:41+01;01.01.2025;Landrat des Kreises Kleve;Abteilung 6.2 - Kataster und Vermessung;NULL;NULL;NULL;NULL;NULL;NULL;NULL;NULL;NULL;NULL;NULL;NULL;NULL;NULL;73;0.73;105;"[{""m2"": 105, ""emz"": null, ""katasterklassifikation"": ""Wohnbaufläche""}]";"[{""anl"": """", ""bko"": """", ""brw"": 205, ""dat"": ""0001-01-01 BC"", ""gsm"": false, ""kor"": false, ""soa"": false, ""wrt"": false, ""zgr"": false, ""entw"": ""B"", ""gabe"": ""Der Gutachterausschuss für Grundstückswerte im Kreis Kleve"", ""jahr"": ""2025"", ""nuta"": ""W"", ""stag"": ""2022-01-01"", ""farbe"": ""1"", ""anl_txt"": ""UNDEFINED"", ""flaeche"": 104.804949499359, ""prozent"": 100.00, ""entw_txt"": ""Baureifes Land"", ""nuta_txt"": ""Wohnbaufläche"", ""farbe_txt"": ""Ein-/Zweigeschossig"", ""flaeche_amtl"": 105.0}]";104.804949499359;NULL
101;DENW30AL0001mGd5;05303001100164______;NULL;NULL;NULL;NULL;NULL;NULL;Kleve;Rindern;053030;"[""0530300000511""]";11;164;NULL;552.0;2023-11-30 14:47:41+01;01.01.2025;Landrat des Kreises Kleve;Abteilung 6.2 - Kataster und Vermessung;NULL;NULL;NULL;NULL;NULL;NULL;NULL;NULL;NULL;NULL;NULL;NULL;NULL;NULL;65;0.65;552;"[{""m2"": 552, ""emz"": null, ""katasterklassifikation"": ""Straßenverkehr""}]";"[{""anl"": """", ""bko"": """", ""brw"": 190, ""dat"": ""0001-01-01 BC"", ""gsm"": false, ""kor"": false, ""soa"": false, ""wrt"": false, ""zgr"": false, ""entw"": ""B"", ""gabe"": ""Der Gutachterausschuss für Grundstückswerte im Kreis Kleve"", ""jahr"": ""2025"", ""nuta"": ""W"", ""stag"": ""2022-01-01"", ""farbe"": ""1"", ""anl_txt"": ""UNDEFINED"", ""flaeche"": 552.474748631005, ""prozent"": 100.00, ""entw_txt"": ""Baureifes Land"", ""nuta_txt"": ""Wohnbaufläche"", ""farbe_txt"": ""Ein-/Zweigeschossig"", ""flaeche_amtl"": 552.0}]";552.474748631005;NULL
102;DENW53AL0000zTSz;05504102000132______;NULL;NULL;NULL;NULL;NULL;NULL;Tecklenburg;Brochterbeck;055041;"[""0550410000512""]";20;132;NULL;698.0;2023-10-24 14:20:04+02;01.01.2025;Landrat des Kreises Steinfurt;Vermessungs- und Katasteramt;698;209;NULL;NULL;NULL;NULL;NULL;NULL;NULL;698;209;NULL;NULL;NULL;30;0.30;698;NULL;"[{""anl"": """", ""bko"": """", ""brw"": 3.5, ""dat"": ""0001-01-01 BC"", ""gsm"": false, ""kor"": false, ""soa"": false, ""wrt"": false, ""zgr"": false, ""entw"": ""LF"", ""gabe"": ""Der Gutachterausschuss für Grundstückswerte im Kreis Steinfurt"", ""jahr"": ""2025"", ""nuta"": ""GR"", ""stag"": ""2022-01-01"", ""farbe"": ""5"", ""anl_txt"": ""UNDEFINED"", ""flaeche"": 693.548303009088, ""prozent"": 100.00, ""entw_txt"": ""Fläche der Land- und Forstwirtschaft"", ""nuta_txt"": ""Grünland"", ""farbe_txt"": ""Landwirtschaft"", ""flaeche_amtl"": 698.0}, {""anl"": """", ""bko"": """", ""brw"": 105, ""dat"": ""0001-01-01 BC"", ""gsm"": false, ""kor"": false, ""soa"": false, ""wrt"": false, ""zgr"": false, ""entw"": ""B"", ""gabe"": ""Der Gutachterausschuss für Grundstückswerte im Kreis Steinfurt"", ""jahr"": ""2025"", ""nuta"": ""W"", ""stag"": ""2022-01-01"", ""farbe"": ""6"", ""anl_txt"": ""UNDEFINED"", ""flaeche"": 693.548303009088, ""prozent"": 100.00, ""entw_txt"": ""Baureifes Land"", ""nuta_txt"": ""Wohnbaufläche"", ""farbe_txt"": ""Außenbereich"", ""flaeche_amtl"": 698.0}, {""anl"": """", ""bko"": """", ""brw"": 1, ""dat"": ""0001-01-01 BC"", ""gsm"": false, ""kor"": false, ""soa"": false, ""wrt"": false, ""zgr"": false, ""entw"": ""LF"", ""gabe"": ""Der Gutachterausschuss für Grundstückswerte im Kreis Steinfurt"", ""jahr"": ""2025"", ""nuta"": ""F"", ""stag"": ""2022-01-01"", ""farbe"": ""4"", ""anl_txt"": ""UNDEFINED"", ""flaeche"": 693.548303009088, ""prozent"": 100.00, ""entw_txt"": ""Fläche der Land- und Forstwirtschaft"", ""nuta_txt"": ""forstwirtschaftliche Fläche"", ""farbe_txt"": ""Forstwirtschaft"", ""flaeche_amtl"": 698.0}, {""anl"": """", ""bko"": """", ""brw"": 8, ""dat"": ""0001-01-01 BC"", ""gsm"": false, ""kor"": false, ""soa"": false, ""wrt"": false, ""zgr"": false, ""entw"": ""LF"", ""gabe"": ""Der Gutachterausschuss für Grundstückswerte im Kreis Steinfurt"", ""jahr"": ""2025"", ""nuta"": ""A"", ""stag"": ""2022-01-01"", ""farbe"": ""5"", ""anl_txt"": ""UNDEFINED"", ""flaeche"": 693.548303009088, ""prozent"": 100.00, ""entw_txt"": ""Fläche der Land- und Forstwirtschaft"", ""nuta_txt"": ""Acker"", ""farbe_txt"": ""Landwirtschaft"", ""flaeche_amtl"": 698.0}]";693.548303009088;NULL
103;DENW53AL0000zTWE;05504102100241______;NULL;Kolpingstr.;19;b;49545;Tecklenburg;Tecklenburg;Brochterbeck;055041;"[""0550410000851""]";21;241;NULL;352.0;2023-10-24 14:20:04+02;01.01.2025;Landrat des Kreises Steinfurt;Vermessungs- und Katasteramt;NULL;NULL;NULL;NULL;NULL;NULL;NULL;NULL;NULL;NULL;NULL;NULL;NULL;NULL;30;0.30;352;"[{""m2"": 352, ""emz"": null, ""katasterklassifikation"": ""Wohnbaufläche""}]";"[{""anl"": """", ""bko"": """", ""brw"": 140, ""dat"": ""0001-01-01 BC"", ""gsm"": false, ""kor"": false, ""soa"": false, ""wrt"": false, ""zgr"": false, ""entw"": ""B"", ""gabe"": ""Der Gutachterausschuss für Grundstückswerte im Kreis Steinfurt"", ""jahr"": ""2025"", ""nuta"": ""WA"", ""stag"": ""2022-01-01"", ""farbe"": ""1"", ""anl_txt"": ""UNDEFINED"", ""flaeche"": 352.140928503198, ""prozent"": 100.00, ""entw_txt"": ""Baureifes Land"", ""nuta_txt"": ""allgemeines Wohngebiet"", ""farbe_txt"": ""Ein-/Zweigeschossig"", ""flaeche_amtl"": 352.0}]";352.140928503198;NULL
104;DENW53AL0000zTZk;05504102200275______;NULL;Weststr.;32;NULL;49545;Tecklenburg;Tecklenburg;Brochterbeck;055041;"[""0550410000048""]";22;275;NULL;371.0;2023-10-24 14:20:04+02;01.01.2025;Landrat des Kreises Steinfurt;Vermessungs- und Katasteramt;NULL;NULL;NULL;NULL;NULL;NULL;NULL;NULL;NULL;NULL;NULL;NULL;NULL;NULL;30;0.30;371;"[{""m2"": 371, ""emz"": null, ""katasterklassifikation"": ""Wohnbaufläche""}]";"[{""anl"": """", ""bko"": """", ""brw"": 160, ""dat"": ""0001-01-01 BC"", ""gsm"": false, ""kor"": false, ""soa"": false, ""wrt"": false, ""zgr"": false, ""entw"": ""B"", ""gabe"": ""Der Gutachterausschuss für Grundstückswerte im Kreis Steinfurt"", ""jahr"": ""2025"", ""nuta"": ""WA"", ""stag"": ""2022-01-01"", ""farbe"": ""1"", ""anl_txt"": ""UNDEFINED"", ""flaeche"": 372.755895489531, ""prozent"": 100.00, ""entw_txt"": ""Baureifes Land"", ""nuta_txt"": ""allgemeines Wohngebiet"", ""farbe_txt"": ""Ein-/Zweigeschossig"", ""flaeche_amtl"": 371.0}]";372.755895489531;NULL
105;DENW08AL0000fBEO;05103802000465______;NULL;NULL;NULL;NULL;NULL;NULL;Balve;Garbeck;051038;"[""0510380000920""]";20;465;NULL;1318.0;2024-08-22 14:12:52+02;01.01.2025;Landrat des Märkischen Kreises;Fachdienst 62 - Kataster und Geomanagement;NULL;NULL;NULL;NULL;NULL;NULL;NULL;NULL;NULL;NULL;NULL;NULL;NULL;NULL;44;0.44;1318;"[{""m2"": 1318, ""emz"": null, ""katasterklassifikation"": ""Straßenverkehr""}]";"[{""anl"": """", ""bko"": """", ""brw"": 105, ""dat"": ""0001-01-01 BC"", ""gsm"": false, ""kor"": false, ""soa"": false, ""wrt"": false, ""zgr"": false, ""entw"": ""B"", ""gabe"": ""Der Gutachterausschuss für Grundstückswerte im Märkischen Kreis"", ""jahr"": ""2025"", ""nuta"": ""WA"", ""stag"": ""2022-01-01"", ""farbe"": ""1"", ""anl_txt"": ""UNDEFINED"", ""flaeche"": 1321.93976750149, ""prozent"": 100.00, ""entw_txt"": ""Baureifes Land"", ""nuta_txt"": ""allgemeines Wohngebiet"", ""farbe_txt"": ""Ein-/Zweigeschossig"", ""flaeche_amtl"": 1318.0}]";1321.93976750149;NULL
106;DENW25AL00004vai;05308600200224______;NULL;NULL;NULL;NULL;NULL;NULL;Mülheim an der Ruhr;Dümpten;053086;"[""0530860000740""]";2;224;NULL;15617.0;2023-11-29 16:03:56+01;01.01.2025;Oberbürgermeister der Stadt Mülheim a.d. Ruhr;Vermessung, Kataster und Geodatenmanagement;15617;9839;NULL;NULL;NULL;NULL;NULL;NULL;NULL;15617;9839;NULL;NULL;NULL;65;0.65;15617;NULL;"[{""anl"": """", ""bko"": """", ""brw"": 205, ""dat"": ""0001-01-01 BC"", ""gsm"": false, ""kor"": false, ""soa"": false, ""wrt"": false, ""zgr"": false, ""entw"": ""B"", ""gabe"": ""Der Gutachterausschuss für Grundstückswerte in der Stadt Mülheim an der Ruhr"", ""jahr"": ""2025"", ""nuta"": ""W"", ""stag"": ""2022-01-01"", ""farbe"": ""6"", ""anl_txt"": ""UNDEFINED"", ""flaeche"": 15545.7577765095, ""prozent"": 100.00, ""entw_txt"": ""Baureifes Land"", ""nuta_txt"": ""Wohnbaufläche"", ""farbe_txt"": ""Außenbereich"", ""flaeche_amtl"": 15617.0}, {""anl"": ""1000"", ""bko"": """", ""brw"": 5.5, ""dat"": ""2017-02-14"", ""gsm"": false, ""kor"": true, ""soa"": false, ""wrt"": false, ""zgr"": false, ""entw"": ""LF"", ""gabe"": ""Der Gutachterausschuss für Grundstückswerte in der Stadt Mülheim an der Ruhr"", ""jahr"": ""2025"", ""nuta"": ""L"", ""stag"": ""2022-01-01"", ""farbe"": ""5"", ""anl_txt"": ""Änderungsbeschluss Gutachterausschuss"", ""flaeche"": 15545.7577765095, ""prozent"": 100.00, ""entw_txt"": ""Fläche der Land- und Forstwirtschaft"", ""nuta_txt"": ""landwirtschaftliche Fläche"", ""farbe_txt"": ""Landwirtschaft"", ""flaeche_amtl"": 15617.0}]";15545.7577765095;NULL
107;DENW25AL0000b1v5;05343700301415______;NULL;NULL;NULL;NULL;NULL;NULL;Mülheim an der Ruhr;Winkhausen;053437;"[""0534370000703""]";3;1415;NULL;650.0;2024-02-08 08:55:34+01;01.01.2025;Oberbürgermeister der Stadt Mülheim a.d. Ruhr;Vermessung, Kataster und Geodatenmanagement;NULL;NULL;NULL;NULL;NULL;NULL;NULL;NULL;NULL;NULL;NULL;NULL;NULL;NULL;73;0.73;650;"[{""m2"": 650, ""emz"": null, ""katasterklassifikation"": ""Straßenverkehr""}]";"[{""anl"": ""1000"", ""bko"": """", ""brw"": 410, ""dat"": ""2017-02-14"", ""gsm"": false, ""kor"": true, ""soa"": false, ""wrt"": false, ""zgr"": false, ""entw"": ""B"", ""gabe"": ""Der Gutachterausschuss für Grundstückswerte in der Stadt Mülheim an der Ruhr"", ""jahr"": ""2025"", ""nuta"": ""W"", ""stag"": ""2022-01-01"", ""farbe"": ""1"", ""anl_txt"": ""Änderungsbeschluss Gutachterausschuss"", ""flaeche"": 652.803606488844, ""prozent"": 100.00, ""entw_txt"": ""Baureifes Land"", ""nuta_txt"": ""Wohnbaufläche"", ""farbe_txt"": ""Ein-/Zweigeschossig"", ""flaeche_amtl"": 650.0}]";652.803606488844;NULL
108;DENW30AL0000ETPh;05338000200001______;NULL;NULL;NULL;NULL;NULL;NULL;Rees;Empel;053380;"[""0533800000104""]";2;1;NULL;74988.0;2023-11-30 14:47:41+01;01.01.2025;Landrat des Kreises Kleve;Abteilung 6.2 - Kataster und Vermessung;NULL;NULL;NULL;NULL;NULL;NULL;NULL;NULL;NULL;NULL;NULL;NULL;NULL;NULL;67;0.67;74988;"[{""m2"": 74988, ""emz"": null, ""katasterklassifikation"": ""See""}]";"[{""anl"": """", ""bko"": """", ""brw"": 75, ""dat"": ""0001-01-01 BC"", ""gsm"": false, ""kor"": false, ""soa"": false, ""wrt"": false, ""zgr"": false, ""entw"": ""B"", ""gabe"": ""Der Gutachterausschuss für Grundstückswerte im Kreis Kleve"", ""jahr"": ""2025"", ""nuta"": ""W"", ""stag"": ""2022-01-01"", ""farbe"": ""6"", ""anl_txt"": ""UNDEFINED"", ""flaeche"": 77017.4127499622, ""prozent"": 100.00, ""entw_txt"": ""Baureifes Land"", ""nuta_txt"": ""Wohnbaufläche"", ""farbe_txt"": ""Außenbereich"", ""flaeche_amtl"": 74988.0}, {""anl"": """", ""bko"": """", ""brw"": 38, ""dat"": ""0001-01-01 BC"", ""gsm"": false, ""kor"": false, ""soa"": false, ""wrt"": false, ""zgr"": false, ""entw"": ""B"", ""gabe"": ""Der Gutachterausschuss für Grundstückswerte im Kreis Kleve"", ""jahr"": ""2025"", ""nuta"": ""G"", ""stag"": ""2022-01-01"", ""farbe"": ""6"", ""anl_txt"": ""UNDEFINED"", ""flaeche"": 77017.4127499622, ""prozent"": 100.00, ""entw_txt"": ""Baureifes Land"", ""nuta_txt"": ""gewerbliche Baufläche"", ""farbe_txt"": ""Außenbereich"", ""flaeche_amtl"": 74988.0}, {""anl"": """", ""bko"": """", ""brw"": 6.3, ""dat"": ""0001-01-01 BC"", ""gsm"": false, ""kor"": false, ""soa"": false, ""wrt"": false, ""zgr"": false, ""entw"": ""LF"", ""gabe"": ""Der Gutachterausschuss für Grundstückswerte im Kreis Kleve"", ""jahr"": ""2025"", ""nuta"": ""GR"", ""stag"": ""2022-01-01"", ""farbe"": ""5"", ""anl_txt"": ""UNDEFINED"", ""flaeche"": 77017.4127499622, ""prozent"": 100.00, ""entw_txt"": ""Fläche der Land- und Forstwirtschaft"", ""nuta_txt"": ""Grünland"", ""farbe_txt"": ""Landwirtschaft"", ""flaeche_amtl"": 74988.0}, {""anl"": """", ""bko"": """", ""brw"": 9.7, ""dat"": ""0001-01-01 BC"", ""gsm"": false, ""kor"": false, ""soa"": false, ""wrt"": false, ""zgr"": false, ""entw"": ""LF"", ""gabe"": ""Der Gutachterausschuss für Grundstückswerte im Kreis Kleve"", ""jahr"": ""2025"", ""nuta"": ""A"", ""stag"": ""2022-01-01"", ""farbe"": ""5"", ""anl_txt"": ""UNDEFINED"", ""flaeche"": 77017.4127499622, ""prozent"": 100.00, ""entw_txt"": ""Fläche der Land- und Forstwirtschaft"", ""nuta_txt"": ""Acker"", ""farbe_txt"": ""Landwirtschaft"", ""flaeche_amtl"": 74988.0}, {""anl"": """", ""bko"": """", ""brw"": 0.6, ""dat"": ""0001-01-01 BC"", ""gsm"": false, ""kor"": false, ""soa"": false, ""wrt"": false, ""zgr"": false, ""entw"": ""LF"", ""gabe"": ""Der Gutachterausschuss für Grundstückswerte im Kreis Kleve"", ""jahr"": ""2025"", ""nuta"": ""F"", ""stag"": ""2022-01-01"", ""farbe"": ""4"", ""anl_txt"": ""UNDEFINED"", ""flaeche"": 77017.4127499622, ""prozent"": 100.00, ""entw_txt"": ""Fläche der Land- und Forstwirtschaft"", ""nuta_txt"": ""forstwirtschaftliche Fläche"", ""farbe_txt"": ""Forstwirtschaft"", ""flaeche_amtl"": 74988.0}]";77017.4127499622;NULL
109;DENW25AL0000eruE;05343600601253______;NULL;NULL;NULL;NULL;NULL;NULL;Mülheim an der Ruhr;Fulerum;053436;"[""0534360000936""]";6;1253;NULL;2587.0;2023-11-29 16:03:56+01;01.01.2025;Oberbürgermeister der Stadt Mülheim a.d. Ruhr;Vermessung, Kataster und Geodatenmanagement;NULL;NULL;NULL;NULL;NULL;NULL;NULL;NULL;NULL;NULL;NULL;NULL;NULL;NULL;77;0.77;2587;"[{""m2"": 2587, ""emz"": null, ""katasterklassifikation"": ""Straßenverkehr""}]";"[{""anl"": ""1000"", ""bko"": """", ""brw"": 430, ""dat"": ""2017-02-14"", ""gsm"": false, ""kor"": true, ""soa"": false, ""wrt"": false, ""zgr"": false, ""entw"": ""B"", ""gabe"": ""Der Gutachterausschuss für Grundstückswerte in der Stadt Mülheim an der Ruhr"", ""jahr"": ""2025"", ""nuta"": ""W"", ""stag"": ""2022-01-01"", ""farbe"": ""1"", ""anl_txt"": ""Änderungsbeschluss Gutachterausschuss"", ""flaeche"": 2191.70220506647, ""prozent"": 84.63623430774977048500, ""entw_txt"": ""Baureifes Land"", ""nuta_txt"": ""Wohnbaufläche"", ""farbe_txt"": ""Ein-/Zweigeschossig"", ""flaeche_amtl"": 2189.539381541486562446950}, {""anl"": """", ""bko"": """", ""brw"": 420, ""dat"": ""0001-01-01 BC"", ""gsm"": false, ""kor"": false, ""soa"": false, ""wrt"": false, ""zgr"": false, ""entw"": ""B"", ""gabe"": ""Der Gutachterausschuss für Grundstückswerte in der Stadt Mülheim an der Ruhr"", ""jahr"": ""2025"", ""nuta"": ""W"", ""stag"": ""2022-01-01"", ""farbe"": ""1"", ""anl_txt"": ""UNDEFINED"", ""flaeche"": 397.785899955079, ""prozent"": 15.36116565247335619000, ""entw_txt"": ""Baureifes Land"", ""nuta_txt"": ""Wohnbaufläche"", ""farbe_txt"": ""Ein-/Zweigeschossig"", ""flaeche_amtl"": 397.393355429485724635300}]";2589.55543449289;NULL
110;DENW25AL0000j51V;05308900701662______;NULL;NULL;NULL;NULL;NULL;NULL;Mülheim an der Ruhr;Heißen;053089;"[""0530890001117""]";7;1662;NULL;2585.0;2023-11-29 16:03:56+01;01.01.2025;Oberbürgermeister der Stadt Mülheim a.d. Ruhr;Vermessung, Kataster und Geodatenmanagement;NULL;NULL;NULL;NULL;NULL;NULL;NULL;NULL;NULL;NULL;NULL;NULL;NULL;NULL;78;0.78;2585;"[{""m2"": 4, ""emz"": null, ""katasterklassifikation"": ""Verkehrsbegleitfläche Straße""}, {""m2"": 2581, ""emz"": null, ""katasterklassifikation"": ""Straßenverkehr""}]";"[{""anl"": ""1000"", ""bko"": """", ""brw"": 330, ""dat"": ""2017-02-14"", ""gsm"": false, ""kor"": true, ""soa"": false, ""wrt"": false, ""zgr"": false, ""entw"": ""B"", ""gabe"": ""Der Gutachterausschuss für Grundstückswerte in der Stadt Mülheim an der Ruhr"", ""jahr"": ""2025"", ""nuta"": ""W"", ""stag"": ""2022-01-01"", ""farbe"": ""1"", ""anl_txt"": ""Änderungsbeschluss Gutachterausschuss"", ""flaeche"": 2546.52547129424, ""prozent"": 98.89463812541641950500, ""entw_txt"": ""Baureifes Land"", ""nuta_txt"": ""Wohnbaufläche"", ""farbe_txt"": ""Ein-/Zweigeschossig"", ""flaeche_amtl"": 2556.426395542014444204250}, {""anl"": ""1000"", ""bko"": """", ""brw"": 390, ""dat"": ""2017-02-14"", ""gsm"": false, ""kor"": true, ""soa"": false, ""wrt"": false, ""zgr"": false, ""entw"": ""B"", ""gabe"": ""Der Gutachterausschuss für Grundstückswerte in der Stadt Mülheim an der Ruhr"", ""jahr"": ""2025"", ""nuta"": ""W"", ""stag"": ""2022-01-01"", ""farbe"": ""2"", ""anl_txt"": ""Änderungsbeschluss Gutachterausschuss"", ""flaeche"": 2546.52547129424, ""prozent"": 98.89463812541641950500, ""entw_txt"": ""Baureifes Land"", ""nuta_txt"": ""Wohnbaufläche"", ""farbe_txt"": ""Misch-/Mehrgeschossig"", ""flaeche_amtl"": 2556.426395542014444204250}]";2574.98841146957;NULL
111;DENW12AL0000bTLb;05129801600318______;NULL;NULL;NULL;NULL;NULL;NULL;Schwerte;Schwerte;051298;"[""0512980002716""]";16;318;NULL;5724.0;2023-12-08 09:54:59+01;01.01.2025;Landrat des Kreises Unna;Fachbereich Geoinformation und Kataster;NULL;NULL;NULL;NULL;NULL;NULL;NULL;NULL;NULL;NULL;NULL;NULL;NULL;NULL;61;0.61;5724;"[{""m2"": 3192, ""emz"": null, ""katasterklassifikation"": ""Straßenverkehr""}, {""m2"": 2532, ""emz"": null, ""katasterklassifikation"": ""Weg""}]";"[{""anl"": """", ""bko"": """", ""brw"": 210, ""dat"": ""0001-01-01 BC"", ""gsm"": false, ""kor"": false, ""soa"": false, ""wrt"": false, ""zgr"": false, ""entw"": ""B"", ""gabe"": ""Der Gutachterausschuss für Grundstückswerte im Kreis Unna"", ""jahr"": ""2025"", ""nuta"": ""MI"", ""stag"": ""2022-01-01"", ""farbe"": ""2"", ""anl_txt"": ""UNDEFINED"", ""flaeche"": 3136.61007020165, ""prozent"": 54.34086119228369192000, ""entw_txt"": ""Baureifes Land"", ""nuta_txt"": ""Mischgebiet"", ""farbe_txt"": ""Misch-/Mehrgeschossig"", ""flaeche_amtl"": 3110.470894646318525500800}, {""anl"": """", ""bko"": """", ""brw"": 220, ""dat"": ""0001-01-01 BC"", ""gsm"": false, ""kor"": false, ""soa"": false, ""wrt"": false, ""zgr"": false, ""entw"": ""B"", ""gabe"": ""Der Gutachterausschuss für Grundstückswerte im Kreis Unna"", ""jahr"": ""2025"", ""nuta"": ""W"", ""stag"": ""2022-01-01"", ""farbe"": ""2"", ""anl_txt"": ""UNDEFINED"", ""flaeche"": 2635.49217731756, ""prozent"": 45.65913880769881012300, ""entw_txt"": ""Baureifes Land"", ""nuta_txt"": ""Wohnbaufläche"", ""farbe_txt"": ""Misch-/Mehrgeschossig"", ""flaeche_amtl"": 2613.529105352679891440520}]";5772.10224752022;NULL
112;DENW43AL0001B6yE;05450100201744______;NULL;Erkelenzer Straße;99;NULL;41849;Wassenberg;Wassenberg;Wassenberg;054501;"[""0545010001810""]";2;1744;NULL;661.0;2024-01-26 10:52:34+01;01.01.2025;Landrat des Kreises Heinsberg;Vermessungs- und Katasteramt;NULL;NULL;NULL;NULL;NULL;NULL;NULL;NULL;NULL;NULL;NULL;NULL;NULL;NULL;52;0.52;661;"[{""m2"": 661, ""emz"": null, ""katasterklassifikation"": ""Wohnbaufläche""}]";"[{""anl"": """", ""bko"": """", ""brw"": 200, ""dat"": ""0001-01-01 BC"", ""gsm"": false, ""kor"": false, ""soa"": false, ""wrt"": false, ""zgr"": false, ""entw"": ""B"", ""gabe"": ""Der Gutachterausschuss für Grundstückswerte im Kreis Heinsberg"", ""jahr"": ""2025"", ""nuta"": ""W"", ""stag"": ""2022-01-01"", ""farbe"": ""1"", ""anl_txt"": ""UNDEFINED"", ""flaeche"": 661.410743995696, ""prozent"": 100.00, ""entw_txt"": ""Baureifes Land"", ""nuta_txt"": ""Wohnbaufläche"", ""farbe_txt"": ""Ein-/Zweigeschossig"", ""flaeche_amtl"": 661.0}]";661.410743995696;NULL
113;DENW36AL10002Gdz;05430107000027______;NULL;Landgrabenweg;13;NULL;53227;Bonn;Bonn;Beuel;054301;"[""0543010020527""]";70;27;NULL;948.0;2013-03-01 09:22:09+01;01.01.2025;Oberbürgermeisterin der Bundesstadt Bonn;Amt für Bodenmanagement und Geoinformation;NULL;NULL;NULL;NULL;NULL;NULL;NULL;NULL;NULL;NULL;NULL;NULL;NULL;NULL;58;0.58;948;"[{""m2"": 948, ""emz"": null, ""katasterklassifikation"": ""Wohnbaufläche""}]";"[{""anl"": """", ""bko"": """", ""brw"": 840, ""dat"": ""0001-01-01 BC"", ""gsm"": false, ""kor"": false, ""soa"": false, ""wrt"": false, ""zgr"": false, ""entw"": ""B"", ""gabe"": ""Der Gutachterausschuss für Grundstückswerte in der Bundesstadt Bonn"", ""jahr"": ""2025"", ""nuta"": ""W"", ""stag"": ""2022-01-01"", ""farbe"": ""1"", ""anl_txt"": ""UNDEFINED"", ""flaeche"": 942.308506506518, ""prozent"": 100.00, ""entw_txt"": ""Baureifes Land"", ""nuta_txt"": ""Wohnbaufläche"", ""farbe_txt"": ""Ein-/Zweigeschossig"", ""flaeche_amtl"": 948.0}]";942.308506506518;NULL
114;DENW30AL0000pvZS;05338100400165______;NULL;NULL;NULL;NULL;NULL;NULL;Rees;Millingen;053381;"[""0533800000055""]";4;165;NULL;3.0;2023-12-06 15:37:01+01;01.01.2025;Landrat des Kreises Kleve;Abteilung 6.2 - Kataster und Vermessung;NULL;NULL;NULL;NULL;NULL;NULL;NULL;NULL;NULL;NULL;NULL;NULL;NULL;NULL;64;0.64;3;"[{""m2"": 3, ""emz"": null, ""katasterklassifikation"": ""Kraftwerk""}]";"[{""anl"": """", ""bko"": """", ""brw"": 6.3, ""dat"": ""0001-01-01 BC"", ""gsm"": false, ""kor"": false, ""soa"": false, ""wrt"": false, ""zgr"": false, ""entw"": ""LF"", ""gabe"": ""Der Gutachterausschuss für Grundstückswerte im Kreis Kleve"", ""jahr"": ""2025"", ""nuta"": ""GR"", ""stag"": ""2022-01-01"", ""farbe"": ""5"", ""anl_txt"": ""UNDEFINED"", ""flaeche"": 4.76065449993118, ""prozent"": 100.00, ""entw_txt"": ""Fläche der Land- und Forstwirtschaft"", ""nuta_txt"": ""Grünland"", ""farbe_txt"": ""Landwirtschaft"", ""flaeche_amtl"": 3.0}, {""anl"": """", ""bko"": """", ""brw"": 38, ""dat"": ""0001-01-01 BC"", ""gsm"": false, ""kor"": false, ""soa"": false, ""wrt"": false, ""zgr"": false, ""entw"": ""B"", ""gabe"": ""Der Gutachterausschuss für Grundstückswerte im Kreis Kleve"", ""jahr"": ""2025"", ""nuta"": ""G"", ""stag"": ""2022-01-01"", ""farbe"": ""6"", ""anl_txt"": ""UNDEFINED"", ""flaeche"": 4.76065449993118, ""prozent"": 100.00, ""entw_txt"": ""Baureifes Land"", ""nuta_txt"": ""gewerbliche Baufläche"", ""farbe_txt"": ""Außenbereich"", ""flaeche_amtl"": 3.0}, {""anl"": """", ""bko"": """", ""brw"": 75, ""dat"": ""0001-01-01 BC"", ""gsm"": false, ""kor"": false, ""soa"": false, ""wrt"": false, ""zgr"": false, ""entw"": ""B"", ""gabe"": ""Der Gutachterausschuss für Grundstückswerte im Kreis Kleve"", ""jahr"": ""2025"", ""nuta"": ""W"", ""stag"": ""2022-01-01"", ""farbe"": ""6"", ""anl_txt"": ""UNDEFINED"", ""flaeche"": 4.76065449993118, ""prozent"": 100.00, ""entw_txt"": ""Baureifes Land"", ""nuta_txt"": ""Wohnbaufläche"", ""farbe_txt"": ""Außenbereich"", ""flaeche_amtl"": 3.0}, {""anl"": """", ""bko"": """", ""brw"": 9.7, ""dat"": ""0001-01-01 BC"", ""gsm"": false, ""kor"": false, ""soa"": false, ""wrt"": false, ""zgr"": false, ""entw"": ""LF"", ""gabe"": ""Der Gutachterausschuss für Grundstückswerte im Kreis Kleve"", ""jahr"": ""2025"", ""nuta"": ""A"", ""stag"": ""2022-01-01"", ""farbe"": ""5"", ""anl_txt"": ""UNDEFINED"", ""flaeche"": 4.76065449993118, ""prozent"": 100.00, ""entw_txt"": ""Fläche der Land- und Forstwirtschaft"", ""nuta_txt"": ""Acker"", ""farbe_txt"": ""Landwirtschaft"", ""flaeche_amtl"": 3.0}, {""anl"": """", ""bko"": """", ""brw"": 0.6, ""dat"": ""0001-01-01 BC"", ""gsm"": false, ""kor"": false, ""soa"": false, ""wrt"": false, ""zgr"": false, ""entw"": ""LF"", ""gabe"": ""Der Gutachterausschuss für Grundstückswerte im Kreis Kleve"", ""jahr"": ""2025"", ""nuta"": ""F"", ""stag"": ""2022-01-01"", ""farbe"": ""4"", ""anl_txt"": ""UNDEFINED"", ""flaeche"": 4.76065449993118, ""prozent"": 100.00, ""entw_txt"": ""Fläche der Land- und Forstwirtschaft"", ""nuta_txt"": ""forstwirtschaftliche Fläche"", ""farbe_txt"": ""Forstwirtschaft"", ""flaeche_amtl"": 3.0}]";4.76065449993118;NULL
115;DENW53AL0000zTpJ;05504100700472______;NULL;NULL;NULL;NULL;NULL;NULL;Tecklenburg;Brochterbeck;055041;"[""0550410000565""]";7;472;NULL;0.0;2023-10-24 14:20:04+02;01.01.2025;Landrat des Kreises Steinfurt;Vermessungs- und Katasteramt;NULL;NULL;NULL;NULL;NULL;NULL;NULL;NULL;NULL;NULL;NULL;NULL;0;0;30;0.30;0;NULL;"[{""anl"": """", ""bko"": """", ""brw"": 105, ""dat"": ""0001-01-01 BC"", ""gsm"": false, ""kor"": false, ""soa"": false, ""wrt"": false, ""zgr"": false, ""entw"": ""B"", ""gabe"": ""Der Gutachterausschuss für Grundstückswerte im Kreis Steinfurt"", ""jahr"": ""2025"", ""nuta"": ""W"", ""stag"": ""2022-01-01"", ""farbe"": ""6"", ""anl_txt"": ""UNDEFINED"", ""flaeche"": 0.0628649998161034, ""prozent"": 100.00000000000000000000, ""entw_txt"": ""Baureifes Land"", ""nuta_txt"": ""Wohnbaufläche"", ""farbe_txt"": ""Außenbereich"", ""flaeche_amtl"": 0.000000000000000000000}, {""anl"": """", ""bko"": """", ""brw"": 3.5, ""dat"": ""0001-01-01 BC"", ""gsm"": false, ""kor"": false, ""soa"": false, ""wrt"": false, ""zgr"": false, ""entw"": ""LF"", ""gabe"": ""Der Gutachterausschuss für Grundstückswerte im Kreis Steinfurt"", ""jahr"": ""2025"", ""nuta"": ""GR"", ""stag"": ""2022-01-01"", ""farbe"": ""5"", ""anl_txt"": ""UNDEFINED"", ""flaeche"": 0.0628649998161034, ""prozent"": 100.00000000000000000000, ""entw_txt"": ""Fläche der Land- und Forstwirtschaft"", ""nuta_txt"": ""Grünland"", ""farbe_txt"": ""Landwirtschaft"", ""flaeche_amtl"": 0.000000000000000000000}, {""anl"": """", ""bko"": """", ""brw"": 8, ""dat"": ""0001-01-01 BC"", ""gsm"": false, ""kor"": false, ""soa"": false, ""wrt"": false, ""zgr"": false, ""entw"": ""LF"", ""gabe"": ""Der Gutachterausschuss für Grundstückswerte im Kreis Steinfurt"", ""jahr"": ""2025"", ""nuta"": ""A"", ""stag"": ""2022-01-01"", ""farbe"": ""5"", ""anl_txt"": ""UNDEFINED"", ""flaeche"": 0.0628649998161034, ""prozent"": 100.00000000000000000000, ""entw_txt"": ""Fläche der Land- und Forstwirtschaft"", ""nuta_txt"": ""Acker"", ""farbe_txt"": ""Landwirtschaft"", ""flaeche_amtl"": 0.000000000000000000000}, {""anl"": """", ""bko"": """", ""brw"": 1, ""dat"": ""0001-01-01 BC"", ""gsm"": false, ""kor"": false, ""soa"": false, ""wrt"": false, ""zgr"": false, ""entw"": ""LF"", ""gabe"": ""Der Gutachterausschuss für Grundstückswerte im Kreis Steinfurt"", ""jahr"": ""2025"", ""nuta"": ""F"", ""stag"": ""2022-01-01"", ""farbe"": ""4"", ""anl_txt"": ""UNDEFINED"", ""flaeche"": 0.0628649998161034, ""prozent"": 100.00000000000000000000, ""entw_txt"": ""Fläche der Land- und Forstwirtschaft"", ""nuta_txt"": ""forstwirtschaftliche Fläche"", ""farbe_txt"": ""Forstwirtschaft"", ""flaeche_amtl"": 0.000000000000000000000}]";0.0628649998161034;NULL
116;DENW30AL0000riao;05337500100154______;NULL;Herkener Weg;23;NULL;46459;Rees;Rees;Heeren-Herken;053375;"[""0533750000025""]";1;154;NULL;201296.0;2023-11-30 14:47:41+01;01.01.2025;Landrat des Kreises Kleve;Abteilung 6.2 - Kataster und Vermessung;198178;96963;NULL;NULL;NULL;NULL;NULL;NULL;NULL;198178;96963;NULL;NULL;NULL;54;0.54;201296;"[{""m2"": 1673, ""emz"": null, ""katasterklassifikation"": ""Weg""}, {""m2"": 1110, ""emz"": null, ""katasterklassifikation"": ""Gebäude- und Freifläche Land- und Forstwirtschaft""}, {""m2"": 335, ""emz"": null, ""katasterklassifikation"": ""Graben""}]";"[{""anl"": """", ""bko"": """", ""brw"": 75, ""dat"": ""0001-01-01 BC"", ""gsm"": false, ""kor"": false, ""soa"": false, ""wrt"": false, ""zgr"": false, ""entw"": ""B"", ""gabe"": ""Der Gutachterausschuss für Grundstückswerte im Kreis Kleve"", ""jahr"": ""2025"", ""nuta"": ""W"", ""stag"": ""2022-01-01"", ""farbe"": ""6"", ""anl_txt"": ""UNDEFINED"", ""flaeche"": 201087.852397479, ""prozent"": 100.00, ""entw_txt"": ""Baureifes Land"", ""nuta_txt"": ""Wohnbaufläche"", ""farbe_txt"": ""Außenbereich"", ""flaeche_amtl"": 201296.0}, {""anl"": """", ""bko"": """", ""brw"": 38, ""dat"": ""0001-01-01 BC"", ""gsm"": false, ""kor"": false, ""soa"": false, ""wrt"": false, ""zgr"": false, ""entw"": ""B"", ""gabe"": ""Der Gutachterausschuss für Grundstückswerte im Kreis Kleve"", ""jahr"": ""2025"", ""nuta"": ""G"", ""stag"": ""2022-01-01"", ""farbe"": ""6"", ""anl_txt"": ""UNDEFINED"", ""flaeche"": 201087.852397479, ""prozent"": 100.00, ""entw_txt"": ""Baureifes Land"", ""nuta_txt"": ""gewerbliche Baufläche"", ""farbe_txt"": ""Außenbereich"", ""flaeche_amtl"": 201296.0}, {""anl"": """", ""bko"": """", ""brw"": 9.7, ""dat"": ""0001-01-01 BC"", ""gsm"": false, ""kor"": false, ""soa"": false, ""wrt"": false, ""zgr"": false, ""entw"": ""LF"", ""gabe"": ""Der Gutachterausschuss für Grundstückswerte im Kreis Kleve"", ""jahr"": ""2025"", ""nuta"": ""A"", ""stag"": ""2022-01-01"", ""farbe"": ""5"", ""anl_txt"": ""UNDEFINED"", ""flaeche"": 201087.852397479, ""prozent"": 100.00, ""entw_txt"": ""Fläche der Land- und Forstwirtschaft"", ""nuta_txt"": ""Acker"", ""farbe_txt"": ""Landwirtschaft"", ""flaeche_amtl"": 201296.0}, {""anl"": """", ""bko"": """", ""brw"": 0.6, ""dat"": ""0001-01-01 BC"", ""gsm"": false, ""kor"": false, ""soa"": false, ""wrt"": false, ""zgr"": false, ""entw"": ""LF"", ""gabe"": ""Der Gutachterausschuss für Grundstückswerte im Kreis Kleve"", ""jahr"": ""2025"", ""nuta"": ""F"", ""stag"": ""2022-01-01"", ""farbe"": ""4"", ""anl_txt"": ""UNDEFINED"", ""flaeche"": 201087.852397479, ""prozent"": 100.00, ""entw_txt"": ""Fläche der Land- und Forstwirtschaft"", ""nuta_txt"": ""forstwirtschaftliche Fläche"", ""farbe_txt"": ""Forstwirtschaft"", ""flaeche_amtl"": 201296.0}, {""anl"": """", ""bko"": """", ""brw"": 6.3, ""dat"": ""0001-01-01 BC"", ""gsm"": false, ""kor"": false, ""soa"": false, ""wrt"": false, ""zgr"": false, ""entw"": ""LF"", ""gabe"": ""Der Gutachterausschuss für Grundstückswerte im Kreis Kleve"", ""jahr"": ""2025"", ""nuta"": ""GR"", ""stag"": ""2022-01-01"", ""farbe"": ""5"", ""anl_txt"": ""UNDEFINED"", ""flaeche"": 201087.852397479, ""prozent"": 100.00, ""entw_txt"": ""Fläche der Land- und Forstwirtschaft"", ""nuta_txt"": ""Grünland"", ""farbe_txt"": ""Landwirtschaft"", ""flaeche_amtl"": 201296.0}]";201087.852397479;NULL
117;DENW30AL0001cgLM;05338100400621______;NULL;NULL;NULL;NULL;NULL;NULL;Rees;Millingen;053381;"[""0533810000418""]";4;621;NULL;14536.0;2023-11-30 14:47:41+01;01.01.2025;Landrat des Kreises Kleve;Abteilung 6.2 - Kataster und Vermessung;NULL;NULL;NULL;NULL;NULL;NULL;NULL;NULL;NULL;NULL;NULL;NULL;NULL;NULL;64;0.64;14536;"[{""m2"": 13563, ""emz"": null, ""katasterklassifikation"": ""Straßenverkehr""}, {""m2"": 973, ""emz"": null, ""katasterklassifikation"": ""Verkehrsbegleitfläche Straße""}]";"[{""anl"": """", ""bko"": """", ""brw"": 75, ""dat"": ""0001-01-01 BC"", ""gsm"": false, ""kor"": false, ""soa"": false, ""wrt"": false, ""zgr"": false, ""entw"": ""B"", ""gabe"": ""Der Gutachterausschuss für Grundstückswerte im Kreis Kleve"", ""jahr"": ""2025"", ""nuta"": ""W"", ""stag"": ""2022-01-01"", ""farbe"": ""6"", ""anl_txt"": ""UNDEFINED"", ""flaeche"": 14651.3548415378, ""prozent"": 100.00, ""entw_txt"": ""Baureifes Land"", ""nuta_txt"": ""Wohnbaufläche"", ""farbe_txt"": ""Außenbereich"", ""flaeche_amtl"": 14536.0}, {""anl"": """", ""bko"": """", ""brw"": 38, ""dat"": ""0001-01-01 BC"", ""gsm"": false, ""kor"": false, ""soa"": false, ""wrt"": false, ""zgr"": false, ""entw"": ""B"", ""gabe"": ""Der Gutachterausschuss für Grundstückswerte im Kreis Kleve"", ""jahr"": ""2025"", ""nuta"": ""G"", ""stag"": ""2022-01-01"", ""farbe"": ""6"", ""anl_txt"": ""UNDEFINED"", ""flaeche"": 14651.3548415378, ""prozent"": 100.00, ""entw_txt"": ""Baureifes Land"", ""nuta_txt"": ""gewerbliche Baufläche"", ""farbe_txt"": ""Außenbereich"", ""flaeche_amtl"": 14536.0}, {""anl"": """", ""bko"": """", ""brw"": 6.3, ""dat"": ""0001-01-01 BC"", ""gsm"": false, ""kor"": false, ""soa"": false, ""wrt"": false, ""zgr"": false, ""entw"": ""LF"", ""gabe"": ""Der Gutachterausschuss für Grundstückswerte im Kreis Kleve"", ""jahr"": ""2025"", ""nuta"": ""GR"", ""stag"": ""2022-01-01"", ""farbe"": ""5"", ""anl_txt"": ""UNDEFINED"", ""flaeche"": 14651.3548415378, ""prozent"": 100.00, ""entw_txt"": ""Fläche der Land- und Forstwirtschaft"", ""nuta_txt"": ""Grünland"", ""farbe_txt"": ""Landwirtschaft"", ""flaeche_amtl"": 14536.0}, {""anl"": """", ""bko"": """", ""brw"": 0.6, ""dat"": ""0001-01-01 BC"", ""gsm"": false, ""kor"": false, ""soa"": false, ""wrt"": false, ""zgr"": false, ""entw"": ""LF"", ""gabe"": ""Der Gutachterausschuss für Grundstückswerte im Kreis Kleve"", ""jahr"": ""2025"", ""nuta"": ""F"", ""stag"": ""2022-01-01"", ""farbe"": ""4"", ""anl_txt"": ""UNDEFINED"", ""flaeche"": 14651.3548415378, ""prozent"": 100.00, ""entw_txt"": ""Fläche der Land- und Forstwirtschaft"", ""nuta_txt"": ""forstwirtschaftliche Fläche"", ""farbe_txt"": ""Forstwirtschaft"", ""flaeche_amtl"": 14536.0}, {""anl"": """", ""bko"": """", ""brw"": 9.7, ""dat"": ""0001-01-01 BC"", ""gsm"": false, ""kor"": false, ""soa"": false, ""wrt"": false, ""zgr"": false, ""entw"": ""LF"", ""gabe"": ""Der Gutachterausschuss für Grundstückswerte im Kreis Kleve"", ""jahr"": ""2025"", ""nuta"": ""A"", ""stag"": ""2022-01-01"", ""farbe"": ""5"", ""anl_txt"": ""UNDEFINED"", ""flaeche"": 14651.3548415378, ""prozent"": 100.00, ""entw_txt"": ""Fläche der Land- und Forstwirtschaft"", ""nuta_txt"": ""Acker"", ""farbe_txt"": ""Landwirtschaft"", ""flaeche_amtl"": 14536.0}]";14651.3548415378;NULL
118;DENW08AL0000mdHM;05141800800121______;NULL;NULL;NULL;NULL;NULL;NULL;Iserlohn;Hennen;051418;"[""0514180000001""]";8;121;NULL;2967.0;2023-12-04 12:27:22+01;01.01.2025;Landrat des Märkischen Kreises;Fachdienst 62 - Kataster und Geomanagement;NULL;NULL;NULL;NULL;NULL;NULL;NULL;NULL;NULL;NULL;NULL;NULL;NULL;NULL;53;0.53;2967;"[{""m2"": 2967, ""emz"": null, ""katasterklassifikation"": ""Straßenverkehr""}]";"[{""anl"": """", ""bko"": """", ""brw"": 205, ""dat"": ""0001-01-01 BC"", ""gsm"": false, ""kor"": false, ""soa"": false, ""wrt"": false, ""zgr"": false, ""entw"": ""B"", ""gabe"": ""Der Gutachterausschuss für Grundstückswerte in der Stadt Iserlohn"", ""jahr"": ""2025"", ""nuta"": ""WR"", ""stag"": ""2022-01-01"", ""farbe"": ""1"", ""anl_txt"": ""UNDEFINED"", ""flaeche"": 2959.70051850067, ""prozent"": 100.00, ""entw_txt"": ""Baureifes Land"", ""nuta_txt"": ""reines Wohngebiet"", ""farbe_txt"": ""Ein-/Zweigeschossig"", ""flaeche_amtl"": 2967.0}]";2959.70051850067;NULL
119;DENW18AL00000MRe;05271101000648______;NULL;NULL;NULL;NULL;NULL;NULL;Preußisch Oldendorf;Börninghausen;052711;"[""0527110000021""]";10;648;NULL;8675.0;2023-12-07 18:31:29+01;01.01.2025;Landrätin des Kreises Minden-Lübbecke;Kataster- und Vermessungsamt;NULL;NULL;NULL;NULL;NULL;NULL;NULL;NULL;NULL;NULL;NULL;NULL;NULL;NULL;62;0.62;8675;"[{""m2"": 3502, ""emz"": null, ""katasterklassifikation"": ""Verkehrsbegleitfläche Straße""}, {""m2"": 5174, ""emz"": null, ""katasterklassifikation"": ""Straßenverkehr""}]";"[{""anl"": """", ""bko"": """", ""brw"": 35, ""dat"": ""0001-01-01 BC"", ""gsm"": false, ""kor"": false, ""soa"": false, ""wrt"": false, ""zgr"": false, ""entw"": ""B"", ""gabe"": ""Der Gutachterausschuss für Grundstückswerte im Kreis Minden-Lübbecke"", ""jahr"": ""2025"", ""nuta"": ""W"", ""stag"": ""2022-01-01"", ""farbe"": ""6"", ""anl_txt"": ""UNDEFINED"", ""flaeche"": 7377.86156942568, ""prozent"": 84.44217535488760577500, ""entw_txt"": ""Baureifes Land"", ""nuta_txt"": ""Wohnbaufläche"", ""farbe_txt"": ""Außenbereich"", ""flaeche_amtl"": 7325.358712036499800981250}, {""anl"": """", ""bko"": """", ""brw"": 1.6, ""dat"": ""0001-01-01 BC"", ""gsm"": false, ""kor"": false, ""soa"": false, ""wrt"": false, ""zgr"": false, ""entw"": ""LF"", ""gabe"": ""Der Gutachterausschuss für Grundstückswerte im Kreis Minden-Lübbecke"", ""jahr"": ""2025"", ""nuta"": ""GR"", ""stag"": ""2022-01-01"", ""farbe"": ""5"", ""anl_txt"": ""UNDEFINED"", ""flaeche"": 7377.86156942568, ""prozent"": 84.44217535488760577500, ""entw_txt"": ""Fläche der Land- und Forstwirtschaft"", ""nuta_txt"": ""Grünland"", ""farbe_txt"": ""Landwirtschaft"", ""flaeche_amtl"": 7325.358712036499800981250}, {""anl"": """", ""bko"": """", ""brw"": 0.5, ""dat"": ""0001-01-01 BC"", ""gsm"": false, ""kor"": false, ""soa"": false, ""wrt"": false, ""zgr"": false, ""entw"": ""LF"", ""gabe"": ""Der Gutachterausschuss für Grundstückswerte im Kreis Minden-Lübbecke"", ""jahr"": ""2025"", ""nuta"": ""F"", ""stag"": ""2022-01-01"", ""farbe"": ""4"", ""anl_txt"": ""UNDEFINED"", ""flaeche"": 7377.86156942568, ""prozent"": 84.44217535488760577500, ""entw_txt"": ""Fläche der Land- und Forstwirtschaft"", ""nuta_txt"": ""forstwirtschaftliche Fläche"", ""farbe_txt"": ""Forstwirtschaft"", ""flaeche_amtl"": 7325.358712036499800981250}, {""anl"": """", ""bko"": """", ""brw"": 4.1, ""dat"": ""0001-01-01 BC"", ""gsm"": false, ""kor"": false, ""soa"": false, ""wrt"": false, ""zgr"": false, ""entw"": ""LF"", ""gabe"": ""Der Gutachterausschuss für Grundstückswerte im Kreis Minden-Lübbecke"", ""jahr"": ""2025"", ""nuta"": ""A"", ""stag"": ""2022-01-01"", ""farbe"": ""5"", ""anl_txt"": ""UNDEFINED"", ""flaeche"": 7377.63832211208, ""prozent"": 84.43962021223209153600, ""entw_txt"": ""Fläche der Land- und Forstwirtschaft"", ""nuta_txt"": ""Acker"", ""farbe_txt"": ""Landwirtschaft"", ""flaeche_amtl"": 7325.137053411133940748000}, {""anl"": """", ""bko"": """", ""brw"": 60, ""dat"": ""0001-01-01 BC"", ""gsm"": false, ""kor"": false, ""soa"": false, ""wrt"": false, ""zgr"": false, ""entw"": ""B"", ""gabe"": ""Der Gutachterausschuss für Grundstückswerte im Kreis Minden-Lübbecke"", ""jahr"": ""2025"", ""nuta"": ""W"", ""stag"": ""2022-01-01"", ""farbe"": ""1"", ""anl_txt"": ""UNDEFINED"", ""flaeche"": 1359.31453637145, ""prozent"": 15.55782463016053811000, ""entw_txt"": ""Baureifes Land"", ""nuta_txt"": ""Wohnbaufläche"", ""farbe_txt"": ""Ein-/Zweigeschossig"", ""flaeche_amtl"": 1349.641286666426681042500}]";8737.1761071035;NULL
120;DENW18AL00004q73;052751006000130006__;NULL;NULL;NULL;NULL;NULL;NULL;Preußisch Oldendorf;Holzhausen;052751;"[""0527510000187""]";6;13;6;276478.0;2023-12-07 18:31:29+01;01.01.2025;Landrätin des Kreises Minden-Lübbecke;Kataster- und Vermessungsamt;259787;139843;400;NULL;NULL;NULL;NULL;NULL;NULL;259787;140243;6413;2153;8567;63;0.63;276478;"[{""m2"": 795, ""emz"": null, ""katasterklassifikation"": ""Bach""}, {""m2"": 3910, ""emz"": null, ""katasterklassifikation"": ""Graben""}, {""m2"": 1633, ""emz"": null, ""katasterklassifikation"": ""Teich""}, {""m2"": 1787, ""emz"": 1217, ""katasterklassifikation"": ""Gartenland""}]";"[{""anl"": """", ""bko"": """", ""brw"": 2, ""dat"": ""0001-01-01 BC"", ""gsm"": false, ""kor"": false, ""soa"": false, ""wrt"": false, ""zgr"": false, ""entw"": ""LF"", ""gabe"": ""Der Gutachterausschuss für Grundstückswerte im Kreis Minden-Lübbecke"", ""jahr"": ""2025"", ""nuta"": ""GR"", ""stag"": ""2022-01-01"", ""farbe"": ""5"", ""anl_txt"": ""UNDEFINED"", ""flaeche"": 277131.421288515, ""prozent"": 100.00, ""entw_txt"": ""Fläche der Land- und Forstwirtschaft"", ""nuta_txt"": ""Grünland"", ""farbe_txt"": ""Landwirtschaft"", ""flaeche_amtl"": 276478.0}, {""anl"": """", ""bko"": """", ""brw"": 5.1, ""dat"": ""0001-01-01 BC"", ""gsm"": false, ""kor"": false, ""soa"": false, ""wrt"": false, ""zgr"": false, ""entw"": ""LF"", ""gabe"": ""Der Gutachterausschuss für Grundstückswerte im Kreis Minden-Lübbecke"", ""jahr"": ""2025"", ""nuta"": ""A"", ""stag"": ""2022-01-01"", ""farbe"": ""5"", ""anl_txt"": ""UNDEFINED"", ""flaeche"": 277131.421288515, ""prozent"": 100.00, ""entw_txt"": ""Fläche der Land- und Forstwirtschaft"", ""nuta_txt"": ""Acker"", ""farbe_txt"": ""Landwirtschaft"", ""flaeche_amtl"": 276478.0}, {""anl"": """", ""bko"": """", ""brw"": 35, ""dat"": ""0001-01-01 BC"", ""gsm"": false, ""kor"": false, ""soa"": false, ""wrt"": false, ""zgr"": false, ""entw"": ""B"", ""gabe"": ""Der Gutachterausschuss für Grundstückswerte im Kreis Minden-Lübbecke"", ""jahr"": ""2025"", ""nuta"": ""W"", ""stag"": ""2022-01-01"", ""farbe"": ""6"", ""anl_txt"": ""UNDEFINED"", ""flaeche"": 277131.421288515, ""prozent"": 100.00, ""entw_txt"": ""Baureifes Land"", ""nuta_txt"": ""Wohnbaufläche"", ""farbe_txt"": ""Außenbereich"", ""flaeche_amtl"": 276478.0}, {""anl"": """", ""bko"": """", ""brw"": 0.5, ""dat"": ""0001-01-01 BC"", ""gsm"": false, ""kor"": false, ""soa"": false, ""wrt"": false, ""zgr"": false, ""entw"": ""LF"", ""gabe"": ""Der Gutachterausschuss für Grundstückswerte im Kreis Minden-Lübbecke"", ""jahr"": ""2025"", ""nuta"": ""F"", ""stag"": ""2022-01-01"", ""farbe"": ""4"", ""anl_txt"": ""UNDEFINED"", ""flaeche"": 277131.421288515, ""prozent"": 100.00, ""entw_txt"": ""Fläche der Land- und Forstwirtschaft"", ""nuta_txt"": ""forstwirtschaftliche Fläche"", ""farbe_txt"": ""Forstwirtschaft"", ""flaeche_amtl"": 276478.0}]";277131.421288515;NULL
121;DENW18AL00004q74;05275100600014______;NULL;NULL;NULL;NULL;NULL;NULL;Preußisch Oldendorf;Holzhausen;052751;"[""0527510001001""]";6;14;NULL;21.0;2023-12-07 18:31:29+01;01.01.2025;Landrätin des Kreises Minden-Lübbecke;Kataster- und Vermessungsamt;NULL;NULL;NULL;NULL;NULL;NULL;NULL;NULL;NULL;NULL;NULL;NULL;NULL;NULL;63;0.63;21;"[{""m2"": 21, ""emz"": null, ""katasterklassifikation"": ""Bach""}]";"[{""anl"": """", ""bko"": """", ""brw"": 0.5, ""dat"": ""0001-01-01 BC"", ""gsm"": false, ""kor"": false, ""soa"": false, ""wrt"": false, ""zgr"": false, ""entw"": ""LF"", ""gabe"": ""Der Gutachterausschuss für Grundstückswerte im Kreis Minden-Lübbecke"", ""jahr"": ""2025"", ""nuta"": ""F"", ""stag"": ""2022-01-01"", ""farbe"": ""4"", ""anl_txt"": ""UNDEFINED"", ""flaeche"": 18.1116508196796, ""prozent"": 89.06199040125882794100, ""entw_txt"": ""Fläche der Land- und Forstwirtschaft"", ""nuta_txt"": ""forstwirtschaftliche Fläche"", ""farbe_txt"": ""Forstwirtschaft"", ""flaeche_amtl"": 18.703017984264353867610}, {""anl"": """", ""bko"": """", ""brw"": 35, ""dat"": ""0001-01-01 BC"", ""gsm"": false, ""kor"": false, ""soa"": false, ""wrt"": false, ""zgr"": false, ""entw"": ""B"", ""gabe"": ""Der Gutachterausschuss für Grundstückswerte im Kreis Minden-Lübbecke"", ""jahr"": ""2025"", ""nuta"": ""W"", ""stag"": ""2022-01-01"", ""farbe"": ""6"", ""anl_txt"": ""UNDEFINED"", ""flaeche"": 18.1116508196796, ""prozent"": 89.06199040125882794100, ""entw_txt"": ""Baureifes Land"", ""nuta_txt"": ""Wohnbaufläche"", ""farbe_txt"": ""Außenbereich"", ""flaeche_amtl"": 18.703017984264353867610}, {""anl"": """", ""bko"": """", ""brw"": 2, ""dat"": ""0001-01-01 BC"", ""gsm"": false, ""kor"": false, ""soa"": false, ""wrt"": false, ""zgr"": false, ""entw"": ""LF"", ""gabe"": ""Der Gutachterausschuss für Grundstückswerte im Kreis Minden-Lübbecke"", ""jahr"": ""2025"", ""nuta"": ""GR"", ""stag"": ""2022-01-01"", ""farbe"": ""5"", ""anl_txt"": ""UNDEFINED"", ""flaeche"": 18.1116508196796, ""prozent"": 89.06199040125882794100, ""entw_txt"": ""Fläche der Land- und Forstwirtschaft"", ""nuta_txt"": ""Grünland"", ""farbe_txt"": ""Landwirtschaft"", ""flaeche_amtl"": 18.703017984264353867610}, {""anl"": """", ""bko"": """", ""brw"": 5.1, ""dat"": ""0001-01-01 BC"", ""gsm"": false, ""kor"": false, ""soa"": false, ""wrt"": false, ""zgr"": false, ""entw"": ""LF"", ""gabe"": ""Der Gutachterausschuss für Grundstückswerte im Kreis Minden-Lübbecke"", ""jahr"": ""2025"", ""nuta"": ""A"", ""stag"": ""2022-01-01"", ""farbe"": ""5"", ""anl_txt"": ""UNDEFINED"", ""flaeche"": 18.1116508196796, ""prozent"": 89.06199040125882794100, ""entw_txt"": ""Fläche der Land- und Forstwirtschaft"", ""nuta_txt"": ""Acker"", ""farbe_txt"": ""Landwirtschaft"", ""flaeche_amtl"": 18.703017984264353867610}, {""anl"": """", ""bko"": """", ""brw"": 4.1, ""dat"": ""0001-01-01 BC"", ""gsm"": false, ""kor"": false, ""soa"": false, ""wrt"": false, ""zgr"": false, ""entw"": ""LF"", ""gabe"": ""Der Gutachterausschuss für Grundstückswerte im Kreis Minden-Lübbecke"", ""jahr"": ""2025"", ""nuta"": ""A"", ""stag"": ""2022-01-01"", ""farbe"": ""5"", ""anl_txt"": ""UNDEFINED"", ""flaeche"": 2.22689988793631, ""prozent"": 10.95052783528964644400, ""entw_txt"": ""Fläche der Land- und Forstwirtschaft"", ""nuta_txt"": ""Acker"", ""farbe_txt"": ""Landwirtschaft"", ""flaeche_amtl"": 2.299610845410825753240}, {""anl"": """", ""bko"": """", ""brw"": 35, ""dat"": ""0001-01-01 BC"", ""gsm"": false, ""kor"": false, ""soa"": false, ""wrt"": false, ""zgr"": false, ""entw"": ""B"", ""gabe"": ""Der Gutachterausschuss für Grundstückswerte im Kreis Minden-Lübbecke"", ""jahr"": ""2025"", ""nuta"": ""W"", ""stag"": ""2022-01-01"", ""farbe"": ""6"", ""anl_txt"": ""UNDEFINED"", ""flaeche"": 2.22435417851575, ""prozent"": 10.93800959770679977200, ""entw_txt"": ""Baureifes Land"", ""nuta_txt"": ""Wohnbaufläche"", ""farbe_txt"": ""Außenbereich"", ""flaeche_amtl"": 2.296982015518427952120}, {""anl"": """", ""bko"": """", ""brw"": 0.5, ""dat"": ""0001-01-01 BC"", ""gsm"": false, ""kor"": false, ""soa"": false, ""wrt"": false, ""zgr"": false, ""entw"": ""LF"", ""gabe"": ""Der Gutachterausschuss für Grundstückswerte im Kreis Minden-Lübbecke"", ""jahr"": ""2025"", ""nuta"": ""F"", ""stag"": ""2022-01-01"", ""farbe"": ""4"", ""anl_txt"": ""UNDEFINED"", ""flaeche"": 2.22435417851575, ""prozent"": 10.93800959770679977200, ""entw_txt"": ""Fläche der Land- und Forstwirtschaft"", ""nuta_txt"": ""forstwirtschaftliche Fläche"", ""farbe_txt"": ""Forstwirtschaft"", ""flaeche_amtl"": 2.296982015518427952120}, {""anl"": """", ""bko"": """", ""brw"": 1.6, ""dat"": ""0001-01-01 BC"", ""gsm"": false, ""kor"": false, ""soa"": false, ""wrt"": false, ""zgr"": false, ""entw"": ""LF"", ""gabe"": ""Der Gutachterausschuss für Grundstückswerte im Kreis Minden-Lübbecke"", ""jahr"": ""2025"", ""nuta"": ""GR"", ""stag"": ""2022-01-01"", ""farbe"": ""5"", ""anl_txt"": ""UNDEFINED"", ""flaeche"": 2.22435417851575, ""prozent"": 10.93800959770679977200, ""entw_txt"": ""Fläche der Land- und Forstwirtschaft"", ""nuta_txt"": ""Grünland"", ""farbe_txt"": ""Landwirtschaft"", ""flaeche_amtl"": 2.296982015518427952120}]";20.3360049984057;NULL
122;DENW08AL00006T6S;05143600400621______;NULL;NULL;NULL;NULL;NULL;NULL;Menden (Sauerl.);Bösperde;051436;"[""0514360000731""]";4;621;NULL;4503.0;2023-12-04 12:27:22+01;01.01.2025;Landrat des Märkischen Kreises;Fachdienst 62 - Kataster und Geomanagement;NULL;NULL;NULL;NULL;NULL;NULL;NULL;NULL;NULL;NULL;NULL;NULL;NULL;NULL;64;0.64;4503;"[{""m2"": 1781, ""emz"": null, ""katasterklassifikation"": ""Verkehrsbegleitfläche Straße""}, {""m2"": 2723, ""emz"": null, ""katasterklassifikation"": ""Straßenverkehr""}]";"[{""anl"": """", ""bko"": """", ""brw"": 75, ""dat"": ""0001-01-01 BC"", ""gsm"": false, ""kor"": false, ""soa"": false, ""wrt"": false, ""zgr"": false, ""entw"": ""B"", ""gabe"": ""Der Gutachterausschuss für Grundstückswerte im Märkischen Kreis"", ""jahr"": ""2025"", ""nuta"": ""GE/GI"", ""stag"": ""2022-01-01"", ""farbe"": ""3"", ""anl_txt"": ""UNDEFINED"", ""flaeche"": 2978.3362290891, ""prozent"": 66.12085359872940595700, ""entw_txt"": ""Baureifes Land"", ""nuta_txt"": ""Gewerbegebiet; Industriegebiet"", ""farbe_txt"": ""Gewerbe/Industrie/Sondergebiete"", ""flaeche_amtl"": 2977.422037550785150243710}, {""anl"": """", ""bko"": """", ""brw"": 0.45, ""dat"": ""0001-01-01 BC"", ""gsm"": false, ""kor"": false, ""soa"": false, ""wrt"": false, ""zgr"": false, ""entw"": ""LF"", ""gabe"": ""Der Gutachterausschuss für Grundstückswerte im Märkischen Kreis"", ""jahr"": ""2025"", ""nuta"": ""F"", ""stag"": ""2022-01-01"", ""farbe"": ""4"", ""anl_txt"": ""UNDEFINED"", ""flaeche"": 1526.04652509823, ""prozent"": 33.87914966932068756400, ""entw_txt"": ""Fläche der Land- und Forstwirtschaft"", ""nuta_txt"": ""forstwirtschaftliche Fläche"", ""farbe_txt"": ""Forstwirtschaft"", ""flaeche_amtl"": 1525.578109609510561006920}, {""anl"": """", ""bko"": """", ""brw"": 3.5, ""dat"": ""0001-01-01 BC"", ""gsm"": false, ""kor"": false, ""soa"": false, ""wrt"": false, ""zgr"": false, ""entw"": ""LF"", ""gabe"": ""Der Gutachterausschuss für Grundstückswerte im Märkischen Kreis"", ""jahr"": ""2025"", ""nuta"": ""A"", ""stag"": ""2022-01-01"", ""farbe"": ""5"", ""anl_txt"": ""UNDEFINED"", ""flaeche"": 1526.04652509823, ""prozent"": 33.87914966932068756400, ""entw_txt"": ""Fläche der Land- und Forstwirtschaft"", ""nuta_txt"": ""Acker"", ""farbe_txt"": ""Landwirtschaft"", ""flaeche_amtl"": 1525.578109609510561006920}, {""anl"": """", ""bko"": """", ""brw"": 85, ""dat"": ""0001-01-01 BC"", ""gsm"": false, ""kor"": false, ""soa"": false, ""wrt"": false, ""zgr"": false, ""entw"": ""B"", ""gabe"": ""Der Gutachterausschuss für Grundstückswerte im Märkischen Kreis"", ""jahr"": ""2025"", ""nuta"": ""W"", ""stag"": ""2022-01-01"", ""farbe"": ""6"", ""anl_txt"": ""UNDEFINED"", ""flaeche"": 1526.04652509823, ""prozent"": 33.87914966932068756400, ""entw_txt"": ""Baureifes Land"", ""nuta_txt"": ""Wohnbaufläche"", ""farbe_txt"": ""Außenbereich"", ""flaeche_amtl"": 1525.578109609510561006920}, {""anl"": """", ""bko"": """", ""brw"": 2, ""dat"": ""0001-01-01 BC"", ""gsm"": false, ""kor"": false, ""soa"": false, ""wrt"": false, ""zgr"": false, ""entw"": ""LF"", ""gabe"": ""Der Gutachterausschuss für Grundstückswerte im Märkischen Kreis"", ""jahr"": ""2025"", ""nuta"": ""GR"", ""stag"": ""2022-01-01"", ""farbe"": ""5"", ""anl_txt"": ""UNDEFINED"", ""flaeche"": 1526.04652509823, ""prozent"": 33.87914966932068756400, ""entw_txt"": ""Fläche der Land- und Forstwirtschaft"", ""nuta_txt"": ""Grünland"", ""farbe_txt"": ""Landwirtschaft"", ""flaeche_amtl"": 1525.578109609510561006920}]";4504.38260698185;NULL
123;DENW12AL00004tTf;05135500500169______;NULL;NULL;NULL;NULL;NULL;NULL;Fröndenberg/Ruhr;Fröndenberg;051355;"[""0513550001505""]";5;169;NULL;6424.0;2023-12-08 09:54:59+01;01.01.2025;Landrat des Kreises Unna;Fachbereich Geoinformation und Kataster;NULL;NULL;NULL;NULL;NULL;NULL;NULL;NULL;NULL;NULL;NULL;NULL;NULL;NULL;54;0.54;6424;"[{""m2"": 3113, ""emz"": null, ""katasterklassifikation"": ""Verkehrsbegleitfläche Straße""}, {""m2"": 3311, ""emz"": null, ""katasterklassifikation"": ""Straßenverkehr""}]";"[{""anl"": """", ""bko"": """", ""brw"": 155, ""dat"": ""0001-01-01 BC"", ""gsm"": false, ""kor"": false, ""soa"": false, ""wrt"": false, ""zgr"": false, ""entw"": ""B"", ""gabe"": ""Der Gutachterausschuss für Grundstückswerte im Kreis Unna"", ""jahr"": ""2025"", ""nuta"": ""W"", ""stag"": ""2022-01-01"", ""farbe"": ""1"", ""anl_txt"": ""UNDEFINED"", ""flaeche"": 3632.25172095313, ""prozent"": 56.50346790034110708800, ""entw_txt"": ""Baureifes Land"", ""nuta_txt"": ""Wohnbaufläche"", ""farbe_txt"": ""Ein-/Zweigeschossig"", ""flaeche_amtl"": 3629.782777917912719333120}, {""anl"": """", ""bko"": """", ""brw"": 0.75, ""dat"": ""0001-01-01 BC"", ""gsm"": false, ""kor"": false, ""soa"": false, ""wrt"": false, ""zgr"": false, ""entw"": ""LF"", ""gabe"": ""Der Gutachterausschuss für Grundstückswerte im Kreis Unna"", ""jahr"": ""2025"", ""nuta"": ""F"", ""stag"": ""2022-01-01"", ""farbe"": ""4"", ""anl_txt"": ""UNDEFINED"", ""flaeche"": 2796.11782152718, ""prozent"": 43.49653209959106856000, ""entw_txt"": ""Fläche der Land- und Forstwirtschaft"", ""nuta_txt"": ""forstwirtschaftliche Fläche"", ""farbe_txt"": ""Forstwirtschaft"", ""flaeche_amtl"": 2794.217222077730244294400}, {""anl"": """", ""bko"": """", ""brw"": 80, ""dat"": ""0001-01-01 BC"", ""gsm"": false, ""kor"": false, ""soa"": false, ""wrt"": false, ""zgr"": false, ""entw"": ""B"", ""gabe"": ""Der Gutachterausschuss für Grundstückswerte im Kreis Unna"", ""jahr"": ""2025"", ""nuta"": ""W"", ""stag"": ""2022-01-01"", ""farbe"": ""6"", ""anl_txt"": ""UNDEFINED"", ""flaeche"": 2796.11782152718, ""prozent"": 43.49653209959106856000, ""entw_txt"": ""Baureifes Land"", ""nuta_txt"": ""Wohnbaufläche"", ""farbe_txt"": ""Außenbereich"", ""flaeche_amtl"": 2794.217222077730244294400}, {""anl"": """", ""bko"": """", ""brw"": 4.9, ""dat"": ""0001-01-01 BC"", ""gsm"": false, ""kor"": false, ""soa"": false, ""wrt"": false, ""zgr"": false, ""entw"": ""LF"", ""gabe"": ""Der Gutachterausschuss für Grundstückswerte im Kreis Unna"", ""jahr"": ""2025"", ""nuta"": ""L"", ""stag"": ""2022-01-01"", ""farbe"": ""5"", ""anl_txt"": ""UNDEFINED"", ""flaeche"": 2796.11782152718, ""prozent"": 43.49653209959106856000, ""entw_txt"": ""Fläche der Land- und Forstwirtschaft"", ""nuta_txt"": ""landwirtschaftliche Fläche"", ""farbe_txt"": ""Landwirtschaft"", ""flaeche_amtl"": 2794.217222077730244294400}]";6428.36954248467;NULL
124;DENW43AL0000FnSr;05459101700007______;NULL;Heiderstraße;63;NULL;41844;Wegberg;Wegberg;Arsbeck;054591;"[""0545910001105""]";17;7;NULL;305.0;2024-02-01 07:23:14+01;01.01.2025;Landrat des Kreises Heinsberg;Vermessungs- und Katasteramt;NULL;NULL;NULL;NULL;NULL;NULL;NULL;NULL;NULL;NULL;NULL;NULL;NULL;NULL;37;0.37;305;"[{""m2"": 305, ""emz"": null, ""katasterklassifikation"": ""Wohnbaufläche""}]";"[{""anl"": """", ""bko"": """", ""brw"": 150, ""dat"": ""0001-01-01 BC"", ""gsm"": false, ""kor"": false, ""soa"": false, ""wrt"": false, ""zgr"": false, ""entw"": ""B"", ""gabe"": ""Der Gutachterausschuss für Grundstückswerte im Kreis Heinsberg"", ""jahr"": ""2025"", ""nuta"": ""MD"", ""stag"": ""2022-01-01"", ""farbe"": ""1"", ""anl_txt"": ""UNDEFINED"", ""flaeche"": 305.261312494669, ""prozent"": 100.00, ""entw_txt"": ""Baureifes Land"", ""nuta_txt"": ""Dorfgebiet"", ""farbe_txt"": ""Ein-/Zweigeschossig"", ""flaeche_amtl"": 305.0}]";305.261312494669;NULL
125;DENW53AL0000zTtq;05504100800073______;NULL;NULL;NULL;NULL;NULL;NULL;Tecklenburg;Brochterbeck;055041;"[""0550410000190""]";8;73;NULL;1672.0;2023-10-24 14:20:04+02;01.01.2025;Landrat des Kreises Steinfurt;Vermessungs- und Katasteramt;1672;535;NULL;NULL;NULL;NULL;NULL;NULL;NULL;1672;535;NULL;NULL;NULL;30;0.30;1672;NULL;"[{""anl"": """", ""bko"": """", ""brw"": 3.5, ""dat"": ""0001-01-01 BC"", ""gsm"": false, ""kor"": false, ""soa"": false, ""wrt"": false, ""zgr"": false, ""entw"": ""LF"", ""gabe"": ""Der Gutachterausschuss für Grundstückswerte im Kreis Steinfurt"", ""jahr"": ""2025"", ""nuta"": ""GR"", ""stag"": ""2022-01-01"", ""farbe"": ""5"", ""anl_txt"": ""UNDEFINED"", ""flaeche"": 1670.15043004475, ""prozent"": 100.00, ""entw_txt"": ""Fläche der Land- und Forstwirtschaft"", ""nuta_txt"": ""Grünland"", ""farbe_txt"": ""Landwirtschaft"", ""flaeche_amtl"": 1672.0}, {""anl"": """", ""bko"": """", ""brw"": 8, ""dat"": ""0001-01-01 BC"", ""gsm"": false, ""kor"": false, ""soa"": false, ""wrt"": false, ""zgr"": false, ""entw"": ""LF"", ""gabe"": ""Der Gutachterausschuss für Grundstückswerte im Kreis Steinfurt"", ""jahr"": ""2025"", ""nuta"": ""A"", ""stag"": ""2022-01-01"", ""farbe"": ""5"", ""anl_txt"": ""UNDEFINED"", ""flaeche"": 1670.15043004475, ""prozent"": 100.00, ""entw_txt"": ""Fläche der Land- und Forstwirtschaft"", ""nuta_txt"": ""Acker"", ""farbe_txt"": ""Landwirtschaft"", ""flaeche_amtl"": 1672.0}, {""anl"": """", ""bko"": """", ""brw"": 1, ""dat"": ""0001-01-01 BC"", ""gsm"": false, ""kor"": false, ""soa"": false, ""wrt"": false, ""zgr"": false, ""entw"": ""LF"", ""gabe"": ""Der Gutachterausschuss für Grundstückswerte im Kreis Steinfurt"", ""jahr"": ""2025"", ""nuta"": ""F"", ""stag"": ""2022-01-01"", ""farbe"": ""4"", ""anl_txt"": ""UNDEFINED"", ""flaeche"": 1670.15043004475, ""prozent"": 100.00, ""entw_txt"": ""Fläche der Land- und Forstwirtschaft"", ""nuta_txt"": ""forstwirtschaftliche Fläche"", ""farbe_txt"": ""Forstwirtschaft"", ""flaeche_amtl"": 1672.0}, {""anl"": """", ""bko"": """", ""brw"": 105, ""dat"": ""0001-01-01 BC"", ""gsm"": false, ""kor"": false, ""soa"": false, ""wrt"": false, ""zgr"": false, ""entw"": ""B"", ""gabe"": ""Der Gutachterausschuss für Grundstückswerte im Kreis Steinfurt"", ""jahr"": ""2025"", ""nuta"": ""W"", ""stag"": ""2022-01-01"", ""farbe"": ""6"", ""anl_txt"": ""UNDEFINED"", ""flaeche"": 1670.15043004475, ""prozent"": 100.00, ""entw_txt"": ""Baureifes Land"", ""nuta_txt"": ""Wohnbaufläche"", ""farbe_txt"": ""Außenbereich"", ""flaeche_amtl"": 1672.0}]";1670.15043004475;NULL
126;DENW53AL0000zTxg;05504100900045______;NULL;NULL;NULL;NULL;NULL;NULL;Tecklenburg;Brochterbeck;055041;"[""0550410000149""]";9;45;NULL;822.0;2023-10-24 14:20:04+02;01.01.2025;Landrat des Kreises Steinfurt;Vermessungs- und Katasteramt;822;304;NULL;NULL;NULL;NULL;NULL;NULL;NULL;822;304;NULL;NULL;NULL;30;0.30;822;NULL;"[{""anl"": """", ""bko"": """", ""brw"": 105, ""dat"": ""0001-01-01 BC"", ""gsm"": false, ""kor"": false, ""soa"": false, ""wrt"": false, ""zgr"": false, ""entw"": ""B"", ""gabe"": ""Der Gutachterausschuss für Grundstückswerte im Kreis Steinfurt"", ""jahr"": ""2025"", ""nuta"": ""W"", ""stag"": ""2022-01-01"", ""farbe"": ""6"", ""anl_txt"": ""UNDEFINED"", ""flaeche"": 1032.65081349918, ""prozent"": 100.00, ""entw_txt"": ""Baureifes Land"", ""nuta_txt"": ""Wohnbaufläche"", ""farbe_txt"": ""Außenbereich"", ""flaeche_amtl"": 822.0}, {""anl"": """", ""bko"": """", ""brw"": 8, ""dat"": ""0001-01-01 BC"", ""gsm"": false, ""kor"": false, ""soa"": false, ""wrt"": false, ""zgr"": false, ""entw"": ""LF"", ""gabe"": ""Der Gutachterausschuss für Grundstückswerte im Kreis Steinfurt"", ""jahr"": ""2025"", ""nuta"": ""A"", ""stag"": ""2022-01-01"", ""farbe"": ""5"", ""anl_txt"": ""UNDEFINED"", ""flaeche"": 1032.65081349918, ""prozent"": 100.00, ""entw_txt"": ""Fläche der Land- und Forstwirtschaft"", ""nuta_txt"": ""Acker"", ""farbe_txt"": ""Landwirtschaft"", ""flaeche_amtl"": 822.0}, {""anl"": """", ""bko"": """", ""brw"": 3.5, ""dat"": ""0001-01-01 BC"", ""gsm"": false, ""kor"": false, ""soa"": false, ""wrt"": false, ""zgr"": false, ""entw"": ""LF"", ""gabe"": ""Der Gutachterausschuss für Grundstückswerte im Kreis Steinfurt"", ""jahr"": ""2025"", ""nuta"": ""GR"", ""stag"": ""2022-01-01"", ""farbe"": ""5"", ""anl_txt"": ""UNDEFINED"", ""flaeche"": 1032.65081349918, ""prozent"": 100.00, ""entw_txt"": ""Fläche der Land- und Forstwirtschaft"", ""nuta_txt"": ""Grünland"", ""farbe_txt"": ""Landwirtschaft"", ""flaeche_amtl"": 822.0}, {""anl"": """", ""bko"": """", ""brw"": 1, ""dat"": ""0001-01-01 BC"", ""gsm"": false, ""kor"": false, ""soa"": false, ""wrt"": false, ""zgr"": false, ""entw"": ""LF"", ""gabe"": ""Der Gutachterausschuss für Grundstückswerte im Kreis Steinfurt"", ""jahr"": ""2025"", ""nuta"": ""F"", ""stag"": ""2022-01-01"", ""farbe"": ""4"", ""anl_txt"": ""UNDEFINED"", ""flaeche"": 1032.65081349918, ""prozent"": 100.00, ""entw_txt"": ""Fläche der Land- und Forstwirtschaft"", ""nuta_txt"": ""forstwirtschaftliche Fläche"", ""farbe_txt"": ""Forstwirtschaft"", ""flaeche_amtl"": 822.0}]";1032.65081349918;NULL
127;DENW53AL0000zU5V;05504102300644______;NULL;NULL;NULL;NULL;NULL;NULL;Tecklenburg;Brochterbeck;055041;"[""0550410000949""]";23;644;NULL;20.0;2023-10-24 14:20:04+02;01.01.2025;Landrat des Kreises Steinfurt;Vermessungs- und Katasteramt;NULL;NULL;NULL;NULL;NULL;NULL;NULL;NULL;NULL;NULL;NULL;NULL;NULL;NULL;30;0.30;20;"[{""m2"": 20, ""emz"": null, ""katasterklassifikation"": ""Wohnbaufläche""}]";"[{""anl"": """", ""bko"": """", ""brw"": 140, ""dat"": ""0001-01-01 BC"", ""gsm"": false, ""kor"": false, ""soa"": false, ""wrt"": false, ""zgr"": false, ""entw"": ""B"", ""gabe"": ""Der Gutachterausschuss für Grundstückswerte im Kreis Steinfurt"", ""jahr"": ""2025"", ""nuta"": ""WA"", ""stag"": ""2022-01-01"", ""farbe"": ""1"", ""anl_txt"": ""UNDEFINED"", ""flaeche"": 19.7846050023543, ""prozent"": 100.00, ""entw_txt"": ""Baureifes Land"", ""nuta_txt"": ""allgemeines Wohngebiet"", ""farbe_txt"": ""Ein-/Zweigeschossig"", ""flaeche_amtl"": 20.0}]";19.7846050023543;NULL
128;DENW19AL0000gKfb;05293200800239______;NULL;NULL;NULL;NULL;NULL;NULL;Büren;Hegensdorf;052932;"[""0529320000361""]";8;239;NULL;4.0;2013-01-24 08:06:08+01;01.01.2025;Landrat des Kreises Paderborn;Amt für Geoinformation, Kataster und Vermessung;NULL;NULL;NULL;NULL;NULL;NULL;NULL;NULL;NULL;NULL;NULL;NULL;NULL;NULL;39;0.39;4;"[{""m2"": 4, ""emz"": 2, ""katasterklassifikation"": ""Brachland""}]";"[{""anl"": """", ""bko"": """", ""brw"": 6.2, ""dat"": ""0001-01-01 BC"", ""gsm"": false, ""kor"": false, ""soa"": false, ""wrt"": false, ""zgr"": false, ""entw"": ""LF"", ""gabe"": ""Der Gutachterausschuss für Grundstückswerte im Kreis Paderborn"", ""jahr"": ""2025"", ""nuta"": ""A"", ""stag"": ""2022-01-01"", ""farbe"": ""5"", ""anl_txt"": ""UNDEFINED"", ""flaeche"": 4.02204600050938, ""prozent"": 100.00, ""entw_txt"": ""Fläche der Land- und Forstwirtschaft"", ""nuta_txt"": ""Acker"", ""farbe_txt"": ""Landwirtschaft"", ""flaeche_amtl"": 4.0}, {""anl"": """", ""bko"": """", ""brw"": 40, ""dat"": ""0001-01-01 BC"", ""gsm"": false, ""kor"": false, ""soa"": false, ""wrt"": false, ""zgr"": false, ""entw"": ""B"", ""gabe"": ""Der Gutachterausschuss für Grundstückswerte im Kreis Paderborn"", ""jahr"": ""2025"", ""nuta"": ""W"", ""stag"": ""2022-01-01"", ""farbe"": ""6"", ""anl_txt"": ""UNDEFINED"", ""flaeche"": 4.02204600050938, ""prozent"": 100.00, ""entw_txt"": ""Baureifes Land"", ""nuta_txt"": ""Wohnbaufläche"", ""farbe_txt"": ""Außenbereich"", ""flaeche_amtl"": 4.0}, {""anl"": """", ""bko"": """", ""brw"": 0.8, ""dat"": ""0001-01-01 BC"", ""gsm"": false, ""kor"": false, ""soa"": false, ""wrt"": false, ""zgr"": false, ""entw"": ""LF"", ""gabe"": ""Der Gutachterausschuss für Grundstückswerte im Kreis Paderborn"", ""jahr"": ""2025"", ""nuta"": ""F"", ""stag"": ""2022-01-01"", ""farbe"": ""4"", ""anl_txt"": ""UNDEFINED"", ""flaeche"": 4.02204600050938, ""prozent"": 100.00, ""entw_txt"": ""Fläche der Land- und Forstwirtschaft"", ""nuta_txt"": ""forstwirtschaftliche Fläche"", ""farbe_txt"": ""Forstwirtschaft"", ""flaeche_amtl"": 4.0}, {""anl"": """", ""bko"": """", ""brw"": 3.9, ""dat"": ""0001-01-01 BC"", ""gsm"": false, ""kor"": false, ""soa"": false, ""wrt"": false, ""zgr"": false, ""entw"": ""LF"", ""gabe"": ""Der Gutachterausschuss für Grundstückswerte im Kreis Paderborn"", ""jahr"": ""2025"", ""nuta"": ""GR"", ""stag"": ""2022-01-01"", ""farbe"": ""5"", ""anl_txt"": ""UNDEFINED"", ""flaeche"": 4.02204600050938, ""prozent"": 100.00, ""entw_txt"": ""Fläche der Land- und Forstwirtschaft"", ""nuta_txt"": ""Grünland"", ""farbe_txt"": ""Landwirtschaft"", ""flaeche_amtl"": 4.0}]";4.02204600050938;NULL
129;DENW36AL1000CEDF;05430802400329______;NULL;NULL;NULL;NULL;NULL;NULL;Bonn;Godesberg;054308;"[""0543080000024""]";24;329;NULL;3229.0;2013-03-07 18:21:19+01;01.01.2025;Oberbürgermeisterin der Bundesstadt Bonn;Amt für Bodenmanagement und Geoinformation;NULL;NULL;NULL;NULL;NULL;NULL;NULL;NULL;NULL;NULL;NULL;NULL;NULL;NULL;59;0.59;3229;"[{""m2"": 3229, ""emz"": null, ""katasterklassifikation"": ""Weg""}]";"[{""anl"": """", ""bko"": """", ""brw"": 0.6, ""dat"": ""0001-01-01 BC"", ""gsm"": false, ""kor"": false, ""soa"": false, ""wrt"": false, ""zgr"": false, ""entw"": ""LF"", ""gabe"": ""Der Gutachterausschuss für Grundstückswerte in der Bundesstadt Bonn"", ""jahr"": ""2025"", ""nuta"": ""F"", ""stag"": ""2022-01-01"", ""farbe"": ""4"", ""anl_txt"": ""UNDEFINED"", ""flaeche"": 3077.96378711074, ""prozent"": 96.64182093831636384400, ""entw_txt"": ""Fläche der Land- und Forstwirtschaft"", ""nuta_txt"": ""forstwirtschaftliche Fläche"", ""farbe_txt"": ""Forstwirtschaft"", ""flaeche_amtl"": 3120.564398098235388522760}, {""anl"": """", ""bko"": """", ""brw"": 305, ""dat"": ""0001-01-01 BC"", ""gsm"": false, ""kor"": false, ""soa"": false, ""wrt"": false, ""zgr"": false, ""entw"": ""B"", ""gabe"": ""Der Gutachterausschuss für Grundstückswerte in der Bundesstadt Bonn"", ""jahr"": ""2025"", ""nuta"": ""W"", ""stag"": ""2022-01-01"", ""farbe"": ""6"", ""anl_txt"": ""UNDEFINED"", ""flaeche"": 3077.96378711074, ""prozent"": 96.64182093831636384400, ""entw_txt"": ""Baureifes Land"", ""nuta_txt"": ""Wohnbaufläche"", ""farbe_txt"": ""Außenbereich"", ""flaeche_amtl"": 3120.564398098235388522760}, {""anl"": """", ""bko"": """", ""brw"": 275, ""dat"": ""0001-01-01 BC"", ""gsm"": false, ""kor"": false, ""soa"": false, ""wrt"": false, ""zgr"": false, ""entw"": ""B"", ""gabe"": ""Der Gutachterausschuss für Grundstückswerte in der Bundesstadt Bonn"", ""jahr"": ""2025"", ""nuta"": ""W"", ""stag"": ""2022-01-01"", ""farbe"": ""6"", ""anl_txt"": ""UNDEFINED"", ""flaeche"": 106.955285427758, ""prozent"": 3.35817906175516073600, ""entw_txt"": ""Baureifes Land"", ""nuta_txt"": ""Wohnbaufläche"", ""farbe_txt"": ""Außenbereich"", ""flaeche_amtl"": 108.435601904074140165440}, {""anl"": """", ""bko"": """", ""brw"": 5, ""dat"": ""0001-01-01 BC"", ""gsm"": false, ""kor"": false, ""soa"": false, ""wrt"": false, ""zgr"": false, ""entw"": ""LF"", ""gabe"": ""Der Gutachterausschuss für Grundstückswerte in der Bundesstadt Bonn"", ""jahr"": ""2025"", ""nuta"": ""A"", ""stag"": ""2022-01-01"", ""farbe"": ""5"", ""anl_txt"": ""UNDEFINED"", ""flaeche"": 106.955285427758, ""prozent"": 3.35817906175516073600, ""entw_txt"": ""Fläche der Land- und Forstwirtschaft"", ""nuta_txt"": ""Acker"", ""farbe_txt"": ""Landwirtschaft"", ""flaeche_amtl"": 108.435601904074140165440}]";3184.91907253622;NULL
130;DENW12AL00004ver;05135503700011______;NULL;NULL;NULL;NULL;NULL;NULL;Fröndenberg/Ruhr;Fröndenberg;051355;"[""0513550002418""]";37;11;NULL;284450.0;2023-12-08 09:54:59+01;01.01.2025;Landrat des Kreises Unna;Fachbereich Geoinformation und Kataster;NULL;NULL;NULL;NULL;NULL;NULL;NULL;NULL;NULL;NULL;NULL;282442;NULL;282442;54;0.54;284450;"[{""m2"": 677, ""emz"": null, ""katasterklassifikation"": ""Teich""}, {""m2"": 658, ""emz"": null, ""katasterklassifikation"": ""Weg""}, {""m2"": 673, ""emz"": null, ""katasterklassifikation"": ""Lagerplatz""}]";"[{""anl"": """", ""bko"": """", ""brw"": 0.75, ""dat"": ""0001-01-01 BC"", ""gsm"": false, ""kor"": false, ""soa"": false, ""wrt"": false, ""zgr"": false, ""entw"": ""LF"", ""gabe"": ""Der Gutachterausschuss für Grundstückswerte im Kreis Unna"", ""jahr"": ""2025"", ""nuta"": ""F"", ""stag"": ""2022-01-01"", ""farbe"": ""4"", ""anl_txt"": ""UNDEFINED"", ""flaeche"": 284113.974838986, ""prozent"": 100.00, ""entw_txt"": ""Fläche der Land- und Forstwirtschaft"", ""nuta_txt"": ""forstwirtschaftliche Fläche"", ""farbe_txt"": ""Forstwirtschaft"", ""flaeche_amtl"": 284450.0}, {""anl"": """", ""bko"": """", ""brw"": 4.9, ""dat"": ""0001-01-01 BC"", ""gsm"": false, ""kor"": false, ""soa"": false, ""wrt"": false, ""zgr"": false, ""entw"": ""LF"", ""gabe"": ""Der Gutachterausschuss für Grundstückswerte im Kreis Unna"", ""jahr"": ""2025"", ""nuta"": ""L"", ""stag"": ""2022-01-01"", ""farbe"": ""5"", ""anl_txt"": ""UNDEFINED"", ""flaeche"": 284113.974838986, ""prozent"": 100.00, ""entw_txt"": ""Fläche der Land- und Forstwirtschaft"", ""nuta_txt"": ""landwirtschaftliche Fläche"", ""farbe_txt"": ""Landwirtschaft"", ""flaeche_amtl"": 284450.0}, {""anl"": """", ""bko"": """", ""brw"": 80, ""dat"": ""0001-01-01 BC"", ""gsm"": false, ""kor"": false, ""soa"": false, ""wrt"": false, ""zgr"": false, ""entw"": ""B"", ""gabe"": ""Der Gutachterausschuss für Grundstückswerte im Kreis Unna"", ""jahr"": ""2025"", ""nuta"": ""W"", ""stag"": ""2022-01-01"", ""farbe"": ""6"", ""anl_txt"": ""UNDEFINED"", ""flaeche"": 284113.974838986, ""prozent"": 100.00, ""entw_txt"": ""Baureifes Land"", ""nuta_txt"": ""Wohnbaufläche"", ""farbe_txt"": ""Außenbereich"", ""flaeche_amtl"": 284450.0}]";284113.974838986;NULL
131;DENW29AL10004xmp;05327702600085______;NULL;Willi-Hildebrandt-Weg;4;NULL;42327;Wuppertal;Wuppertal;Vohwinkel;053277;"[""0532770007778""]";26;85;NULL;1171.0;2024-12-23 08:26:12+01;01.01.2025;Oberbürgermeister der Stadt Wuppertal;Vermessung, Kataster und Geodaten;NULL;NULL;NULL;NULL;NULL;NULL;NULL;NULL;NULL;NULL;NULL;NULL;NULL;NULL;53;0.53;1171;"[{""m2"": 1171, ""emz"": null, ""katasterklassifikation"": ""Wohnbaufläche""}]";"[{""anl"": """", ""bko"": """", ""brw"": 280, ""dat"": ""0001-01-01 BC"", ""gsm"": false, ""kor"": false, ""soa"": false, ""wrt"": false, ""zgr"": false, ""entw"": ""B"", ""gabe"": ""Der Gutachterausschuss für Grundstückswerte in der Stadt Wuppertal"", ""jahr"": ""2025"", ""nuta"": ""W"", ""stag"": ""2022-01-01"", ""farbe"": ""1"", ""anl_txt"": ""UNDEFINED"", ""flaeche"": 1170.034656489, ""prozent"": 100.00, ""entw_txt"": ""Baureifes Land"", ""nuta_txt"": ""Wohnbaufläche"", ""farbe_txt"": ""Ein-/Zweigeschossig"", ""flaeche_amtl"": 1171.0}]";1170.034656489;NULL
132;DENW18AL0000lXli;05277101500184______;NULL;NULL;NULL;NULL;NULL;NULL;Lübbecke;Lübbecke;052771;"[""0527710005315""]";15;184;NULL;502.0;2023-12-07 18:31:29+01;01.01.2025;Landrätin des Kreises Minden-Lübbecke;Kataster- und Vermessungsamt;NULL;NULL;NULL;NULL;NULL;NULL;NULL;NULL;NULL;NULL;NULL;502;NULL;502;59;0.59;502;NULL;"[{""anl"": """", ""bko"": """", ""brw"": 2, ""dat"": ""0001-01-01 BC"", ""gsm"": false, ""kor"": false, ""soa"": false, ""wrt"": false, ""zgr"": false, ""entw"": ""LF"", ""gabe"": ""Der Gutachterausschuss für Grundstückswerte im Kreis Minden-Lübbecke"", ""jahr"": ""2025"", ""nuta"": ""GR"", ""stag"": ""2022-01-01"", ""farbe"": ""5"", ""anl_txt"": ""UNDEFINED"", ""flaeche"": 437.587343530645, ""prozent"": 100.00, ""entw_txt"": ""Fläche der Land- und Forstwirtschaft"", ""nuta_txt"": ""Grünland"", ""farbe_txt"": ""Landwirtschaft"", ""flaeche_amtl"": 502.0}, {""anl"": """", ""bko"": """", ""brw"": 4.8, ""dat"": ""0001-01-01 BC"", ""gsm"": false, ""kor"": false, ""soa"": false, ""wrt"": false, ""zgr"": false, ""entw"": ""LF"", ""gabe"": ""Der Gutachterausschuss für Grundstückswerte im Kreis Minden-Lübbecke"", ""jahr"": ""2025"", ""nuta"": ""A"", ""stag"": ""2022-01-01"", ""farbe"": ""5"", ""anl_txt"": ""UNDEFINED"", ""flaeche"": 437.587343530645, ""prozent"": 100.00, ""entw_txt"": ""Fläche der Land- und Forstwirtschaft"", ""nuta_txt"": ""Acker"", ""farbe_txt"": ""Landwirtschaft"", ""flaeche_amtl"": 502.0}, {""anl"": """", ""bko"": """", ""brw"": 45, ""dat"": ""0001-01-01 BC"", ""gsm"": false, ""kor"": false, ""soa"": false, ""wrt"": false, ""zgr"": false, ""entw"": ""B"", ""gabe"": ""Der Gutachterausschuss für Grundstückswerte im Kreis Minden-Lübbecke"", ""jahr"": ""2025"", ""nuta"": ""W"", ""stag"": ""2022-01-01"", ""farbe"": ""6"", ""anl_txt"": ""UNDEFINED"", ""flaeche"": 437.587343530645, ""prozent"": 100.00, ""entw_txt"": ""Baureifes Land"", ""nuta_txt"": ""Wohnbaufläche"", ""farbe_txt"": ""Außenbereich"", ""flaeche_amtl"": 502.0}, {""anl"": """", ""bko"": """", ""brw"": 0.5, ""dat"": ""0001-01-01 BC"", ""gsm"": false, ""kor"": false, ""soa"": false, ""wrt"": false, ""zgr"": false, ""entw"": ""LF"", ""gabe"": ""Der Gutachterausschuss für Grundstückswerte im Kreis Minden-Lübbecke"", ""jahr"": ""2025"", ""nuta"": ""F"", ""stag"": ""2022-01-01"", ""farbe"": ""4"", ""anl_txt"": ""UNDEFINED"", ""flaeche"": 437.587343530645, ""prozent"": 100.00, ""entw_txt"": ""Fläche der Land- und Forstwirtschaft"", ""nuta_txt"": ""forstwirtschaftliche Fläche"", ""farbe_txt"": ""Forstwirtschaft"", ""flaeche_amtl"": 502.0}]";437.587343530645;NULL
133;DENW18AL0000kM1v;05274900100239______;NULL;NULL;NULL;NULL;NULL;NULL;Hüllhorst;Holsen;052749;"[""0527490000363""]";1;239;NULL;2825.0;2023-12-07 18:31:29+01;01.01.2025;Landrätin des Kreises Minden-Lübbecke;Kataster- und Vermessungsamt;NULL;NULL;NULL;NULL;NULL;NULL;NULL;NULL;NULL;NULL;NULL;1144;88;1232;65;0.65;2825;"[{""m2"": 1478, ""emz"": null, ""katasterklassifikation"": ""Bach""}, {""m2"": 94, ""emz"": null, ""katasterklassifikation"": ""Gebäude- und Freifläche Land- und Forstwirtschaft""}, {""m2"": 22, ""emz"": null, ""katasterklassifikation"": ""Weg""}]";"[{""anl"": """", ""bko"": """", ""brw"": 0.5, ""dat"": ""0001-01-01 BC"", ""gsm"": false, ""kor"": false, ""soa"": false, ""wrt"": false, ""zgr"": false, ""entw"": ""LF"", ""gabe"": ""Der Gutachterausschuss für Grundstückswerte im Kreis Minden-Lübbecke"", ""jahr"": ""2025"", ""nuta"": ""F"", ""stag"": ""2022-01-01"", ""farbe"": ""4"", ""anl_txt"": ""UNDEFINED"", ""flaeche"": 2806.93790901468, ""prozent"": 100.00, ""entw_txt"": ""Fläche der Land- und Forstwirtschaft"", ""nuta_txt"": ""forstwirtschaftliche Fläche"", ""farbe_txt"": ""Forstwirtschaft"", ""flaeche_amtl"": 2825.0}, {""anl"": """", ""bko"": """", ""brw"": 40, ""dat"": ""0001-01-01 BC"", ""gsm"": false, ""kor"": false, ""soa"": false, ""wrt"": false, ""zgr"": false, ""entw"": ""B"", ""gabe"": ""Der Gutachterausschuss für Grundstückswerte im Kreis Minden-Lübbecke"", ""jahr"": ""2025"", ""nuta"": ""W"", ""stag"": ""2022-01-01"", ""farbe"": ""6"", ""anl_txt"": ""UNDEFINED"", ""flaeche"": 2806.93790901468, ""prozent"": 100.00, ""entw_txt"": ""Baureifes Land"", ""nuta_txt"": ""Wohnbaufläche"", ""farbe_txt"": ""Außenbereich"", ""flaeche_amtl"": 2825.0}, {""anl"": """", ""bko"": """", ""brw"": 4.5, ""dat"": ""0001-01-01 BC"", ""gsm"": false, ""kor"": false, ""soa"": false, ""wrt"": false, ""zgr"": false, ""entw"": ""LF"", ""gabe"": ""Der Gutachterausschuss für Grundstückswerte im Kreis Minden-Lübbecke"", ""jahr"": ""2025"", ""nuta"": ""A"", ""stag"": ""2022-01-01"", ""farbe"": ""5"", ""anl_txt"": ""UNDEFINED"", ""flaeche"": 2806.93790901468, ""prozent"": 100.00, ""entw_txt"": ""Fläche der Land- und Forstwirtschaft"", ""nuta_txt"": ""Acker"", ""farbe_txt"": ""Landwirtschaft"", ""flaeche_amtl"": 2825.0}, {""anl"": """", ""bko"": """", ""brw"": 1.8, ""dat"": ""0001-01-01 BC"", ""gsm"": false, ""kor"": false, ""soa"": false, ""wrt"": false, ""zgr"": false, ""entw"": ""LF"", ""gabe"": ""Der Gutachterausschuss für Grundstückswerte im Kreis Minden-Lübbecke"", ""jahr"": ""2025"", ""nuta"": ""GR"", ""stag"": ""2022-01-01"", ""farbe"": ""5"", ""anl_txt"": ""UNDEFINED"", ""flaeche"": 2806.93790901468, ""prozent"": 100.00, ""entw_txt"": ""Fläche der Land- und Forstwirtschaft"", ""nuta_txt"": ""Grünland"", ""farbe_txt"": ""Landwirtschaft"", ""flaeche_amtl"": 2825.0}]";2806.93790901468;NULL
134;DENW08AL00006mWU;05143800600171______;NULL;NULL;NULL;NULL;NULL;NULL;Menden (Sauerl.);Schwitten;051438;"[""0514380000548""]";6;171;NULL;211.0;2023-12-04 12:27:22+01;01.01.2025;Landrat des Märkischen Kreises;Fachdienst 62 - Kataster und Geomanagement;NULL;NULL;NULL;NULL;NULL;NULL;NULL;NULL;NULL;NULL;NULL;NULL;NULL;NULL;59;0.59;211;"[{""m2"": 211, ""emz"": null, ""katasterklassifikation"": ""Wohnbaufläche""}]";"[{""anl"": """", ""bko"": """", ""brw"": 185, ""dat"": ""0001-01-01 BC"", ""gsm"": false, ""kor"": false, ""soa"": false, ""wrt"": false, ""zgr"": false, ""entw"": ""B"", ""gabe"": ""Der Gutachterausschuss für Grundstückswerte im Märkischen Kreis"", ""jahr"": ""2025"", ""nuta"": ""W"", ""stag"": ""2022-01-01"", ""farbe"": ""1"", ""anl_txt"": ""UNDEFINED"", ""flaeche"": 211.260324003783, ""prozent"": 100.00, ""entw_txt"": ""Baureifes Land"", ""nuta_txt"": ""Wohnbaufläche"", ""farbe_txt"": ""Ein-/Zweigeschossig"", ""flaeche_amtl"": 211.0}]";211.260324003783;NULL
135;DENW34AL00005fxK;05332403701446______;NULL;Nehrunger Weg;4;NULL;47445;Moers;Moers;Repelen;053324;"[""0533240011910""]";37;1446;NULL;251.0;2023-12-01 08:04:56+01;01.01.2025;Landrat des Kreises Wesel;Vermessungs- und Katasteramt;NULL;NULL;NULL;NULL;NULL;NULL;NULL;NULL;NULL;NULL;NULL;NULL;NULL;NULL;51;0.51;251;"[{""m2"": 251, ""emz"": null, ""katasterklassifikation"": ""Wohnbaufläche""}]";"[{""anl"": """", ""bko"": """", ""brw"": 270, ""dat"": ""0001-01-01 BC"", ""gsm"": false, ""kor"": false, ""soa"": false, ""wrt"": false, ""zgr"": false, ""entw"": ""B"", ""gabe"": ""Der Gutachterausschuss für Grundstückswerte in der Stadt Moers"", ""jahr"": ""2025"", ""nuta"": ""W"", ""stag"": ""2022-01-01"", ""farbe"": ""1"", ""anl_txt"": ""UNDEFINED"", ""flaeche"": 251.591068996163, ""prozent"": 100.00, ""entw_txt"": ""Baureifes Land"", ""nuta_txt"": ""Wohnbaufläche"", ""farbe_txt"": ""Ein-/Zweigeschossig"", ""flaeche_amtl"": 251.0}]";251.591068996163;NULL
136;DENW53AL0000zU8L;05504102400102______;NULL;NULL;NULL;NULL;NULL;NULL;Tecklenburg;Brochterbeck;055041;"[""055041000062A""]";24;102;NULL;734.0;2023-10-24 14:20:04+02;01.01.2025;Landrat des Kreises Steinfurt;Vermessungs- und Katasteramt;NULL;NULL;NULL;NULL;NULL;NULL;NULL;NULL;NULL;NULL;NULL;NULL;NULL;NULL;30;0.30;734;"[{""m2"": 734, ""emz"": null, ""katasterklassifikation"": ""Sportanlage""}]";"[{""anl"": """", ""bko"": """", ""brw"": 80, ""dat"": ""0001-01-01 BC"", ""gsm"": false, ""kor"": false, ""soa"": false, ""wrt"": false, ""zgr"": false, ""entw"": ""B"", ""gabe"": ""Der Gutachterausschuss für Grundstückswerte im Kreis Steinfurt"", ""jahr"": ""2025"", ""nuta"": ""WA"", ""stag"": ""2022-01-01"", ""farbe"": ""1"", ""anl_txt"": ""UNDEFINED"", ""flaeche"": 719.961053992562, ""prozent"": 100.00, ""entw_txt"": ""Baureifes Land"", ""nuta_txt"": ""allgemeines Wohngebiet"", ""farbe_txt"": ""Ein-/Zweigeschossig"", ""flaeche_amtl"": 734.0}]";719.961053992562;NULL
137;DENW08AL00006mSn;05143800300002______;NULL;Dentern;44;uneindeutig;58708;Menden (Sauerl.);Menden (Sauerl.);Schwitten;051438;"[""0514380000184""]";3;2;NULL;148956.0;2023-12-06 11:32:33+01;01.01.2025;Landrat des Märkischen Kreises;Fachdienst 62 - Kataster und Geomanagement;100570;62480;NULL;NULL;NULL;NULL;NULL;NULL;NULL;100570;62480;1925;13624;15549;59;0.59;148956;"[{""m2"": 3081, ""emz"": null, ""katasterklassifikation"": ""Teich""}, {""m2"": 612, ""emz"": null, ""katasterklassifikation"": ""Grünanlage""}, {""m2"": 2529, ""emz"": null, ""katasterklassifikation"": ""Weg""}, {""m2"": 6499, ""emz"": null, ""katasterklassifikation"": ""Fläche gemischter Nutzung""}, {""m2"": 944, ""emz"": null, ""katasterklassifikation"": ""Erholungsfläche""}, {""m2"": 19173, ""emz"": null, ""katasterklassifikation"": ""Gebäude- und Freifläche Land- und Forstwirtschaft""}]";"[{""anl"": """", ""bko"": """", ""brw"": 85, ""dat"": ""0001-01-01 BC"", ""gsm"": false, ""kor"": false, ""soa"": false, ""wrt"": false, ""zgr"": false, ""entw"": ""B"", ""gabe"": ""Der Gutachterausschuss für Grundstückswerte im Märkischen Kreis"", ""jahr"": ""2025"", ""nuta"": ""W"", ""stag"": ""2022-01-01"", ""farbe"": ""6"", ""anl_txt"": ""UNDEFINED"", ""flaeche"": 148824.730265973, ""prozent"": 100.00, ""entw_txt"": ""Baureifes Land"", ""nuta_txt"": ""Wohnbaufläche"", ""farbe_txt"": ""Außenbereich"", ""flaeche_amtl"": 148956.0}, {""anl"": """", ""bko"": """", ""brw"": 2, ""dat"": ""0001-01-01 BC"", ""gsm"": false, ""kor"": false, ""soa"": false, ""wrt"": false, ""zgr"": false, ""entw"": ""LF"", ""gabe"": ""Der Gutachterausschuss für Grundstückswerte im Märkischen Kreis"", ""jahr"": ""2025"", ""nuta"": ""GR"", ""stag"": ""2022-01-01"", ""farbe"": ""5"", ""anl_txt"": ""UNDEFINED"", ""flaeche"": 148824.730265973, ""prozent"": 100.00, ""entw_txt"": ""Fläche der Land- und Forstwirtschaft"", ""nuta_txt"": ""Grünland"", ""farbe_txt"": ""Landwirtschaft"", ""flaeche_amtl"": 148956.0}, {""anl"": """", ""bko"": """", ""brw"": 3.5, ""dat"": ""0001-01-01 BC"", ""gsm"": false, ""kor"": false, ""soa"": false, ""wrt"": false, ""zgr"": false, ""entw"": ""LF"", ""gabe"": ""Der Gutachterausschuss für Grundstückswerte im Märkischen Kreis"", ""jahr"": ""2025"", ""nuta"": ""A"", ""stag"": ""2022-01-01"", ""farbe"": ""5"", ""anl_txt"": ""UNDEFINED"", ""flaeche"": 148824.730265973, ""prozent"": 100.00, ""entw_txt"": ""Fläche der Land- und Forstwirtschaft"", ""nuta_txt"": ""Acker"", ""farbe_txt"": ""Landwirtschaft"", ""flaeche_amtl"": 148956.0}, {""anl"": """", ""bko"": """", ""brw"": 0.45, ""dat"": ""0001-01-01 BC"", ""gsm"": false, ""kor"": false, ""soa"": false, ""wrt"": false, ""zgr"": false, ""entw"": ""LF"", ""gabe"": ""Der Gutachterausschuss für Grundstückswerte im Märkischen Kreis"", ""jahr"": ""2025"", ""nuta"": ""F"", ""stag"": ""2022-01-01"", ""farbe"": ""4"", ""anl_txt"": ""UNDEFINED"", ""flaeche"": 148824.730265973, ""prozent"": 100.00, ""entw_txt"": ""Fläche der Land- und Forstwirtschaft"", ""nuta_txt"": ""forstwirtschaftliche Fläche"", ""farbe_txt"": ""Forstwirtschaft"", ""flaeche_amtl"": 148956.0}]";148824.730265973;NULL
138;DENW11AL00019PZZ;05172400100604______;NULL;NULL;NULL;NULL;NULL;NULL;Ense;Höingen;051724;"[""0517240000782""]";1;604;NULL;5229.0;2023-11-28 15:29:19+01;01.01.2025;Landrätin des Kreises Soest;Abteilung Liegenschaftskataster und Vermessung;NULL;NULL;NULL;NULL;NULL;NULL;NULL;NULL;NULL;NULL;NULL;NULL;NULL;NULL;45;0.45;5229;"[{""m2"": 5229, ""emz"": null, ""katasterklassifikation"": ""Straßenverkehr""}]";"[{""anl"": """", ""bko"": """", ""brw"": 35, ""dat"": ""0001-01-01 BC"", ""gsm"": false, ""kor"": false, ""soa"": false, ""wrt"": false, ""zgr"": false, ""entw"": ""B"", ""gabe"": ""Der Gutachterausschuss für Grundstückswerte im Kreis Soest"", ""jahr"": ""2025"", ""nuta"": ""G"", ""stag"": ""2022-01-01"", ""farbe"": ""3"", ""anl_txt"": ""UNDEFINED"", ""flaeche"": 5221.28164800712, ""prozent"": 100.00, ""entw_txt"": ""Baureifes Land"", ""nuta_txt"": ""gewerbliche Baufläche"", ""farbe_txt"": ""Gewerbe/Industrie/Sondergebiete"", ""flaeche_amtl"": 5229.0}]";5221.28164800712;NULL
139;DENW50AL0000HhcM;05515306300157______;NULL;Bahnhofstraße;97;a;46359;Heiden;Heiden;Heiden;055153;"[""0551530002564""]";63;157;NULL;465.0;2023-11-13 11:13:19+01;01.01.2025;Landrat des Kreises Borken;Fachbereich 62 - Geoinformation und Liegenschaftskataster;NULL;NULL;NULL;NULL;NULL;NULL;NULL;NULL;NULL;NULL;NULL;NULL;NULL;NULL;34;0.34;465;"[{""m2"": 465, ""emz"": null, ""katasterklassifikation"": ""Wohnbaufläche""}]";"[{""anl"": """", ""bko"": """", ""brw"": 125, ""dat"": ""0001-01-01 BC"", ""gsm"": false, ""kor"": false, ""soa"": false, ""wrt"": false, ""zgr"": false, ""entw"": ""B"", ""gabe"": ""Der Gutachterausschuss für Grundstückswerte im Kreis Borken"", ""jahr"": ""2025"", ""nuta"": ""MI"", ""stag"": ""2022-01-01"", ""farbe"": ""2"", ""anl_txt"": ""UNDEFINED"", ""flaeche"": 464.756781001775, ""prozent"": 100.00, ""entw_txt"": ""Baureifes Land"", ""nuta_txt"": ""Mischgebiet"", ""farbe_txt"": ""Misch-/Mehrgeschossig"", ""flaeche_amtl"": 465.0}]";464.756781001775;NULL
140;DENW50AL0000qdDg;05515300801311______;NULL;NULL;NULL;NULL;NULL;NULL;Heiden;Heiden;055153;"[""0551530000323""]";8;1311;NULL;1.0;2023-11-13 11:13:19+01;01.01.2025;Landrat des Kreises Borken;Fachbereich 62 - Geoinformation und Liegenschaftskataster;NULL;NULL;NULL;NULL;NULL;NULL;NULL;NULL;NULL;NULL;NULL;NULL;NULL;NULL;34;0.34;1;"[{""m2"": 1, ""emz"": null, ""katasterklassifikation"": ""Wohnbaufläche""}]";"[{""anl"": """", ""bko"": """", ""brw"": 220, ""dat"": ""0001-01-01 BC"", ""gsm"": false, ""kor"": false, ""soa"": false, ""wrt"": false, ""zgr"": false, ""entw"": ""B"", ""gabe"": ""Der Gutachterausschuss für Grundstückswerte im Kreis Borken"", ""jahr"": ""2025"", ""nuta"": ""W"", ""stag"": ""2022-01-01"", ""farbe"": ""1"", ""anl_txt"": ""UNDEFINED"", ""flaeche"": 0.707009999998331, ""prozent"": 100.00, ""entw_txt"": ""Baureifes Land"", ""nuta_txt"": ""Wohnbaufläche"", ""farbe_txt"": ""Ein-/Zweigeschossig"", ""flaeche_amtl"": 1.0}]";0.707009999998331;NULL
141;DENW50AL0000qdRF;05515301200222______;NULL;NULL;NULL;NULL;NULL;NULL;Heiden;Heiden;055153;"[""0551530002012""]";12;222;NULL;1759.0;2023-11-13 11:13:19+01;01.01.2025;Landrat des Kreises Borken;Fachbereich 62 - Geoinformation und Liegenschaftskataster;NULL;NULL;NULL;NULL;NULL;NULL;NULL;NULL;NULL;NULL;NULL;NULL;NULL;NULL;34;0.34;1759;"[{""m2"": 1759, ""emz"": null, ""katasterklassifikation"": ""Straßenverkehr""}]";"[{""anl"": """", ""bko"": """", ""brw"": 225, ""dat"": ""0001-01-01 BC"", ""gsm"": false, ""kor"": false, ""soa"": false, ""wrt"": false, ""zgr"": false, ""entw"": ""B"", ""gabe"": ""Der Gutachterausschuss für Grundstückswerte im Kreis Borken"", ""jahr"": ""2025"", ""nuta"": ""W"", ""stag"": ""2022-01-01"", ""farbe"": ""1"", ""anl_txt"": ""UNDEFINED"", ""flaeche"": 1758.17544397761, ""prozent"": 100.00, ""entw_txt"": ""Baureifes Land"", ""nuta_txt"": ""Wohnbaufläche"", ""farbe_txt"": ""Ein-/Zweigeschossig"", ""flaeche_amtl"": 1759.0}]";1758.17544397761;NULL
142;DENW53AL0002pIIu;05504100700720______;NULL;Höhenweg;1;NULL;49545;Tecklenburg;Tecklenburg;Brochterbeck;055041;"[""0550410000950""]";7;720;NULL;529.0;2024-01-25 09:01:46+01;01.01.2025;Landrat des Kreises Steinfurt;Vermessungs- und Katasteramt;NULL;NULL;NULL;NULL;NULL;NULL;NULL;NULL;NULL;NULL;NULL;NULL;NULL;NULL;30;0.30;529;"[{""m2"": 529, ""emz"": null, ""katasterklassifikation"": ""Wohnbaufläche""}]";"[{""anl"": """", ""bko"": """", ""brw"": 140, ""dat"": ""0001-01-01 BC"", ""gsm"": false, ""kor"": false, ""soa"": false, ""wrt"": false, ""zgr"": false, ""entw"": ""B"", ""gabe"": ""Der Gutachterausschuss für Grundstückswerte im Kreis Steinfurt"", ""jahr"": ""2025"", ""nuta"": ""WA"", ""stag"": ""2022-01-01"", ""farbe"": ""1"", ""anl_txt"": ""UNDEFINED"", ""flaeche"": 528.706816996122, ""prozent"": 100.00, ""entw_txt"": ""Baureifes Land"", ""nuta_txt"": ""allgemeines Wohngebiet"", ""farbe_txt"": ""Ein-/Zweigeschossig"", ""flaeche_amtl"": 529.0}]";528.706816996122;NULL
143;DENW11AL00005Y5V;05107600600114______;NULL;NULL;NULL;NULL;NULL;NULL;Warstein;Hirschberg;051076;"[""0510760000807""]";6;114;NULL;8802.0;2023-11-28 15:29:19+01;01.01.2025;Landrätin des Kreises Soest;Abteilung Liegenschaftskataster und Vermessung;8802;3081;NULL;NULL;NULL;NULL;NULL;NULL;NULL;8802;3081;NULL;NULL;NULL;31;0.31;8802;NULL;"[{""anl"": """", ""bko"": """", ""brw"": 25, ""dat"": ""0001-01-01 BC"", ""gsm"": false, ""kor"": false, ""soa"": false, ""wrt"": false, ""zgr"": false, ""entw"": ""B"", ""gabe"": ""Der Gutachterausschuss für Grundstückswerte im Kreis Soest"", ""jahr"": ""2025"", ""nuta"": ""W"", ""stag"": ""2022-01-01"", ""farbe"": ""6"", ""anl_txt"": ""UNDEFINED"", ""flaeche"": 8794.4417210119, ""prozent"": 100.00, ""entw_txt"": ""Baureifes Land"", ""nuta_txt"": ""Wohnbaufläche"", ""farbe_txt"": ""Außenbereich"", ""flaeche_amtl"": 8802.0}, {""anl"": """", ""bko"": """", ""brw"": 1, ""dat"": ""0001-01-01 BC"", ""gsm"": false, ""kor"": false, ""soa"": false, ""wrt"": false, ""zgr"": false, ""entw"": ""LF"", ""gabe"": ""Der Gutachterausschuss für Grundstückswerte im Kreis Soest"", ""jahr"": ""2025"", ""nuta"": ""F"", ""stag"": ""2022-01-01"", ""farbe"": ""4"", ""anl_txt"": ""UNDEFINED"", ""flaeche"": 8794.4417210119, ""prozent"": 100.00, ""entw_txt"": ""Fläche der Land- und Forstwirtschaft"", ""nuta_txt"": ""forstwirtschaftliche Fläche"", ""farbe_txt"": ""Forstwirtschaft"", ""flaeche_amtl"": 8802.0}, {""anl"": """", ""bko"": """", ""brw"": 4, ""dat"": ""0001-01-01 BC"", ""gsm"": false, ""kor"": false, ""soa"": false, ""wrt"": false, ""zgr"": false, ""entw"": ""LF"", ""gabe"": ""Der Gutachterausschuss für Grundstückswerte im Kreis Soest"", ""jahr"": ""2025"", ""nuta"": ""A"", ""stag"": ""2022-01-01"", ""farbe"": ""5"", ""anl_txt"": ""UNDEFINED"", ""flaeche"": 8794.4417210119, ""prozent"": 100.00, ""entw_txt"": ""Fläche der Land- und Forstwirtschaft"", ""nuta_txt"": ""Acker"", ""farbe_txt"": ""Landwirtschaft"", ""flaeche_amtl"": 8802.0}, {""anl"": """", ""bko"": """", ""brw"": 2.7, ""dat"": ""0001-01-01 BC"", ""gsm"": false, ""kor"": false, ""soa"": false, ""wrt"": false, ""zgr"": false, ""entw"": ""LF"", ""gabe"": ""Der Gutachterausschuss für Grundstückswerte im Kreis Soest"", ""jahr"": ""2025"", ""nuta"": ""GR"", ""stag"": ""2022-01-01"", ""farbe"": ""5"", ""anl_txt"": ""UNDEFINED"", ""flaeche"": 8794.4417210119, ""prozent"": 100.00, ""entw_txt"": ""Fläche der Land- und Forstwirtschaft"", ""nuta_txt"": ""Grünland"", ""farbe_txt"": ""Landwirtschaft"", ""flaeche_amtl"": 8802.0}]";8794.4417210119;NULL
144;DENW11AL00005Y9F;05107600700483______;NULL;Langenbruch;84;NULL;59581;Warstein;Warstein;Hirschberg;051076;"[""0510760000637""]";7;483;NULL;391.0;2023-11-28 15:29:19+01;01.01.2025;Landrätin des Kreises Soest;Abteilung Liegenschaftskataster und Vermessung;NULL;NULL;NULL;NULL;NULL;NULL;NULL;NULL;NULL;NULL;NULL;NULL;NULL;NULL;31;0.31;391;"[{""m2"": 391, ""emz"": null, ""katasterklassifikation"": ""Wochenend- und Ferienhausfläche""}]";"[{""anl"": """", ""bko"": """", ""brw"": 50, ""dat"": ""0001-01-01 BC"", ""gsm"": false, ""kor"": false, ""soa"": false, ""wrt"": false, ""zgr"": false, ""entw"": ""B"", ""gabe"": ""Der Gutachterausschuss für Grundstückswerte im Kreis Soest"", ""jahr"": ""2025"", ""nuta"": ""SE"", ""stag"": ""2022-01-01"", ""farbe"": ""3"", ""anl_txt"": ""UNDEFINED"", ""flaeche"": 389.869275001121, ""prozent"": 100.00, ""entw_txt"": ""Baureifes Land"", ""nuta_txt"": ""Sondergebiet für Erholung"", ""farbe_txt"": ""Gewerbe/Industrie/Sondergebiete"", ""flaeche_amtl"": 391.0}]";389.869275001121;NULL
145;DENW41AL4000446q;05463001501996______;NULL;NULL;NULL;NULL;NULL;NULL;Brühl;Badorf;054630;"[""0546300000149""]";15;1996;NULL;1.0;2024-08-20 10:05:31+02;01.01.2025;Landrat des Rhein-Erft-Kreises;Amt für Liegenschaftskataster und Geoinformation 62;NULL;NULL;NULL;NULL;NULL;NULL;NULL;NULL;NULL;NULL;NULL;NULL;NULL;NULL;78;0.78;1;"[{""m2"": 1, ""emz"": null, ""katasterklassifikation"": ""Wohnbaufläche""}]";"[{""anl"": """", ""bko"": """", ""brw"": 560, ""dat"": ""0001-01-01 BC"", ""gsm"": false, ""kor"": false, ""soa"": false, ""wrt"": false, ""zgr"": false, ""entw"": ""B"", ""gabe"": ""Der Gutachterausschuss für Grundstückswerte im Rhein-Erft-Kreis"", ""jahr"": ""2025"", ""nuta"": ""W"", ""stag"": ""2022-01-01"", ""farbe"": ""1"", ""anl_txt"": ""UNDEFINED"", ""flaeche"": 1.21850999993122, ""prozent"": 100.00, ""entw_txt"": ""Baureifes Land"", ""nuta_txt"": ""Wohnbaufläche"", ""farbe_txt"": ""Ein-/Zweigeschossig"", ""flaeche_amtl"": 1.0}]";1.21850999993122;NULL
146;DENW43AL0000KV0X;05453201200125______;NULL;NULL;NULL;NULL;NULL;NULL;Erkelenz;Venrath;054532;"[""0545320000002""]";12;125;NULL;3764.0;2024-01-30 08:57:04+01;01.01.2025;Landrat des Kreises Heinsberg;Vermessungs- und Katasteramt;NULL;NULL;NULL;NULL;NULL;NULL;NULL;NULL;NULL;NULL;NULL;NULL;NULL;NULL;88;0.88;3764;"[{""m2"": 342, ""emz"": null, ""katasterklassifikation"": ""Weg""}, {""m2"": 3423, ""emz"": null, ""katasterklassifikation"": ""Straßenverkehr""}]";"[{""anl"": """", ""bko"": """", ""brw"": 200, ""dat"": ""0001-01-01 BC"", ""gsm"": false, ""kor"": false, ""soa"": false, ""wrt"": false, ""zgr"": false, ""entw"": ""B"", ""gabe"": ""Der Gutachterausschuss für Grundstückswerte im Kreis Heinsberg"", ""jahr"": ""2025"", ""nuta"": ""MD"", ""stag"": ""2022-01-01"", ""farbe"": ""1"", ""anl_txt"": ""UNDEFINED"", ""flaeche"": 3761.61800302737, ""prozent"": 100.00, ""entw_txt"": ""Baureifes Land"", ""nuta_txt"": ""Dorfgebiet"", ""farbe_txt"": ""Ein-/Zweigeschossig"", ""flaeche_amtl"": 3764.0}]";3761.61800302737;NULL
147;DENW50AL0000abyZ;05515400904117______;NULL;Brunnenweg;40;NULL;48734;Reken;Reken;Groß-Reken;055154;"[""0595030000046"",""0595030004464""]";9;4117;NULL;515.0;2023-11-13 11:13:19+01;01.01.2025;Landrat des Kreises Borken;Fachbereich 62 - Geoinformation und Liegenschaftskataster;NULL;NULL;NULL;NULL;NULL;NULL;NULL;NULL;NULL;NULL;NULL;NULL;NULL;NULL;29;0.29;515;"[{""m2"": 515, ""emz"": null, ""katasterklassifikation"": ""Wohnbaufläche""}]";"[{""anl"": """", ""bko"": """", ""brw"": 195, ""dat"": ""0001-01-01 BC"", ""gsm"": false, ""kor"": false, ""soa"": false, ""wrt"": false, ""zgr"": false, ""entw"": ""B"", ""gabe"": ""Der Gutachterausschuss für Grundstückswerte im Kreis Borken"", ""jahr"": ""2025"", ""nuta"": ""W"", ""stag"": ""2022-01-01"", ""farbe"": ""1"", ""anl_txt"": ""UNDEFINED"", ""flaeche"": 515.201994500304, ""prozent"": 100.00, ""entw_txt"": ""Baureifes Land"", ""nuta_txt"": ""Wohnbaufläche"", ""farbe_txt"": ""Ein-/Zweigeschossig"", ""flaeche_amtl"": 515.0}]";515.201994500304;NULL
148;DENW50AL0000abzu;05515400904155______;NULL;Steinstraße;37;NULL;48734;Reken;Reken;Groß-Reken;055154;"[""0595030000912""]";9;4155;NULL;625.0;2023-11-13 11:13:19+01;01.01.2025;Landrat des Kreises Borken;Fachbereich 62 - Geoinformation und Liegenschaftskataster;NULL;NULL;NULL;NULL;NULL;NULL;NULL;NULL;NULL;NULL;NULL;NULL;NULL;NULL;29;0.29;625;"[{""m2"": 625, ""emz"": null, ""katasterklassifikation"": ""Wohnbaufläche""}]";"[{""anl"": """", ""bko"": """", ""brw"": 180, ""dat"": ""0001-01-01 BC"", ""gsm"": false, ""kor"": false, ""soa"": false, ""wrt"": false, ""zgr"": false, ""entw"": ""B"", ""gabe"": ""Der Gutachterausschuss für Grundstückswerte im Kreis Borken"", ""jahr"": ""2025"", ""nuta"": ""W"", ""stag"": ""2022-01-01"", ""farbe"": ""1"", ""anl_txt"": ""UNDEFINED"", ""flaeche"": 624.697714997116, ""prozent"": 100.00, ""entw_txt"": ""Baureifes Land"", ""nuta_txt"": ""Wohnbaufläche"", ""farbe_txt"": ""Ein-/Zweigeschossig"", ""flaeche_amtl"": 625.0}]";624.697714997116;NULL
149;DENW08AL0000daCQ;05101203700134______;NULL;NULL;NULL;NULL;NULL;NULL;Meinerzhagen;Meinerzhagen;051012;"[""0510120003699""]";37;134;NULL;68.0;2023-12-04 12:27:22+01;01.01.2025;Landrat des Märkischen Kreises;Fachdienst 62 - Kataster und Geomanagement;NULL;NULL;NULL;NULL;NULL;NULL;NULL;NULL;NULL;NULL;NULL;NULL;NULL;NULL;28;0.28;68;"[{""m2"": 68, ""emz"": null, ""katasterklassifikation"": ""Wohnbaufläche""}]";"[{""anl"": """", ""bko"": """", ""brw"": 120, ""dat"": ""0001-01-01 BC"", ""gsm"": false, ""kor"": false, ""soa"": false, ""wrt"": false, ""zgr"": false, ""entw"": ""B"", ""gabe"": ""Der Gutachterausschuss für Grundstückswerte im Märkischen Kreis"", ""jahr"": ""2025"", ""nuta"": ""WA/MI"", ""stag"": ""2022-01-01"", ""farbe"": ""2"", ""anl_txt"": ""UNDEFINED"", ""flaeche"": 67.597369501299, ""prozent"": 100.00, ""entw_txt"": ""Baureifes Land"", ""nuta_txt"": ""allgemeines Wohngebiet; Mischgebiet"", ""farbe_txt"": ""Misch-/Mehrgeschossig"", ""flaeche_amtl"": 68.0}]";67.597369501299;NULL
150;DENW11AL00014vTm;05107401800218______;NULL;NULL;NULL;NULL;NULL;NULL;Warstein;Allagen;051074;"[""051074000115A""]";18;218;NULL;14943.0;2023-11-28 15:29:19+01;01.01.2025;Landrätin des Kreises Soest;Abteilung Liegenschaftskataster und Vermessung;NULL;NULL;NULL;NULL;NULL;NULL;NULL;NULL;NULL;NULL;NULL;NULL;NULL;NULL;46;0.46;14943;"[{""m2"": 6433, ""emz"": null, ""katasterklassifikation"": ""Straßenverkehr""}, {""m2"": 8433, ""emz"": null, ""katasterklassifikation"": ""Verkehrsbegleitfläche Straße""}, {""m2"": 76, ""emz"": null, ""katasterklassifikation"": ""Weg""}]";"[{""anl"": """", ""bko"": """", ""brw"": 1, ""dat"": ""0001-01-01 BC"", ""gsm"": false, ""kor"": false, ""soa"": false, ""wrt"": false, ""zgr"": false, ""entw"": ""LF"", ""gabe"": ""Der Gutachterausschuss für Grundstückswerte im Kreis Soest"", ""jahr"": ""2025"", ""nuta"": ""F"", ""stag"": ""2022-01-01"", ""farbe"": ""4"", ""anl_txt"": ""UNDEFINED"", ""flaeche"": 14876.016771443, ""prozent"": 100.00, ""entw_txt"": ""Fläche der Land- und Forstwirtschaft"", ""nuta_txt"": ""forstwirtschaftliche Fläche"", ""farbe_txt"": ""Forstwirtschaft"", ""flaeche_amtl"": 14943.0}, {""anl"": """", ""bko"": """", ""brw"": 2.7, ""dat"": ""0001-01-01 BC"", ""gsm"": false, ""kor"": false, ""soa"": false, ""wrt"": false, ""zgr"": false, ""entw"": ""LF"", ""gabe"": ""Der Gutachterausschuss für Grundstückswerte im Kreis Soest"", ""jahr"": ""2025"", ""nuta"": ""GR"", ""stag"": ""2022-01-01"", ""farbe"": ""5"", ""anl_txt"": ""UNDEFINED"", ""flaeche"": 14876.016771443, ""prozent"": 100.00, ""entw_txt"": ""Fläche der Land- und Forstwirtschaft"", ""nuta_txt"": ""Grünland"", ""farbe_txt"": ""Landwirtschaft"", ""flaeche_amtl"": 14943.0}, {""anl"": """", ""bko"": """", ""brw"": 25, ""dat"": ""0001-01-01 BC"", ""gsm"": false, ""kor"": false, ""soa"": false, ""wrt"": false, ""zgr"": false, ""entw"": ""B"", ""gabe"": ""Der Gutachterausschuss für Grundstückswerte im Kreis Soest"", ""jahr"": ""2025"", ""nuta"": ""W"", ""stag"": ""2022-01-01"", ""farbe"": ""6"", ""anl_txt"": ""UNDEFINED"", ""flaeche"": 14876.016771443, ""prozent"": 100.00, ""entw_txt"": ""Baureifes Land"", ""nuta_txt"": ""Wohnbaufläche"", ""farbe_txt"": ""Außenbereich"", ""flaeche_amtl"": 14943.0}, {""anl"": """", ""bko"": """", ""brw"": 7.5, ""dat"": ""0001-01-01 BC"", ""gsm"": false, ""kor"": false, ""soa"": false, ""wrt"": false, ""zgr"": false, ""entw"": ""LF"", ""gabe"": ""Der Gutachterausschuss für Grundstückswerte im Kreis Soest"", ""jahr"": ""2025"", ""nuta"": ""A"", ""stag"": ""2022-01-01"", ""farbe"": ""5"", ""anl_txt"": ""UNDEFINED"", ""flaeche"": 14876.016771443, ""prozent"": 100.00, ""entw_txt"": ""Fläche der Land- und Forstwirtschaft"", ""nuta_txt"": ""Acker"", ""farbe_txt"": ""Landwirtschaft"", ""flaeche_amtl"": 14943.0}]";14876.016771443;NULL
151;DENW11AL00017gQT;05107401100748______;NULL;NULL;NULL;NULL;NULL;NULL;Warstein;Allagen;051074;"[""0510740000085""]";11;748;NULL;4169.0;2023-11-28 15:29:19+01;01.01.2025;Landrätin des Kreises Soest;Abteilung Liegenschaftskataster und Vermessung;NULL;NULL;NULL;NULL;NULL;NULL;NULL;NULL;NULL;NULL;NULL;NULL;NULL;NULL;46;0.46;4169;"[{""m2"": 4169, ""emz"": null, ""katasterklassifikation"": ""Straßenverkehr""}]";"[{""anl"": """", ""bko"": """", ""brw"": 45, ""dat"": ""0001-01-01 BC"", ""gsm"": false, ""kor"": false, ""soa"": false, ""wrt"": false, ""zgr"": false, ""entw"": ""B"", ""gabe"": ""Der Gutachterausschuss für Grundstückswerte im Kreis Soest"", ""jahr"": ""2025"", ""nuta"": ""W"", ""stag"": ""2022-01-01"", ""farbe"": ""1"", ""anl_txt"": ""UNDEFINED"", ""flaeche"": 4145.98130797218, ""prozent"": 100.00, ""entw_txt"": ""Baureifes Land"", ""nuta_txt"": ""Wohnbaufläche"", ""farbe_txt"": ""Ein-/Zweigeschossig"", ""flaeche_amtl"": 4169.0}]";4145.98130797218;NULL
152;DENW11AL00005YbD;05107600700158______;NULL;NULL;NULL;NULL;NULL;NULL;Warstein;Hirschberg;051076;"[""0510760000597""]";7;158;NULL;14.0;2023-11-28 15:29:19+01;01.01.2025;Landrätin des Kreises Soest;Abteilung Liegenschaftskataster und Vermessung;NULL;NULL;NULL;NULL;NULL;NULL;NULL;NULL;NULL;NULL;NULL;NULL;NULL;NULL;31;0.31;14;"[{""m2"": 14, ""emz"": null, ""katasterklassifikation"": ""Fläche besonderer funktionaler Prägung""}]";"[{""anl"": """", ""bko"": """", ""brw"": 50, ""dat"": ""0001-01-01 BC"", ""gsm"": false, ""kor"": false, ""soa"": false, ""wrt"": false, ""zgr"": false, ""entw"": ""B"", ""gabe"": ""Der Gutachterausschuss für Grundstückswerte im Kreis Soest"", ""jahr"": ""2025"", ""nuta"": ""SE"", ""stag"": ""2022-01-01"", ""farbe"": ""3"", ""anl_txt"": ""UNDEFINED"", ""flaeche"": 13.7257109997897, ""prozent"": 100.00, ""entw_txt"": ""Baureifes Land"", ""nuta_txt"": ""Sondergebiet für Erholung"", ""farbe_txt"": ""Gewerbe/Industrie/Sondergebiete"", ""flaeche_amtl"": 14.0}]";13.7257109997897;NULL
153;DENW11AL00005YcM;05107600700588______;NULL;NULL;NULL;NULL;NULL;NULL;Warstein;Hirschberg;051076;"[""051076000161A""]";7;588;NULL;24.0;2023-11-28 15:29:19+01;01.01.2025;Landrätin des Kreises Soest;Abteilung Liegenschaftskataster und Vermessung;NULL;NULL;NULL;NULL;NULL;NULL;NULL;NULL;NULL;NULL;NULL;NULL;NULL;NULL;31;0.31;24;"[{""m2"": 24, ""emz"": null, ""katasterklassifikation"": ""Fläche besonderer funktionaler Prägung""}]";"[{""anl"": """", ""bko"": """", ""brw"": 50, ""dat"": ""0001-01-01 BC"", ""gsm"": false, ""kor"": false, ""soa"": false, ""wrt"": false, ""zgr"": false, ""entw"": ""B"", ""gabe"": ""Der Gutachterausschuss für Grundstückswerte im Kreis Soest"", ""jahr"": ""2025"", ""nuta"": ""SE"", ""stag"": ""2022-01-01"", ""farbe"": ""3"", ""anl_txt"": ""UNDEFINED"", ""flaeche"": 23.605318500187, ""prozent"": 100.00, ""entw_txt"": ""Baureifes Land"", ""nuta_txt"": ""Sondergebiet für Erholung"", ""farbe_txt"": ""Gewerbe/Industrie/Sondergebiete"", ""flaeche_amtl"": 24.0}]";23.605318500187;NULL
154;DENW54AL0000uM7t;05501603000118______;NULL;Göttendorfer Weg;94;NULL;48317;Drensteinfurt;Drensteinfurt;Rinkerode;055016;"[""0550160000051""]";30;118;NULL;235338.0;2023-11-17 09:51:39+01;01.01.2025;Landrat des Kreises Warendorf;Amt für Geoinformation und Kataster;215572;105936;0;NULL;NULL;NULL;NULL;NULL;NULL;215572;105936;NULL;836;836;46;0.46;235338;"[{""m2"": 356, ""emz"": null, ""katasterklassifikation"": ""Vegetationslose Fläche""}, {""m2"": 700, ""emz"": null, ""katasterklassifikation"": ""Grünanlage""}, {""m2"": 1783, ""emz"": 513, ""katasterklassifikation"": ""Weg""}, {""m2"": 13555, ""emz"": 3, ""katasterklassifikation"": ""Gebäude- und Freifläche Land- und Forstwirtschaft""}, {""m2"": 1369, ""emz"": null, ""katasterklassifikation"": ""Reitplatz""}, {""m2"": 1165, ""emz"": 493, ""katasterklassifikation"": ""Graben""}]";"[{""anl"": """", ""bko"": """", ""brw"": 18, ""dat"": ""0001-01-01 BC"", ""gsm"": false, ""kor"": false, ""soa"": false, ""wrt"": false, ""zgr"": false, ""entw"": ""B"", ""gabe"": ""Der Gutachterausschuss für Grundstückswerte im Kreis Warendorf"", ""jahr"": ""2025"", ""nuta"": ""G"", ""stag"": ""2022-01-01"", ""farbe"": ""6"", ""anl_txt"": ""UNDEFINED"", ""flaeche"": 235206.514617539, ""prozent"": 100.00, ""entw_txt"": ""Baureifes Land"", ""nuta_txt"": ""gewerbliche Baufläche"", ""farbe_txt"": ""Außenbereich"", ""flaeche_amtl"": 235338.0}, {""anl"": """", ""bko"": """", ""brw"": 90, ""dat"": ""0001-01-01 BC"", ""gsm"": false, ""kor"": false, ""soa"": false, ""wrt"": false, ""zgr"": false, ""entw"": ""B"", ""gabe"": ""Der Gutachterausschuss für Grundstückswerte im Kreis Warendorf"", ""jahr"": ""2025"", ""nuta"": ""W"", ""stag"": ""2022-01-01"", ""farbe"": ""6"", ""anl_txt"": ""UNDEFINED"", ""flaeche"": 235206.514617539, ""prozent"": 100.00, ""entw_txt"": ""Baureifes Land"", ""nuta_txt"": ""Wohnbaufläche"", ""farbe_txt"": ""Außenbereich"", ""flaeche_amtl"": 235338.0}, {""anl"": """", ""bko"": """", ""brw"": 8.4, ""dat"": ""0001-01-01 BC"", ""gsm"": false, ""kor"": false, ""soa"": false, ""wrt"": false, ""zgr"": false, ""entw"": ""LF"", ""gabe"": ""Der Gutachterausschuss für Grundstückswerte im Kreis Warendorf"", ""jahr"": ""2025"", ""nuta"": ""GR"", ""stag"": ""2022-01-01"", ""farbe"": ""5"", ""anl_txt"": ""UNDEFINED"", ""flaeche"": 235206.514617539, ""prozent"": 100.00, ""entw_txt"": ""Fläche der Land- und Forstwirtschaft"", ""nuta_txt"": ""Grünland"", ""farbe_txt"": ""Landwirtschaft"", ""flaeche_amtl"": 235338.0}, {""anl"": """", ""bko"": """", ""brw"": 10.5, ""dat"": ""0001-01-01 BC"", ""gsm"": false, ""kor"": false, ""soa"": false, ""wrt"": false, ""zgr"": false, ""entw"": ""LF"", ""gabe"": ""Der Gutachterausschuss für Grundstückswerte im Kreis Warendorf"", ""jahr"": ""2025"", ""nuta"": ""A"", ""stag"": ""2022-01-01"", ""farbe"": ""5"", ""anl_txt"": ""UNDEFINED"", ""flaeche"": 235206.514617539, ""prozent"": 100.00, ""entw_txt"": ""Fläche der Land- und Forstwirtschaft"", ""nuta_txt"": ""Acker"", ""farbe_txt"": ""Landwirtschaft"", ""flaeche_amtl"": 235338.0}, {""anl"": """", ""bko"": """", ""brw"": 0.6, ""dat"": ""0001-01-01 BC"", ""gsm"": false, ""kor"": false, ""soa"": false, ""wrt"": false, ""zgr"": false, ""entw"": ""LF"", ""gabe"": ""Der Gutachterausschuss für Grundstückswerte im Kreis Warendorf"", ""jahr"": ""2025"", ""nuta"": ""F"", ""stag"": ""2022-01-01"", ""farbe"": ""4"", ""anl_txt"": ""UNDEFINED"", ""flaeche"": 235206.514617539, ""prozent"": 100.00, ""entw_txt"": ""Fläche der Land- und Forstwirtschaft"", ""nuta_txt"": ""forstwirtschaftliche Fläche"", ""farbe_txt"": ""Forstwirtschaft"", ""flaeche_amtl"": 235338.0}]";235206.514617539;NULL
155;DENW08AL0001FQxN;05101202300180______;NULL;NULL;NULL;NULL;NULL;NULL;Meinerzhagen;Meinerzhagen;051012;"[""0510120005944""]";23;180;NULL;409118.0;2023-12-04 12:27:22+01;01.01.2025;Landrat des Märkischen Kreises;Fachdienst 62 - Kataster und Geomanagement;1845;369;NULL;NULL;NULL;NULL;NULL;NULL;NULL;1845;369;404745;NULL;404745;28;0.28;409118;"[{""m2"": 2527, ""emz"": null, ""katasterklassifikation"": ""Weg""}]";"[{""anl"": """", ""bko"": """", ""brw"": 55, ""dat"": ""0001-01-01 BC"", ""gsm"": false, ""kor"": false, ""soa"": false, ""wrt"": false, ""zgr"": false, ""entw"": ""B"", ""gabe"": ""Der Gutachterausschuss für Grundstückswerte im Märkischen Kreis"", ""jahr"": ""2025"", ""nuta"": ""W"", ""stag"": ""2022-01-01"", ""farbe"": ""6"", ""anl_txt"": ""UNDEFINED"", ""flaeche"": 409568.093870536, ""prozent"": 100.00, ""entw_txt"": ""Baureifes Land"", ""nuta_txt"": ""Wohnbaufläche"", ""farbe_txt"": ""Außenbereich"", ""flaeche_amtl"": 409118.0}, {""anl"": """", ""bko"": """", ""brw"": 0.45, ""dat"": ""0001-01-01 BC"", ""gsm"": false, ""kor"": false, ""soa"": false, ""wrt"": false, ""zgr"": false, ""entw"": ""LF"", ""gabe"": ""Der Gutachterausschuss für Grundstückswerte im Märkischen Kreis"", ""jahr"": ""2025"", ""nuta"": ""F"", ""stag"": ""2022-01-01"", ""farbe"": ""4"", ""anl_txt"": ""UNDEFINED"", ""flaeche"": 409568.093870536, ""prozent"": 100.00, ""entw_txt"": ""Fläche der Land- und Forstwirtschaft"", ""nuta_txt"": ""forstwirtschaftliche Fläche"", ""farbe_txt"": ""Forstwirtschaft"", ""flaeche_amtl"": 409118.0}, {""anl"": """", ""bko"": """", ""brw"": 2.6, ""dat"": ""0001-01-01 BC"", ""gsm"": false, ""kor"": false, ""soa"": false, ""wrt"": false, ""zgr"": false, ""entw"": ""LF"", ""gabe"": ""Der Gutachterausschuss für Grundstückswerte im Märkischen Kreis"", ""jahr"": ""2025"", ""nuta"": ""A"", ""stag"": ""2022-01-01"", ""farbe"": ""5"", ""anl_txt"": ""UNDEFINED"", ""flaeche"": 409568.093870536, ""prozent"": 100.00, ""entw_txt"": ""Fläche der Land- und Forstwirtschaft"", ""nuta_txt"": ""Acker"", ""farbe_txt"": ""Landwirtschaft"", ""flaeche_amtl"": 409118.0}, {""anl"": """", ""bko"": """", ""brw"": 2, ""dat"": ""0001-01-01 BC"", ""gsm"": false, ""kor"": false, ""soa"": false, ""wrt"": false, ""zgr"": false, ""entw"": ""LF"", ""gabe"": ""Der Gutachterausschuss für Grundstückswerte im Märkischen Kreis"", ""jahr"": ""2025"", ""nuta"": ""GR"", ""stag"": ""2022-01-01"", ""farbe"": ""5"", ""anl_txt"": ""UNDEFINED"", ""flaeche"": 409568.093870536, ""prozent"": 100.00, ""entw_txt"": ""Fläche der Land- und Forstwirtschaft"", ""nuta_txt"": ""Grünland"", ""farbe_txt"": ""Landwirtschaft"", ""flaeche_amtl"": 409118.0}]";409568.093870536;NULL
156;DENW54AL0000t5AD;05508401400029______;NULL;NULL;NULL;NULL;NULL;NULL;Sendenhorst;Sendenhorst;055084;"[""0550840001914""]";14;29;NULL;205.0;2023-11-17 09:51:39+01;01.01.2025;Landrat des Kreises Warendorf;Amt für Geoinformation und Kataster;NULL;NULL;NULL;NULL;NULL;NULL;NULL;NULL;NULL;NULL;NULL;NULL;NULL;NULL;46;0.46;205;"[{""m2"": 205, ""emz"": null, ""katasterklassifikation"": ""Teich""}]";"[{""anl"": """", ""bko"": """", ""brw"": 0.6, ""dat"": ""0001-01-01 BC"", ""gsm"": false, ""kor"": false, ""soa"": false, ""wrt"": false, ""zgr"": false, ""entw"": ""LF"", ""gabe"": ""Der Gutachterausschuss für Grundstückswerte im Kreis Warendorf"", ""jahr"": ""2025"", ""nuta"": ""F"", ""stag"": ""2022-01-01"", ""farbe"": ""4"", ""anl_txt"": ""UNDEFINED"", ""flaeche"": 195.529290006874, ""prozent"": 100.00, ""entw_txt"": ""Fläche der Land- und Forstwirtschaft"", ""nuta_txt"": ""forstwirtschaftliche Fläche"", ""farbe_txt"": ""Forstwirtschaft"", ""flaeche_amtl"": 205.0}, {""anl"": """", ""bko"": """", ""brw"": 10, ""dat"": ""0001-01-01 BC"", ""gsm"": false, ""kor"": false, ""soa"": false, ""wrt"": false, ""zgr"": false, ""entw"": ""LF"", ""gabe"": ""Der Gutachterausschuss für Grundstückswerte im Kreis Warendorf"", ""jahr"": ""2025"", ""nuta"": ""A"", ""stag"": ""2022-01-01"", ""farbe"": ""5"", ""anl_txt"": ""UNDEFINED"", ""flaeche"": 195.529290006874, ""prozent"": 100.00, ""entw_txt"": ""Fläche der Land- und Forstwirtschaft"", ""nuta_txt"": ""Acker"", ""farbe_txt"": ""Landwirtschaft"", ""flaeche_amtl"": 205.0}, {""anl"": """", ""bko"": """", ""brw"": 8, ""dat"": ""0001-01-01 BC"", ""gsm"": false, ""kor"": false, ""soa"": false, ""wrt"": false, ""zgr"": false, ""entw"": ""LF"", ""gabe"": ""Der Gutachterausschuss für Grundstückswerte im Kreis Warendorf"", ""jahr"": ""2025"", ""nuta"": ""GR"", ""stag"": ""2022-01-01"", ""farbe"": ""5"", ""anl_txt"": ""UNDEFINED"", ""flaeche"": 195.529290006874, ""prozent"": 100.00, ""entw_txt"": ""Fläche der Land- und Forstwirtschaft"", ""nuta_txt"": ""Grünland"", ""farbe_txt"": ""Landwirtschaft"", ""flaeche_amtl"": 205.0}, {""anl"": """", ""bko"": """", ""brw"": 75, ""dat"": ""0001-01-01 BC"", ""gsm"": false, ""kor"": false, ""soa"": false, ""wrt"": false, ""zgr"": false, ""entw"": ""B"", ""gabe"": ""Der Gutachterausschuss für Grundstückswerte im Kreis Warendorf"", ""jahr"": ""2025"", ""nuta"": ""W"", ""stag"": ""2022-01-01"", ""farbe"": ""6"", ""anl_txt"": ""UNDEFINED"", ""flaeche"": 195.529290006874, ""prozent"": 100.00, ""entw_txt"": ""Baureifes Land"", ""nuta_txt"": ""Wohnbaufläche"", ""farbe_txt"": ""Außenbereich"", ""flaeche_amtl"": 205.0}, {""anl"": """", ""bko"": """", ""brw"": 22, ""dat"": ""0001-01-01 BC"", ""gsm"": false, ""kor"": false, ""soa"": false, ""wrt"": false, ""zgr"": false, ""entw"": ""B"", ""gabe"": ""Der Gutachterausschuss für Grundstückswerte im Kreis Warendorf"", ""jahr"": ""2025"", ""nuta"": ""G"", ""stag"": ""2022-01-01"", ""farbe"": ""6"", ""anl_txt"": ""UNDEFINED"", ""flaeche"": 195.529290006874, ""prozent"": 100.00, ""entw_txt"": ""Baureifes Land"", ""nuta_txt"": ""gewerbliche Baufläche"", ""farbe_txt"": ""Außenbereich"", ""flaeche_amtl"": 205.0}]";195.529290006874;NULL
157;DENW54AL0000KE0J;05508302000444______;NULL;NULL;NULL;NULL;NULL;NULL;Ennigerloh;Enniger;055083;"[""0550620003600""]";20;444;NULL;17077.0;2023-11-17 09:51:39+01;01.01.2025;Landrat des Kreises Warendorf;Amt für Geoinformation und Kataster;NULL;NULL;NULL;NULL;NULL;NULL;NULL;NULL;NULL;NULL;NULL;NULL;NULL;NULL;47;0.47;17077;"[{""m2"": 8584, ""emz"": 2049, ""katasterklassifikation"": ""Straßenverkehr""}, {""m2"": 804, ""emz"": null, ""katasterklassifikation"": ""Weg""}, {""m2"": 7689, ""emz"": 2671, ""katasterklassifikation"": ""Verkehrsbegleitfläche Straße""}]";"[{""anl"": """", ""bko"": """", ""brw"": 8.8, ""dat"": ""0001-01-01 BC"", ""gsm"": false, ""kor"": false, ""soa"": false, ""wrt"": false, ""zgr"": false, ""entw"": ""LF"", ""gabe"": ""Der Gutachterausschuss für Grundstückswerte im Kreis Warendorf"", ""jahr"": ""2025"", ""nuta"": ""GR"", ""stag"": ""2022-01-01"", ""farbe"": ""5"", ""anl_txt"": ""UNDEFINED"", ""flaeche"": 14552.2368719565, ""prozent"": 85.22939775290410381600, ""entw_txt"": ""Fläche der Land- und Forstwirtschaft"", ""nuta_txt"": ""Grünland"", ""farbe_txt"": ""Landwirtschaft"", ""flaeche_amtl"": 14554.624254263433808658320}, {""anl"": """", ""bko"": """", ""brw"": 0.6, ""dat"": ""0001-01-01 BC"", ""gsm"": false, ""kor"": false, ""soa"": false, ""wrt"": false, ""zgr"": false, ""entw"": ""LF"", ""gabe"": ""Der Gutachterausschuss für Grundstückswerte im Kreis Warendorf"", ""jahr"": ""2025"", ""nuta"": ""F"", ""stag"": ""2022-01-01"", ""farbe"": ""4"", ""anl_txt"": ""UNDEFINED"", ""flaeche"": 14552.2368719565, ""prozent"": 85.22939775290410381600, ""entw_txt"": ""Fläche der Land- und Forstwirtschaft"", ""nuta_txt"": ""forstwirtschaftliche Fläche"", ""farbe_txt"": ""Forstwirtschaft"", ""flaeche_amtl"": 14554.624254263433808658320}, {""anl"": """", ""bko"": """", ""brw"": 11, ""dat"": ""0001-01-01 BC"", ""gsm"": false, ""kor"": false, ""soa"": false, ""wrt"": false, ""zgr"": false, ""entw"": ""LF"", ""gabe"": ""Der Gutachterausschuss für Grundstückswerte im Kreis Warendorf"", ""jahr"": ""2025"", ""nuta"": ""A"", ""stag"": ""2022-01-01"", ""farbe"": ""5"", ""anl_txt"": ""UNDEFINED"", ""flaeche"": 14552.2368719565, ""prozent"": 85.22939775290410381600, ""entw_txt"": ""Fläche der Land- und Forstwirtschaft"", ""nuta_txt"": ""Acker"", ""farbe_txt"": ""Landwirtschaft"", ""flaeche_amtl"": 14554.624254263433808658320}, {""anl"": """", ""bko"": """", ""brw"": 18, ""dat"": ""0001-01-01 BC"", ""gsm"": false, ""kor"": false, ""soa"": false, ""wrt"": false, ""zgr"": false, ""entw"": ""B"", ""gabe"": ""Der Gutachterausschuss für Grundstückswerte im Kreis Warendorf"", ""jahr"": ""2025"", ""nuta"": ""G"", ""stag"": ""2022-01-01"", ""farbe"": ""6"", ""anl_txt"": ""UNDEFINED"", ""flaeche"": 14552.2368719565, ""prozent"": 85.22939775290410381600, ""entw_txt"": ""Baureifes Land"", ""nuta_txt"": ""gewerbliche Baufläche"", ""farbe_txt"": ""Außenbereich"", ""flaeche_amtl"": 14554.624254263433808658320}, {""anl"": """", ""bko"": """", ""brw"": 50, ""dat"": ""0001-01-01 BC"", ""gsm"": false, ""kor"": false, ""soa"": false, ""wrt"": false, ""zgr"": false, ""entw"": ""B"", ""gabe"": ""Der Gutachterausschuss für Grundstückswerte im Kreis Warendorf"", ""jahr"": ""2025"", ""nuta"": ""W"", ""stag"": ""2022-01-01"", ""farbe"": ""6"", ""anl_txt"": ""UNDEFINED"", ""flaeche"": 14552.2368719565, ""prozent"": 85.22939775290410381600, ""entw_txt"": ""Baureifes Land"", ""nuta_txt"": ""Wohnbaufläche"", ""farbe_txt"": ""Außenbereich"", ""flaeche_amtl"": 14554.624254263433808658320}, {""anl"": """", ""bko"": """", ""brw"": 95, ""dat"": ""0001-01-01 BC"", ""gsm"": false, ""kor"": false, ""soa"": false, ""wrt"": false, ""zgr"": false, ""entw"": ""B"", ""gabe"": ""Der Gutachterausschuss für Grundstückswerte im Kreis Warendorf"", ""jahr"": ""2025"", ""nuta"": ""W"", ""stag"": ""2022-01-01"", ""farbe"": ""1"", ""anl_txt"": ""UNDEFINED"", ""flaeche"": 2520.99647071599, ""prozent"": 14.76494732918905236400, ""entw_txt"": ""Baureifes Land"", ""nuta_txt"": ""Wohnbaufläche"", ""farbe_txt"": ""Ein-/Zweigeschossig"", ""flaeche_amtl"": 2521.410055405614472200280}]";17074.1988746021;NULL
158;DENW36AL1000CGoH;054308001001510005__;NULL;Jahnallee;48;a;53173;Bonn;Bonn;Godesberg;054308;"[""0543080002893""]";1;151;5;214.0;2013-03-07 18:21:19+01;01.01.2025;Oberbürgermeisterin der Bundesstadt Bonn;Amt für Bodenmanagement und Geoinformation;NULL;NULL;NULL;NULL;NULL;NULL;NULL;NULL;NULL;NULL;NULL;NULL;NULL;NULL;59;0.59;214;"[{""m2"": 214, ""emz"": null, ""katasterklassifikation"": ""Wohnbaufläche""}]";"[{""anl"": """", ""bko"": """", ""brw"": 1100, ""dat"": ""0001-01-01 BC"", ""gsm"": false, ""kor"": false, ""soa"": false, ""wrt"": false, ""zgr"": false, ""entw"": ""B"", ""gabe"": ""Der Gutachterausschuss für Grundstückswerte in der Bundesstadt Bonn"", ""jahr"": ""2025"", ""nuta"": ""W"", ""stag"": ""2022-01-01"", ""farbe"": ""1"", ""anl_txt"": ""UNDEFINED"", ""flaeche"": 220.804739498425, ""prozent"": 100.00, ""entw_txt"": ""Baureifes Land"", ""nuta_txt"": ""Wohnbaufläche"", ""farbe_txt"": ""Ein-/Zweigeschossig"", ""flaeche_amtl"": 214.0}, {""anl"": """", ""bko"": """", ""brw"": 1180, ""dat"": ""0001-01-01 BC"", ""gsm"": false, ""kor"": false, ""soa"": false, ""wrt"": false, ""zgr"": false, ""entw"": ""B"", ""gabe"": ""Der Gutachterausschuss für Grundstückswerte in der Bundesstadt Bonn"", ""jahr"": ""2025"", ""nuta"": ""W"", ""stag"": ""2022-01-01"", ""farbe"": ""2"", ""anl_txt"": ""UNDEFINED"", ""flaeche"": 220.804739498425, ""prozent"": 100.00, ""entw_txt"": ""Baureifes Land"", ""nuta_txt"": ""Wohnbaufläche"", ""farbe_txt"": ""Misch-/Mehrgeschossig"", ""flaeche_amtl"": 214.0}]";220.804739498425;NULL
159;DENW11AL00005Yde;05107600700222______;NULL;NULL;NULL;NULL;NULL;NULL;Warstein;Hirschberg;051076;"[""051076000041A""]";7;222;NULL;13.0;2023-11-28 15:29:19+01;01.01.2025;Landrätin des Kreises Soest;Abteilung Liegenschaftskataster und Vermessung;NULL;NULL;NULL;NULL;NULL;NULL;NULL;NULL;NULL;NULL;NULL;NULL;NULL;NULL;31;0.31;13;"[{""m2"": 13, ""emz"": null, ""katasterklassifikation"": ""Fläche besonderer funktionaler Prägung""}]";"[{""anl"": """", ""bko"": """", ""brw"": 50, ""dat"": ""0001-01-01 BC"", ""gsm"": false, ""kor"": false, ""soa"": false, ""wrt"": false, ""zgr"": false, ""entw"": ""B"", ""gabe"": ""Der Gutachterausschuss für Grundstückswerte im Kreis Soest"", ""jahr"": ""2025"", ""nuta"": ""SE"", ""stag"": ""2022-01-01"", ""farbe"": ""3"", ""anl_txt"": ""UNDEFINED"", ""flaeche"": 12.7461179993999, ""prozent"": 100.00, ""entw_txt"": ""Baureifes Land"", ""nuta_txt"": ""Sondergebiet für Erholung"", ""farbe_txt"": ""Gewerbe/Industrie/Sondergebiete"", ""flaeche_amtl"": 13.0}]";12.7461179993999;NULL
160;DENW11AL00005YuX;05107601400359______;NULL;Schlehenallee;13;NULL;59581;Warstein;Warstein;Hirschberg;051076;"[""0510760000651""]";14;359;NULL;686.0;2023-11-28 15:29:19+01;01.01.2025;Landrätin des Kreises Soest;Abteilung Liegenschaftskataster und Vermessung;NULL;NULL;NULL;NULL;NULL;NULL;NULL;NULL;NULL;NULL;NULL;NULL;NULL;NULL;31;0.31;686;"[{""m2"": 686, ""emz"": null, ""katasterklassifikation"": ""Wohnbaufläche""}]";"[{""anl"": """", ""bko"": """", ""brw"": 55, ""dat"": ""0001-01-01 BC"", ""gsm"": false, ""kor"": false, ""soa"": false, ""wrt"": false, ""zgr"": false, ""entw"": ""B"", ""gabe"": ""Der Gutachterausschuss für Grundstückswerte im Kreis Soest"", ""jahr"": ""2025"", ""nuta"": ""W"", ""stag"": ""2022-01-01"", ""farbe"": ""1"", ""anl_txt"": ""UNDEFINED"", ""flaeche"": 683.790332494784, ""prozent"": 100.00, ""entw_txt"": ""Baureifes Land"", ""nuta_txt"": ""Wohnbaufläche"", ""farbe_txt"": ""Ein-/Zweigeschossig"", ""flaeche_amtl"": 686.0}]";683.790332494784;NULL
161;DENW11AL0000nMVX;05107800100672______;NULL;Altes Braugässchen;8;NULL;59581;Warstein;Warstein;Warstein;051078;"[""0510780000173""]";1;672;NULL;643.0;2023-11-28 15:29:19+01;01.01.2025;Landrätin des Kreises Soest;Abteilung Liegenschaftskataster und Vermessung;NULL;NULL;NULL;NULL;NULL;NULL;NULL;NULL;NULL;NULL;NULL;NULL;NULL;NULL;38;0.38;643;"[{""m2"": 643, ""emz"": null, ""katasterklassifikation"": ""Wohnbaufläche""}]";"[{""anl"": """", ""bko"": """", ""brw"": 80, ""dat"": ""0001-01-01 BC"", ""gsm"": false, ""kor"": false, ""soa"": false, ""wrt"": false, ""zgr"": false, ""entw"": ""B"", ""gabe"": ""Der Gutachterausschuss für Grundstückswerte im Kreis Soest"", ""jahr"": ""2025"", ""nuta"": ""MI"", ""stag"": ""2022-01-01"", ""farbe"": ""1"", ""anl_txt"": ""UNDEFINED"", ""flaeche"": 641.35463649133, ""prozent"": 100.00, ""entw_txt"": ""Baureifes Land"", ""nuta_txt"": ""Mischgebiet"", ""farbe_txt"": ""Ein-/Zweigeschossig"", ""flaeche_amtl"": 643.0}]";641.35463649133;NULL
162;DENW54AL0000bpns;05508301600395______;NULL;NULL;NULL;NULL;NULL;NULL;Ennigerloh;Enniger;055083;"[""0550830000779""]";16;395;NULL;13583.0;2023-11-17 09:51:39+01;01.01.2025;Landrat des Kreises Warendorf;Amt für Geoinformation und Kataster;NULL;NULL;NULL;NULL;NULL;NULL;NULL;NULL;NULL;NULL;NULL;NULL;NULL;NULL;47;0.47;13583;"[{""m2"": 5112, ""emz"": 2113, ""katasterklassifikation"": ""Weg""}, {""m2"": 8472, ""emz"": 3542, ""katasterklassifikation"": ""Weg""}, {""m2"": 1, ""emz"": 0, ""katasterklassifikation"": ""Verkehrsbegleitfläche Straße""}]";"[{""anl"": """", ""bko"": """", ""brw"": 18, ""dat"": ""0001-01-01 BC"", ""gsm"": false, ""kor"": false, ""soa"": false, ""wrt"": false, ""zgr"": false, ""entw"": ""B"", ""gabe"": ""Der Gutachterausschuss für Grundstückswerte im Kreis Warendorf"", ""jahr"": ""2025"", ""nuta"": ""G"", ""stag"": ""2022-01-01"", ""farbe"": ""6"", ""anl_txt"": ""UNDEFINED"", ""flaeche"": 13582.2390590535, ""prozent"": 100.00, ""entw_txt"": ""Baureifes Land"", ""nuta_txt"": ""gewerbliche Baufläche"", ""farbe_txt"": ""Außenbereich"", ""flaeche_amtl"": 13583.0}, {""anl"": """", ""bko"": """", ""brw"": 0.6, ""dat"": ""0001-01-01 BC"", ""gsm"": false, ""kor"": false, ""soa"": false, ""wrt"": false, ""zgr"": false, ""entw"": ""LF"", ""gabe"": ""Der Gutachterausschuss für Grundstückswerte im Kreis Warendorf"", ""jahr"": ""2025"", ""nuta"": ""F"", ""stag"": ""2022-01-01"", ""farbe"": ""4"", ""anl_txt"": ""UNDEFINED"", ""flaeche"": 13582.2390590535, ""prozent"": 100.00, ""entw_txt"": ""Fläche der Land- und Forstwirtschaft"", ""nuta_txt"": ""forstwirtschaftliche Fläche"", ""farbe_txt"": ""Forstwirtschaft"", ""flaeche_amtl"": 13583.0}, {""anl"": """", ""bko"": """", ""brw"": 11, ""dat"": ""0001-01-01 BC"", ""gsm"": false, ""kor"": false, ""soa"": false, ""wrt"": false, ""zgr"": false, ""entw"": ""LF"", ""gabe"": ""Der Gutachterausschuss für Grundstückswerte im Kreis Warendorf"", ""jahr"": ""2025"", ""nuta"": ""A"", ""stag"": ""2022-01-01"", ""farbe"": ""5"", ""anl_txt"": ""UNDEFINED"", ""flaeche"": 13582.2390590535, ""prozent"": 100.00, ""entw_txt"": ""Fläche der Land- und Forstwirtschaft"", ""nuta_txt"": ""Acker"", ""farbe_txt"": ""Landwirtschaft"", ""flaeche_amtl"": 13583.0}, {""anl"": """", ""bko"": """", ""brw"": 8.8, ""dat"": ""0001-01-01 BC"", ""gsm"": false, ""kor"": false, ""soa"": false, ""wrt"": false, ""zgr"": false, ""entw"": ""LF"", ""gabe"": ""Der Gutachterausschuss für Grundstückswerte im Kreis Warendorf"", ""jahr"": ""2025"", ""nuta"": ""GR"", ""stag"": ""2022-01-01"", ""farbe"": ""5"", ""anl_txt"": ""UNDEFINED"", ""flaeche"": 13582.2390590535, ""prozent"": 100.00, ""entw_txt"": ""Fläche der Land- und Forstwirtschaft"", ""nuta_txt"": ""Grünland"", ""farbe_txt"": ""Landwirtschaft"", ""flaeche_amtl"": 13583.0}, {""anl"": """", ""bko"": """", ""brw"": 50, ""dat"": ""0001-01-01 BC"", ""gsm"": false, ""kor"": false, ""soa"": false, ""wrt"": false, ""zgr"": false, ""entw"": ""B"", ""gabe"": ""Der Gutachterausschuss für Grundstückswerte im Kreis Warendorf"", ""jahr"": ""2025"", ""nuta"": ""W"", ""stag"": ""2022-01-01"", ""farbe"": ""6"", ""anl_txt"": ""UNDEFINED"", ""flaeche"": 13582.2390590535, ""prozent"": 100.00, ""entw_txt"": ""Baureifes Land"", ""nuta_txt"": ""Wohnbaufläche"", ""farbe_txt"": ""Außenbereich"", ""flaeche_amtl"": 13583.0}]";13582.2390590535;NULL
163;DENW54AL0000brt4;05508301200044______;NULL;NULL;NULL;NULL;NULL;NULL;Ennigerloh;Enniger;055083;"[""0550830000498""]";12;44;NULL;323977.0;2023-11-17 09:51:39+01;01.01.2025;Landrat des Kreises Warendorf;Amt für Geoinformation und Kataster;286909;138709;NULL;NULL;NULL;NULL;NULL;NULL;NULL;286909;138709;32460;760;33220;47;0.47;323977;"[{""m2"": 136, ""emz"": null, ""katasterklassifikation"": ""Teich""}, {""m2"": 2721, ""emz"": 1371, ""katasterklassifikation"": ""Weg""}, {""m2"": 991, ""emz"": null, ""katasterklassifikation"": ""Gebäude- und Freifläche Land- und Forstwirtschaft""}]";"[{""anl"": """", ""bko"": """", ""brw"": 50, ""dat"": ""0001-01-01 BC"", ""gsm"": false, ""kor"": false, ""soa"": false, ""wrt"": false, ""zgr"": false, ""entw"": ""B"", ""gabe"": ""Der Gutachterausschuss für Grundstückswerte im Kreis Warendorf"", ""jahr"": ""2025"", ""nuta"": ""W"", ""stag"": ""2022-01-01"", ""farbe"": ""6"", ""anl_txt"": ""UNDEFINED"", ""flaeche"": 323845.396199983, ""prozent"": 100.00, ""entw_txt"": ""Baureifes Land"", ""nuta_txt"": ""Wohnbaufläche"", ""farbe_txt"": ""Außenbereich"", ""flaeche_amtl"": 323977.0}, {""anl"": """", ""bko"": """", ""brw"": 0.6, ""dat"": ""0001-01-01 BC"", ""gsm"": false, ""kor"": false, ""soa"": false, ""wrt"": false, ""zgr"": false, ""entw"": ""LF"", ""gabe"": ""Der Gutachterausschuss für Grundstückswerte im Kreis Warendorf"", ""jahr"": ""2025"", ""nuta"": ""F"", ""stag"": ""2022-01-01"", ""farbe"": ""4"", ""anl_txt"": ""UNDEFINED"", ""flaeche"": 323845.396199983, ""prozent"": 100.00, ""entw_txt"": ""Fläche der Land- und Forstwirtschaft"", ""nuta_txt"": ""forstwirtschaftliche Fläche"", ""farbe_txt"": ""Forstwirtschaft"", ""flaeche_amtl"": 323977.0}, {""anl"": """", ""bko"": """", ""brw"": 11, ""dat"": ""0001-01-01 BC"", ""gsm"": false, ""kor"": false, ""soa"": false, ""wrt"": false, ""zgr"": false, ""entw"": ""LF"", ""gabe"": ""Der Gutachterausschuss für Grundstückswerte im Kreis Warendorf"", ""jahr"": ""2025"", ""nuta"": ""A"", ""stag"": ""2022-01-01"", ""farbe"": ""5"", ""anl_txt"": ""UNDEFINED"", ""flaeche"": 323845.396199983, ""prozent"": 100.00, ""entw_txt"": ""Fläche der Land- und Forstwirtschaft"", ""nuta_txt"": ""Acker"", ""farbe_txt"": ""Landwirtschaft"", ""flaeche_amtl"": 323977.0}, {""anl"": """", ""bko"": """", ""brw"": 8.8, ""dat"": ""0001-01-01 BC"", ""gsm"": false, ""kor"": false, ""soa"": false, ""wrt"": false, ""zgr"": false, ""entw"": ""LF"", ""gabe"": ""Der Gutachterausschuss für Grundstückswerte im Kreis Warendorf"", ""jahr"": ""2025"", ""nuta"": ""GR"", ""stag"": ""2022-01-01"", ""farbe"": ""5"", ""anl_txt"": ""UNDEFINED"", ""flaeche"": 323845.396199983, ""prozent"": 100.00, ""entw_txt"": ""Fläche der Land- und Forstwirtschaft"", ""nuta_txt"": ""Grünland"", ""farbe_txt"": ""Landwirtschaft"", ""flaeche_amtl"": 323977.0}, {""anl"": """", ""bko"": """", ""brw"": 18, ""dat"": ""0001-01-01 BC"", ""gsm"": false, ""kor"": false, ""soa"": false, ""wrt"": false, ""zgr"": false, ""entw"": ""B"", ""gabe"": ""Der Gutachterausschuss für Grundstückswerte im Kreis Warendorf"", ""jahr"": ""2025"", ""nuta"": ""G"", ""stag"": ""2022-01-01"", ""farbe"": ""6"", ""anl_txt"": ""UNDEFINED"", ""flaeche"": 323845.396199983, ""prozent"": 100.00, ""entw_txt"": ""Baureifes Land"", ""nuta_txt"": ""gewerbliche Baufläche"", ""farbe_txt"": ""Außenbereich"", ""flaeche_amtl"": 323977.0}]";323845.396199983;NULL
164;DENW54AL0000C8By;05506202000860______;NULL;NULL;NULL;NULL;NULL;NULL;Ennigerloh;Ennigerloh;055062;"[""0550620002059""]";20;860;NULL;20407.0;2023-11-17 09:51:39+01;01.01.2025;Landrat des Kreises Warendorf;Amt für Geoinformation und Kataster;NULL;NULL;NULL;NULL;NULL;NULL;NULL;NULL;NULL;NULL;NULL;NULL;NULL;NULL;45;0.45;20407;"[{""m2"": 6563, ""emz"": null, ""katasterklassifikation"": ""Straßenverkehr""}, {""m2"": 9516, ""emz"": null, ""katasterklassifikation"": ""Verkehrsbegleitfläche Straße""}, {""m2"": 4328, ""emz"": null, ""katasterklassifikation"": ""Weg""}]";"[{""anl"": """", ""bko"": """", ""brw"": 18, ""dat"": ""0001-01-01 BC"", ""gsm"": false, ""kor"": false, ""soa"": false, ""wrt"": false, ""zgr"": false, ""entw"": ""B"", ""gabe"": ""Der Gutachterausschuss für Grundstückswerte im Kreis Warendorf"", ""jahr"": ""2025"", ""nuta"": ""G"", ""stag"": ""2022-01-01"", ""farbe"": ""6"", ""anl_txt"": ""UNDEFINED"", ""flaeche"": 18715.1638229242, ""prozent"": 91.85239387681180727800, ""entw_txt"": ""Baureifes Land"", ""nuta_txt"": ""gewerbliche Baufläche"", ""farbe_txt"": ""Außenbereich"", ""flaeche_amtl"": 18744.318018440985511221460}, {""anl"": """", ""bko"": """", ""brw"": 55, ""dat"": ""0001-01-01 BC"", ""gsm"": false, ""kor"": false, ""soa"": false, ""wrt"": false, ""zgr"": false, ""entw"": ""B"", ""gabe"": ""Der Gutachterausschuss für Grundstückswerte im Kreis Warendorf"", ""jahr"": ""2025"", ""nuta"": ""W"", ""stag"": ""2022-01-01"", ""farbe"": ""6"", ""anl_txt"": ""UNDEFINED"", ""flaeche"": 18715.1638229242, ""prozent"": 91.85239387681180727800, ""entw_txt"": ""Baureifes Land"", ""nuta_txt"": ""Wohnbaufläche"", ""farbe_txt"": ""Außenbereich"", ""flaeche_amtl"": 18744.318018440985511221460}, {""anl"": """", ""bko"": """", ""brw"": 8.8, ""dat"": ""0001-01-01 BC"", ""gsm"": false, ""kor"": false, ""soa"": false, ""wrt"": false, ""zgr"": false, ""entw"": ""LF"", ""gabe"": ""Der Gutachterausschuss für Grundstückswerte im Kreis Warendorf"", ""jahr"": ""2025"", ""nuta"": ""GR"", ""stag"": ""2022-01-01"", ""farbe"": ""5"", ""anl_txt"": ""UNDEFINED"", ""flaeche"": 18715.1638229242, ""prozent"": 91.85239387681180727800, ""entw_txt"": ""Fläche der Land- und Forstwirtschaft"", ""nuta_txt"": ""Grünland"", ""farbe_txt"": ""Landwirtschaft"", ""flaeche_amtl"": 18744.318018440985511221460}, {""anl"": """", ""bko"": """", ""brw"": 11, ""dat"": ""0001-01-01 BC"", ""gsm"": false, ""kor"": false, ""soa"": false, ""wrt"": false, ""zgr"": false, ""entw"": ""LF"", ""gabe"": ""Der Gutachterausschuss für Grundstückswerte im Kreis Warendorf"", ""jahr"": ""2025"", ""nuta"": ""A"", ""stag"": ""2022-01-01"", ""farbe"": ""5"", ""anl_txt"": ""UNDEFINED"", ""flaeche"": 18715.1638229242, ""prozent"": 91.85239387681180727800, ""entw_txt"": ""Fläche der Land- und Forstwirtschaft"", ""nuta_txt"": ""Acker"", ""farbe_txt"": ""Landwirtschaft"", ""flaeche_amtl"": 18744.318018440985511221460}, {""anl"": """", ""bko"": """", ""brw"": 0.6, ""dat"": ""0001-01-01 BC"", ""gsm"": false, ""kor"": false, ""soa"": false, ""wrt"": false, ""zgr"": false, ""entw"": ""LF"", ""gabe"": ""Der Gutachterausschuss für Grundstückswerte im Kreis Warendorf"", ""jahr"": ""2025"", ""nuta"": ""F"", ""stag"": ""2022-01-01"", ""farbe"": ""4"", ""anl_txt"": ""UNDEFINED"", ""flaeche"": 18715.1638229242, ""prozent"": 91.85239387681180727800, ""entw_txt"": ""Fläche der Land- und Forstwirtschaft"", ""nuta_txt"": ""forstwirtschaftliche Fläche"", ""farbe_txt"": ""Forstwirtschaft"", ""flaeche_amtl"": 18744.318018440985511221460}, {""anl"": """", ""bko"": """", ""brw"": 30, ""dat"": ""0001-01-01 BC"", ""gsm"": false, ""kor"": false, ""soa"": false, ""wrt"": false, ""zgr"": false, ""entw"": ""B"", ""gabe"": ""Der Gutachterausschuss für Grundstückswerte im Kreis Warendorf"", ""jahr"": ""2025"", ""nuta"": ""GE"", ""stag"": ""2022-01-01"", ""farbe"": ""3"", ""anl_txt"": ""UNDEFINED"", ""flaeche"": 1659.97692052007, ""prozent"": 8.14702213524108364600, ""entw_txt"": ""Baureifes Land"", ""nuta_txt"": ""Gewerbegebiet"", ""farbe_txt"": ""Gewerbe/Industrie/Sondergebiete"", ""flaeche_amtl"": 1662.562807138647939639220}]";20375.2597325053;NULL
165;DENW07AL0001NfyZ;05117900900039______;NULL;NULL;NULL;NULL;NULL;NULL;Hallenberg;Braunshausen;051179;"[""0511790000100""]";9;39;NULL;10108.0;2023-12-20 16:42:14+01;01.01.2025;Landrat des Hochsauerlandkreises;Fachdienst 43, Liegenschaftskataster und Vermessung;NULL;NULL;NULL;NULL;NULL;NULL;NULL;NULL;NULL;NULL;NULL;2532;801;3332;26;0.26;10108;"[{""m2"": 6167, ""emz"": null, ""katasterklassifikation"": ""Weg""}, {""m2"": 607, ""emz"": null, ""katasterklassifikation"": ""Weg""}]";"[{""anl"": """", ""bko"": """", ""brw"": 1.6, ""dat"": ""0001-01-01 BC"", ""gsm"": false, ""kor"": false, ""soa"": false, ""wrt"": false, ""zgr"": false, ""entw"": ""LF"", ""gabe"": ""Der Gutachterausschuss für Grundstückswerte im Hochsauerlandkreis"", ""jahr"": ""2025"", ""nuta"": ""GR"", ""stag"": ""2022-01-01"", ""farbe"": ""5"", ""anl_txt"": ""UNDEFINED"", ""flaeche"": 10147.0706849879, ""prozent"": 100.00, ""entw_txt"": ""Fläche der Land- und Forstwirtschaft"", ""nuta_txt"": ""Grünland"", ""farbe_txt"": ""Landwirtschaft"", ""flaeche_amtl"": 10108.0}, {""anl"": """", ""bko"": """", ""brw"": 12, ""dat"": ""0001-01-01 BC"", ""gsm"": false, ""kor"": false, ""soa"": false, ""wrt"": false, ""zgr"": false, ""entw"": ""B"", ""gabe"": ""Der Gutachterausschuss für Grundstückswerte im Hochsauerlandkreis"", ""jahr"": ""2025"", ""nuta"": ""W"", ""stag"": ""2022-01-01"", ""farbe"": ""6"", ""anl_txt"": ""UNDEFINED"", ""flaeche"": 10147.0706849879, ""prozent"": 100.00, ""entw_txt"": ""Baureifes Land"", ""nuta_txt"": ""Wohnbaufläche"", ""farbe_txt"": ""Außenbereich"", ""flaeche_amtl"": 10108.0}, {""anl"": """", ""bko"": """", ""brw"": 0.8, ""dat"": ""0001-01-01 BC"", ""gsm"": false, ""kor"": false, ""soa"": false, ""wrt"": false, ""zgr"": false, ""entw"": ""LF"", ""gabe"": ""Der Gutachterausschuss für Grundstückswerte im Hochsauerlandkreis"", ""jahr"": ""2025"", ""nuta"": ""F"", ""stag"": ""2022-01-01"", ""farbe"": ""4"", ""anl_txt"": ""UNDEFINED"", ""flaeche"": 10147.0706849879, ""prozent"": 100.00, ""entw_txt"": ""Fläche der Land- und Forstwirtschaft"", ""nuta_txt"": ""forstwirtschaftliche Fläche"", ""farbe_txt"": ""Forstwirtschaft"", ""flaeche_amtl"": 10108.0}, {""anl"": """", ""bko"": """", ""brw"": 1.9, ""dat"": ""0001-01-01 BC"", ""gsm"": false, ""kor"": false, ""soa"": false, ""wrt"": false, ""zgr"": false, ""entw"": ""LF"", ""gabe"": ""Der Gutachterausschuss für Grundstückswerte im Hochsauerlandkreis"", ""jahr"": ""2025"", ""nuta"": ""A"", ""stag"": ""2022-01-01"", ""farbe"": ""5"", ""anl_txt"": ""UNDEFINED"", ""flaeche"": 10147.0706849879, ""prozent"": 100.00, ""entw_txt"": ""Fläche der Land- und Forstwirtschaft"", ""nuta_txt"": ""Acker"", ""farbe_txt"": ""Landwirtschaft"", ""flaeche_amtl"": 10108.0}]";10147.0706849879;NULL
166;DENW53AL0001AWnR;05503403400328______;NULL;NULL;NULL;NULL;NULL;NULL;Mettingen;Mettingen;055034;"[""0550340004422""]";34;328;NULL;10882.0;2023-10-24 14:20:04+02;01.01.2025;Landrat des Kreises Steinfurt;Vermessungs- und Katasteramt;NULL;NULL;NULL;NULL;NULL;NULL;NULL;NULL;NULL;NULL;NULL;NULL;NULL;NULL;37;0.37;10882;"[{""m2"": 2798, ""emz"": null, ""katasterklassifikation"": ""Weg""}, {""m2"": 6094, ""emz"": null, ""katasterklassifikation"": ""Straßenverkehr""}, {""m2"": 1987, ""emz"": null, ""katasterklassifikation"": ""Verkehrsbegleitfläche Straße""}, {""m2"": 4, ""emz"": null, ""katasterklassifikation"": ""Graben""}]";"[{""anl"": """", ""bko"": """", ""brw"": 10, ""dat"": ""0001-01-01 BC"", ""gsm"": false, ""kor"": false, ""soa"": false, ""wrt"": false, ""zgr"": false, ""entw"": ""LF"", ""gabe"": ""Der Gutachterausschuss für Grundstückswerte im Kreis Steinfurt"", ""jahr"": ""2025"", ""nuta"": ""A"", ""stag"": ""2022-01-01"", ""farbe"": ""5"", ""anl_txt"": ""UNDEFINED"", ""flaeche"": 8534.67101800459, ""prozent"": 78.51601221022238682600, ""entw_txt"": ""Fläche der Land- und Forstwirtschaft"", ""nuta_txt"": ""Acker"", ""farbe_txt"": ""Landwirtschaft"", ""flaeche_amtl"": 8544.112448716400134405320}, {""anl"": """", ""bko"": """", ""brw"": 60, ""dat"": ""0001-01-01 BC"", ""gsm"": false, ""kor"": false, ""soa"": false, ""wrt"": false, ""zgr"": false, ""entw"": ""B"", ""gabe"": ""Der Gutachterausschuss für Grundstückswerte im Kreis Steinfurt"", ""jahr"": ""2025"", ""nuta"": ""W"", ""stag"": ""2022-01-01"", ""farbe"": ""6"", ""anl_txt"": ""UNDEFINED"", ""flaeche"": 8534.67101800459, ""prozent"": 78.51601221022238682600, ""entw_txt"": ""Baureifes Land"", ""nuta_txt"": ""Wohnbaufläche"", ""farbe_txt"": ""Außenbereich"", ""flaeche_amtl"": 8544.112448716400134405320}, {""anl"": """", ""bko"": """", ""brw"": 1, ""dat"": ""0001-01-01 BC"", ""gsm"": false, ""kor"": false, ""soa"": false, ""wrt"": false, ""zgr"": false, ""entw"": ""LF"", ""gabe"": ""Der Gutachterausschuss für Grundstückswerte im Kreis Steinfurt"", ""jahr"": ""2025"", ""nuta"": ""F"", ""stag"": ""2022-01-01"", ""farbe"": ""4"", ""anl_txt"": ""UNDEFINED"", ""flaeche"": 8534.67101800459, ""prozent"": 78.51601221022238682600, ""entw_txt"": ""Fläche der Land- und Forstwirtschaft"", ""nuta_txt"": ""forstwirtschaftliche Fläche"", ""farbe_txt"": ""Forstwirtschaft"", ""flaeche_amtl"": 8544.112448716400134405320}, {""anl"": """", ""bko"": """", ""brw"": 4, ""dat"": ""0001-01-01 BC"", ""gsm"": false, ""kor"": false, ""soa"": false, ""wrt"": false, ""zgr"": false, ""entw"": ""LF"", ""gabe"": ""Der Gutachterausschuss für Grundstückswerte im Kreis Steinfurt"", ""jahr"": ""2025"", ""nuta"": ""GR"", ""stag"": ""2022-01-01"", ""farbe"": ""5"", ""anl_txt"": ""UNDEFINED"", ""flaeche"": 8534.67101800459, ""prozent"": 78.51601221022238682600, ""entw_txt"": ""Fläche der Land- und Forstwirtschaft"", ""nuta_txt"": ""Grünland"", ""farbe_txt"": ""Landwirtschaft"", ""flaeche_amtl"": 8544.112448716400134405320}, {""anl"": """", ""bko"": """", ""brw"": 90, ""dat"": ""0001-01-01 BC"", ""gsm"": false, ""kor"": false, ""soa"": false, ""wrt"": false, ""zgr"": false, ""entw"": ""B"", ""gabe"": ""Der Gutachterausschuss für Grundstückswerte im Kreis Steinfurt"", ""jahr"": ""2025"", ""nuta"": ""WA"", ""stag"": ""2022-01-01"", ""farbe"": ""1"", ""anl_txt"": ""UNDEFINED"", ""flaeche"": 1921.15012598797, ""prozent"": 17.67391460450322492400, ""entw_txt"": ""Baureifes Land"", ""nuta_txt"": ""allgemeines Wohngebiet"", ""farbe_txt"": ""Ein-/Zweigeschossig"", ""flaeche_amtl"": 1923.275387262040936229680}, {""anl"": """", ""bko"": """", ""brw"": 90, ""dat"": ""0001-01-01 BC"", ""gsm"": false, ""kor"": false, ""soa"": false, ""wrt"": false, ""zgr"": false, ""entw"": ""B"", ""gabe"": ""Der Gutachterausschuss für Grundstückswerte im Kreis Steinfurt"", ""jahr"": ""2025"", ""nuta"": ""W"", ""stag"": ""2022-01-01"", ""farbe"": ""1"", ""anl_txt"": ""UNDEFINED"", ""flaeche"": 414.154008533512, ""prozent"": 3.81007318528517024400, ""entw_txt"": ""Baureifes Land"", ""nuta_txt"": ""Wohnbaufläche"", ""farbe_txt"": ""Ein-/Zweigeschossig"", ""flaeche_amtl"": 414.612164022732225952080}]";10869.9751525249;NULL
167;DENW54AL00004Wg0;05506201300048______;NULL;NULL;NULL;NULL;NULL;NULL;Ennigerloh;Ennigerloh;055062;"[""0550620001318""]";13;48;NULL;147258.0;2023-11-17 09:51:39+01;01.01.2025;Landrat des Kreises Warendorf;Amt für Geoinformation und Kataster;110651;46562;NULL;NULL;NULL;NULL;NULL;NULL;NULL;110651;46562;7950;3950;11900;45;0.45;147258;"[{""m2"": 2576, ""emz"": null, ""katasterklassifikation"": ""Gebäude- und Freifläche Land- und Forstwirtschaft""}, {""m2"": 580, ""emz"": 201, ""katasterklassifikation"": ""Weg""}, {""m2"": 3719, ""emz"": 928, ""katasterklassifikation"": ""Weg""}, {""m2"": 17833, ""emz"": null, ""katasterklassifikation"": ""Teich""}]";"[{""anl"": """", ""bko"": """", ""brw"": 18, ""dat"": ""0001-01-01 BC"", ""gsm"": false, ""kor"": false, ""soa"": false, ""wrt"": false, ""zgr"": false, ""entw"": ""B"", ""gabe"": ""Der Gutachterausschuss für Grundstückswerte im Kreis Warendorf"", ""jahr"": ""2025"", ""nuta"": ""G"", ""stag"": ""2022-01-01"", ""farbe"": ""6"", ""anl_txt"": ""UNDEFINED"", ""flaeche"": 147177.945262936, ""prozent"": 100.00, ""entw_txt"": ""Baureifes Land"", ""nuta_txt"": ""gewerbliche Baufläche"", ""farbe_txt"": ""Außenbereich"", ""flaeche_amtl"": 147258.0}, {""anl"": """", ""bko"": """", ""brw"": 55, ""dat"": ""0001-01-01 BC"", ""gsm"": false, ""kor"": false, ""soa"": false, ""wrt"": false, ""zgr"": false, ""entw"": ""B"", ""gabe"": ""Der Gutachterausschuss für Grundstückswerte im Kreis Warendorf"", ""jahr"": ""2025"", ""nuta"": ""W"", ""stag"": ""2022-01-01"", ""farbe"": ""6"", ""anl_txt"": ""UNDEFINED"", ""flaeche"": 147177.945262936, ""prozent"": 100.00, ""entw_txt"": ""Baureifes Land"", ""nuta_txt"": ""Wohnbaufläche"", ""farbe_txt"": ""Außenbereich"", ""flaeche_amtl"": 147258.0}, {""anl"": """", ""bko"": """", ""brw"": 8.8, ""dat"": ""0001-01-01 BC"", ""gsm"": false, ""kor"": false, ""soa"": false, ""wrt"": false, ""zgr"": false, ""entw"": ""LF"", ""gabe"": ""Der Gutachterausschuss für Grundstückswerte im Kreis Warendorf"", ""jahr"": ""2025"", ""nuta"": ""GR"", ""stag"": ""2022-01-01"", ""farbe"": ""5"", ""anl_txt"": ""UNDEFINED"", ""flaeche"": 147177.945262936, ""prozent"": 100.00, ""entw_txt"": ""Fläche der Land- und Forstwirtschaft"", ""nuta_txt"": ""Grünland"", ""farbe_txt"": ""Landwirtschaft"", ""flaeche_amtl"": 147258.0}, {""anl"": """", ""bko"": """", ""brw"": 0.6, ""dat"": ""0001-01-01 BC"", ""gsm"": false, ""kor"": false, ""soa"": false, ""wrt"": false, ""zgr"": false, ""entw"": ""LF"", ""gabe"": ""Der Gutachterausschuss für Grundstückswerte im Kreis Warendorf"", ""jahr"": ""2025"", ""nuta"": ""F"", ""stag"": ""2022-01-01"", ""farbe"": ""4"", ""anl_txt"": ""UNDEFINED"", ""flaeche"": 147177.945262936, ""prozent"": 100.00, ""entw_txt"": ""Fläche der Land- und Forstwirtschaft"", ""nuta_txt"": ""forstwirtschaftliche Fläche"", ""farbe_txt"": ""Forstwirtschaft"", ""flaeche_amtl"": 147258.0}, {""anl"": """", ""bko"": """", ""brw"": 11, ""dat"": ""0001-01-01 BC"", ""gsm"": false, ""kor"": false, ""soa"": false, ""wrt"": false, ""zgr"": false, ""entw"": ""LF"", ""gabe"": ""Der Gutachterausschuss für Grundstückswerte im Kreis Warendorf"", ""jahr"": ""2025"", ""nuta"": ""A"", ""stag"": ""2022-01-01"", ""farbe"": ""5"", ""anl_txt"": ""UNDEFINED"", ""flaeche"": 147177.945262936, ""prozent"": 100.00, ""entw_txt"": ""Fläche der Land- und Forstwirtschaft"", ""nuta_txt"": ""Acker"", ""farbe_txt"": ""Landwirtschaft"", ""flaeche_amtl"": 147258.0}]";147177.945262936;NULL
168;DENW19AL0000geMX;05297001600251______;NULL;NULL;NULL;NULL;NULL;NULL;Bad Wünnenberg;Wünnenberg;052970;"[""0529700001316""]";16;251;NULL;202.0;2013-04-04 13:48:24+02;01.01.2025;Landrat des Kreises Paderborn;Amt für Geoinformation, Kataster und Vermessung;NULL;NULL;NULL;NULL;NULL;NULL;NULL;NULL;NULL;NULL;NULL;NULL;NULL;NULL;44;0.44;202;"[{""m2"": 202, ""emz"": 59, ""katasterklassifikation"": ""Graben""}]";"[{""anl"": """", ""bko"": """", ""brw"": 6, ""dat"": ""0001-01-01 BC"", ""gsm"": false, ""kor"": false, ""soa"": false, ""wrt"": false, ""zgr"": false, ""entw"": ""LF"", ""gabe"": ""Der Gutachterausschuss für Grundstückswerte im Kreis Paderborn"", ""jahr"": ""2025"", ""nuta"": ""A"", ""stag"": ""2022-01-01"", ""farbe"": ""5"", ""anl_txt"": ""UNDEFINED"", ""flaeche"": 201.99931850004, ""prozent"": 100.00, ""entw_txt"": ""Fläche der Land- und Forstwirtschaft"", ""nuta_txt"": ""Acker"", ""farbe_txt"": ""Landwirtschaft"", ""flaeche_amtl"": 202.0}, {""anl"": """", ""bko"": """", ""brw"": 40, ""dat"": ""0001-01-01 BC"", ""gsm"": false, ""kor"": false, ""soa"": false, ""wrt"": false, ""zgr"": false, ""entw"": ""B"", ""gabe"": ""Der Gutachterausschuss für Grundstückswerte im Kreis Paderborn"", ""jahr"": ""2025"", ""nuta"": ""W"", ""stag"": ""2022-01-01"", ""farbe"": ""6"", ""anl_txt"": ""UNDEFINED"", ""flaeche"": 201.99931850004, ""prozent"": 100.00, ""entw_txt"": ""Baureifes Land"", ""nuta_txt"": ""Wohnbaufläche"", ""farbe_txt"": ""Außenbereich"", ""flaeche_amtl"": 202.0}, {""anl"": """", ""bko"": """", ""brw"": 3.4, ""dat"": ""0001-01-01 BC"", ""gsm"": false, ""kor"": false, ""soa"": false, ""wrt"": false, ""zgr"": false, ""entw"": ""LF"", ""gabe"": ""Der Gutachterausschuss für Grundstückswerte im Kreis Paderborn"", ""jahr"": ""2025"", ""nuta"": ""GR"", ""stag"": ""2022-01-01"", ""farbe"": ""5"", ""anl_txt"": ""UNDEFINED"", ""flaeche"": 201.99931850004, ""prozent"": 100.00, ""entw_txt"": ""Fläche der Land- und Forstwirtschaft"", ""nuta_txt"": ""Grünland"", ""farbe_txt"": ""Landwirtschaft"", ""flaeche_amtl"": 202.0}, {""anl"": """", ""bko"": """", ""brw"": 0.8, ""dat"": ""0001-01-01 BC"", ""gsm"": false, ""kor"": false, ""soa"": false, ""wrt"": false, ""zgr"": false, ""entw"": ""LF"", ""gabe"": ""Der Gutachterausschuss für Grundstückswerte im Kreis Paderborn"", ""jahr"": ""2025"", ""nuta"": ""F"", ""stag"": ""2022-01-01"", ""farbe"": ""4"", ""anl_txt"": ""UNDEFINED"", ""flaeche"": 201.99931850004, ""prozent"": 100.00, ""entw_txt"": ""Fläche der Land- und Forstwirtschaft"", ""nuta_txt"": ""forstwirtschaftliche Fläche"", ""farbe_txt"": ""Forstwirtschaft"", ""flaeche_amtl"": 202.0}]";201.99931850004;NULL
169;DENW54AL00009U1H;05529214700307______;NULL;Holtkamp;3;a;59302;Oelde;Oelde;Oelde;055292;"[""0552920015207""]";147;307;NULL;335.0;2023-11-17 09:51:39+01;01.01.2025;Landrat des Kreises Warendorf;Amt für Geoinformation und Kataster;NULL;NULL;NULL;NULL;NULL;NULL;NULL;NULL;NULL;NULL;NULL;NULL;NULL;NULL;45;0.45;335;"[{""m2"": 335, ""emz"": null, ""katasterklassifikation"": ""Wohnbaufläche""}]";"[{""anl"": """", ""bko"": """", ""brw"": 140, ""dat"": ""0001-01-01 BC"", ""gsm"": false, ""kor"": false, ""soa"": false, ""wrt"": false, ""zgr"": false, ""entw"": ""B"", ""gabe"": ""Der Gutachterausschuss für Grundstückswerte im Kreis Warendorf"", ""jahr"": ""2025"", ""nuta"": ""W"", ""stag"": ""2022-01-01"", ""farbe"": ""1"", ""anl_txt"": ""UNDEFINED"", ""flaeche"": 335.092872005145, ""prozent"": 100.00, ""entw_txt"": ""Baureifes Land"", ""nuta_txt"": ""Wohnbaufläche"", ""farbe_txt"": ""Ein-/Zweigeschossig"", ""flaeche_amtl"": 335.0}]";335.092872005145;NULL
170;DENW07AL0000ARbZ;05187500800034______;NULL;NULL;NULL;NULL;NULL;NULL;Marsberg;Essentho;051875;"[""0518750090010""]";8;34;NULL;72.0;2023-12-20 16:42:14+01;01.01.2025;Landrat des Hochsauerlandkreises;Fachdienst 43, Liegenschaftskataster und Vermessung;NULL;NULL;NULL;NULL;NULL;NULL;NULL;NULL;NULL;NULL;NULL;NULL;NULL;NULL;37;0.37;72;"[{""m2"": 24, ""emz"": null, ""katasterklassifikation"": ""Grünanlage""}, {""m2"": 48, ""emz"": null, ""katasterklassifikation"": ""Bach""}]";"[{""anl"": """", ""bko"": """", ""brw"": 0.8, ""dat"": ""0001-01-01 BC"", ""gsm"": false, ""kor"": false, ""soa"": false, ""wrt"": false, ""zgr"": false, ""entw"": ""LF"", ""gabe"": ""Der Gutachterausschuss für Grundstückswerte im Hochsauerlandkreis"", ""jahr"": ""2025"", ""nuta"": ""F"", ""stag"": ""2022-01-01"", ""farbe"": ""4"", ""anl_txt"": ""UNDEFINED"", ""flaeche"": 66.3492240092463, ""prozent"": 100.00, ""entw_txt"": ""Fläche der Land- und Forstwirtschaft"", ""nuta_txt"": ""forstwirtschaftliche Fläche"", ""farbe_txt"": ""Forstwirtschaft"", ""flaeche_amtl"": 72.0}, {""anl"": """", ""bko"": """", ""brw"": 15, ""dat"": ""0001-01-01 BC"", ""gsm"": false, ""kor"": false, ""soa"": false, ""wrt"": false, ""zgr"": false, ""entw"": ""B"", ""gabe"": ""Der Gutachterausschuss für Grundstückswerte im Hochsauerlandkreis"", ""jahr"": ""2025"", ""nuta"": ""W"", ""stag"": ""2022-01-01"", ""farbe"": ""6"", ""anl_txt"": ""UNDEFINED"", ""flaeche"": 66.3492240092463, ""prozent"": 100.00, ""entw_txt"": ""Baureifes Land"", ""nuta_txt"": ""Wohnbaufläche"", ""farbe_txt"": ""Außenbereich"", ""flaeche_amtl"": 72.0}, {""anl"": """", ""bko"": """", ""brw"": 3.7, ""dat"": ""0001-01-01 BC"", ""gsm"": false, ""kor"": false, ""soa"": false, ""wrt"": false, ""zgr"": false, ""entw"": ""LF"", ""gabe"": ""Der Gutachterausschuss für Grundstückswerte im Hochsauerlandkreis"", ""jahr"": ""2025"", ""nuta"": ""A"", ""stag"": ""2022-01-01"", ""farbe"": ""5"", ""anl_txt"": ""UNDEFINED"", ""flaeche"": 66.3492240092463, ""prozent"": 100.00, ""entw_txt"": ""Fläche der Land- und Forstwirtschaft"", ""nuta_txt"": ""Acker"", ""farbe_txt"": ""Landwirtschaft"", ""flaeche_amtl"": 72.0}, {""anl"": """", ""bko"": """", ""brw"": 2.5, ""dat"": ""0001-01-01 BC"", ""gsm"": false, ""kor"": false, ""soa"": false, ""wrt"": false, ""zgr"": false, ""entw"": ""LF"", ""gabe"": ""Der Gutachterausschuss für Grundstückswerte im Hochsauerlandkreis"", ""jahr"": ""2025"", ""nuta"": ""GR"", ""stag"": ""2022-01-01"", ""farbe"": ""5"", ""anl_txt"": ""UNDEFINED"", ""flaeche"": 66.3492240092463, ""prozent"": 100.00, ""entw_txt"": ""Fläche der Land- und Forstwirtschaft"", ""nuta_txt"": ""Grünland"", ""farbe_txt"": ""Landwirtschaft"", ""flaeche_amtl"": 72.0}]";66.3492240092463;NULL
171;DENW41AL30000D4H;05465700400430______;NULL;Lechenicher Straße;57;NULL;50374;Erftstadt;Erftstadt;Lechenich;054657;"[""0546570006638""]";4;430;NULL;249.0;2024-08-20 10:05:31+02;01.01.2025;Landrat des Rhein-Erft-Kreises;Amt für Liegenschaftskataster und Geoinformation 62;NULL;NULL;NULL;NULL;NULL;NULL;NULL;NULL;NULL;NULL;NULL;NULL;NULL;NULL;78;0.78;249;"[{""m2"": 249, ""emz"": null, ""katasterklassifikation"": ""Wohnbaufläche""}]";"[{""anl"": """", ""bko"": """", ""brw"": 185, ""dat"": ""0001-01-01 BC"", ""gsm"": false, ""kor"": false, ""soa"": false, ""wrt"": false, ""zgr"": false, ""entw"": ""B"", ""gabe"": ""Der Gutachterausschuss für Grundstückswerte im Rhein-Erft-Kreis"", ""jahr"": ""2025"", ""nuta"": ""W"", ""stag"": ""2022-01-01"", ""farbe"": ""1"", ""anl_txt"": ""UNDEFINED"", ""flaeche"": 248.397364998723, ""prozent"": 100.00, ""entw_txt"": ""Baureifes Land"", ""nuta_txt"": ""Wohnbaufläche"", ""farbe_txt"": ""Ein-/Zweigeschossig"", ""flaeche_amtl"": 249.0}]";248.397364998723;NULL
172;DENW53AL0000rgRm;05503402100011______;NULL;NULL;NULL;NULL;NULL;NULL;Mettingen;Mettingen;055034;"[""0550340003021""]";21;11;NULL;1903.0;2023-10-24 14:20:04+02;01.01.2025;Landrat des Kreises Steinfurt;Vermessungs- und Katasteramt;NULL;NULL;NULL;NULL;NULL;NULL;NULL;NULL;NULL;NULL;NULL;NULL;NULL;NULL;37;0.37;1903;"[{""m2"": 1903, ""emz"": null, ""katasterklassifikation"": ""Weg""}]";"[{""anl"": """", ""bko"": """", ""brw"": 4, ""dat"": ""0001-01-01 BC"", ""gsm"": false, ""kor"": false, ""soa"": false, ""wrt"": false, ""zgr"": false, ""entw"": ""LF"", ""gabe"": ""Der Gutachterausschuss für Grundstückswerte im Kreis Steinfurt"", ""jahr"": ""2025"", ""nuta"": ""GR"", ""stag"": ""2022-01-01"", ""farbe"": ""5"", ""anl_txt"": ""UNDEFINED"", ""flaeche"": 1902.78130198688, ""prozent"": 100.00, ""entw_txt"": ""Fläche der Land- und Forstwirtschaft"", ""nuta_txt"": ""Grünland"", ""farbe_txt"": ""Landwirtschaft"", ""flaeche_amtl"": 1903.0}, {""anl"": """", ""bko"": """", ""brw"": 1, ""dat"": ""0001-01-01 BC"", ""gsm"": false, ""kor"": false, ""soa"": false, ""wrt"": false, ""zgr"": false, ""entw"": ""LF"", ""gabe"": ""Der Gutachterausschuss für Grundstückswerte im Kreis Steinfurt"", ""jahr"": ""2025"", ""nuta"": ""F"", ""stag"": ""2022-01-01"", ""farbe"": ""4"", ""anl_txt"": ""UNDEFINED"", ""flaeche"": 1902.78130198688, ""prozent"": 100.00, ""entw_txt"": ""Fläche der Land- und Forstwirtschaft"", ""nuta_txt"": ""forstwirtschaftliche Fläche"", ""farbe_txt"": ""Forstwirtschaft"", ""flaeche_amtl"": 1903.0}, {""anl"": """", ""bko"": """", ""brw"": 10, ""dat"": ""0001-01-01 BC"", ""gsm"": false, ""kor"": false, ""soa"": false, ""wrt"": false, ""zgr"": false, ""entw"": ""LF"", ""gabe"": ""Der Gutachterausschuss für Grundstückswerte im Kreis Steinfurt"", ""jahr"": ""2025"", ""nuta"": ""A"", ""stag"": ""2022-01-01"", ""farbe"": ""5"", ""anl_txt"": ""UNDEFINED"", ""flaeche"": 1902.78130198688, ""prozent"": 100.00, ""entw_txt"": ""Fläche der Land- und Forstwirtschaft"", ""nuta_txt"": ""Acker"", ""farbe_txt"": ""Landwirtschaft"", ""flaeche_amtl"": 1903.0}, {""anl"": """", ""bko"": """", ""brw"": 60, ""dat"": ""0001-01-01 BC"", ""gsm"": false, ""kor"": false, ""soa"": false, ""wrt"": false, ""zgr"": false, ""entw"": ""B"", ""gabe"": ""Der Gutachterausschuss für Grundstückswerte im Kreis Steinfurt"", ""jahr"": ""2025"", ""nuta"": ""W"", ""stag"": ""2022-01-01"", ""farbe"": ""6"", ""anl_txt"": ""UNDEFINED"", ""flaeche"": 1902.78130198688, ""prozent"": 100.00, ""entw_txt"": ""Baureifes Land"", ""nuta_txt"": ""Wohnbaufläche"", ""farbe_txt"": ""Außenbereich"", ""flaeche_amtl"": 1903.0}]";1902.78130198688;NULL
173;DENW53AL0000rhyS;05503403700592______;NULL;NULL;NULL;NULL;NULL;NULL;Mettingen;Mettingen;055034;"[""0550340005452""]";37;592;NULL;1984.0;2024-02-19 07:24:10+01;01.01.2025;Landrat des Kreises Steinfurt;Vermessungs- und Katasteramt;1973;631;NULL;NULL;NULL;NULL;NULL;NULL;NULL;1973;631;NULL;NULL;NULL;37;0.37;1984;"[{""m2"": 11, ""emz"": null, ""katasterklassifikation"": ""Bach""}]";"[{""anl"": """", ""bko"": """", ""brw"": 4, ""dat"": ""0001-01-01 BC"", ""gsm"": false, ""kor"": false, ""soa"": false, ""wrt"": false, ""zgr"": false, ""entw"": ""LF"", ""gabe"": ""Der Gutachterausschuss für Grundstückswerte im Kreis Steinfurt"", ""jahr"": ""2025"", ""nuta"": ""GR"", ""stag"": ""2022-01-01"", ""farbe"": ""5"", ""anl_txt"": ""UNDEFINED"", ""flaeche"": 1985.76939348986, ""prozent"": 100.00, ""entw_txt"": ""Fläche der Land- und Forstwirtschaft"", ""nuta_txt"": ""Grünland"", ""farbe_txt"": ""Landwirtschaft"", ""flaeche_amtl"": 1984.0}, {""anl"": """", ""bko"": """", ""brw"": 10, ""dat"": ""0001-01-01 BC"", ""gsm"": false, ""kor"": false, ""soa"": false, ""wrt"": false, ""zgr"": false, ""entw"": ""LF"", ""gabe"": ""Der Gutachterausschuss für Grundstückswerte im Kreis Steinfurt"", ""jahr"": ""2025"", ""nuta"": ""A"", ""stag"": ""2022-01-01"", ""farbe"": ""5"", ""anl_txt"": ""UNDEFINED"", ""flaeche"": 1985.76939348986, ""prozent"": 100.00, ""entw_txt"": ""Fläche der Land- und Forstwirtschaft"", ""nuta_txt"": ""Acker"", ""farbe_txt"": ""Landwirtschaft"", ""flaeche_amtl"": 1984.0}, {""anl"": """", ""bko"": """", ""brw"": 60, ""dat"": ""0001-01-01 BC"", ""gsm"": false, ""kor"": false, ""soa"": false, ""wrt"": false, ""zgr"": false, ""entw"": ""B"", ""gabe"": ""Der Gutachterausschuss für Grundstückswerte im Kreis Steinfurt"", ""jahr"": ""2025"", ""nuta"": ""W"", ""stag"": ""2022-01-01"", ""farbe"": ""6"", ""anl_txt"": ""UNDEFINED"", ""flaeche"": 1985.76939348986, ""prozent"": 100.00, ""entw_txt"": ""Baureifes Land"", ""nuta_txt"": ""Wohnbaufläche"", ""farbe_txt"": ""Außenbereich"", ""flaeche_amtl"": 1984.0}, {""anl"": """", ""bko"": """", ""brw"": 1, ""dat"": ""0001-01-01 BC"", ""gsm"": false, ""kor"": false, ""soa"": false, ""wrt"": false, ""zgr"": false, ""entw"": ""LF"", ""gabe"": ""Der Gutachterausschuss für Grundstückswerte im Kreis Steinfurt"", ""jahr"": ""2025"", ""nuta"": ""F"", ""stag"": ""2022-01-01"", ""farbe"": ""4"", ""anl_txt"": ""UNDEFINED"", ""flaeche"": 1985.76939348986, ""prozent"": 100.00, ""entw_txt"": ""Fläche der Land- und Forstwirtschaft"", ""nuta_txt"": ""forstwirtschaftliche Fläche"", ""farbe_txt"": ""Forstwirtschaft"", ""flaeche_amtl"": 1984.0}]";1985.76939348986;NULL
174;DENW54AL00009I2n;05529201600329______;NULL;NULL;NULL;NULL;NULL;NULL;Oelde;Oelde;055292;"[""0552920013855"",""0552920013856"",""0552920013857"",""0552920013858""]";16;329;NULL;119.0;2023-11-17 09:51:39+01;01.01.2025;Landrat des Kreises Warendorf;Amt für Geoinformation und Kataster;NULL;NULL;NULL;NULL;NULL;NULL;NULL;NULL;NULL;NULL;NULL;NULL;NULL;NULL;45;0.45;119;"[{""m2"": 119, ""emz"": null, ""katasterklassifikation"": ""Gebäude- und Freifläche Mischnutzung mit Wohnen""}]";"[{""anl"": """", ""bko"": """", ""brw"": 190, ""dat"": ""0001-01-01 BC"", ""gsm"": false, ""kor"": false, ""soa"": false, ""wrt"": false, ""zgr"": false, ""entw"": ""B"", ""gabe"": ""Der Gutachterausschuss für Grundstückswerte im Kreis Warendorf"", ""jahr"": ""2025"", ""nuta"": ""W"", ""stag"": ""2022-01-01"", ""farbe"": ""1"", ""anl_txt"": ""UNDEFINED"", ""flaeche"": 119.543765501946, ""prozent"": 100.00, ""entw_txt"": ""Baureifes Land"", ""nuta_txt"": ""Wohnbaufläche"", ""farbe_txt"": ""Ein-/Zweigeschossig"", ""flaeche_amtl"": 119.0}]";119.543765501946;NULL
175;DENW53AL0000suzw;05504014700037______;NULL;NULL;NULL;NULL;NULL;NULL;Westerkappeln;Westerkappeln;055040;"[""0550400001634""]";147;37;NULL;220.0;2023-10-24 14:20:04+02;01.01.2025;Landrat des Kreises Steinfurt;Vermessungs- und Katasteramt;NULL;NULL;NULL;NULL;NULL;NULL;NULL;NULL;NULL;NULL;NULL;NULL;NULL;NULL;36;0.36;220;"[{""m2"": 220, ""emz"": null, ""katasterklassifikation"": ""Weg""}]";"[{""anl"": """", ""bko"": """", ""brw"": 4, ""dat"": ""0001-01-01 BC"", ""gsm"": false, ""kor"": false, ""soa"": false, ""wrt"": false, ""zgr"": false, ""entw"": ""LF"", ""gabe"": ""Der Gutachterausschuss für Grundstückswerte im Kreis Steinfurt"", ""jahr"": ""2025"", ""nuta"": ""GR"", ""stag"": ""2022-01-01"", ""farbe"": ""5"", ""anl_txt"": ""UNDEFINED"", ""flaeche"": 207.40572049012, ""prozent"": 100.00, ""entw_txt"": ""Fläche der Land- und Forstwirtschaft"", ""nuta_txt"": ""Grünland"", ""farbe_txt"": ""Landwirtschaft"", ""flaeche_amtl"": 220.0}, {""anl"": """", ""bko"": """", ""brw"": 8, ""dat"": ""0001-01-01 BC"", ""gsm"": false, ""kor"": false, ""soa"": false, ""wrt"": false, ""zgr"": false, ""entw"": ""LF"", ""gabe"": ""Der Gutachterausschuss für Grundstückswerte im Kreis Steinfurt"", ""jahr"": ""2025"", ""nuta"": ""A"", ""stag"": ""2022-01-01"", ""farbe"": ""5"", ""anl_txt"": ""UNDEFINED"", ""flaeche"": 207.40572049012, ""prozent"": 100.00, ""entw_txt"": ""Fläche der Land- und Forstwirtschaft"", ""nuta_txt"": ""Acker"", ""farbe_txt"": ""Landwirtschaft"", ""flaeche_amtl"": 220.0}, {""anl"": """", ""bko"": """", ""brw"": 1, ""dat"": ""0001-01-01 BC"", ""gsm"": false, ""kor"": false, ""soa"": false, ""wrt"": false, ""zgr"": false, ""entw"": ""LF"", ""gabe"": ""Der Gutachterausschuss für Grundstückswerte im Kreis Steinfurt"", ""jahr"": ""2025"", ""nuta"": ""F"", ""stag"": ""2022-01-01"", ""farbe"": ""4"", ""anl_txt"": ""UNDEFINED"", ""flaeche"": 207.40572049012, ""prozent"": 100.00, ""entw_txt"": ""Fläche der Land- und Forstwirtschaft"", ""nuta_txt"": ""forstwirtschaftliche Fläche"", ""farbe_txt"": ""Forstwirtschaft"", ""flaeche_amtl"": 220.0}, {""anl"": """", ""bko"": """", ""brw"": 70, ""dat"": ""0001-01-01 BC"", ""gsm"": false, ""kor"": false, ""soa"": false, ""wrt"": false, ""zgr"": false, ""entw"": ""B"", ""gabe"": ""Der Gutachterausschuss für Grundstückswerte im Kreis Steinfurt"", ""jahr"": ""2025"", ""nuta"": ""W"", ""stag"": ""2022-01-01"", ""farbe"": ""6"", ""anl_txt"": ""UNDEFINED"", ""flaeche"": 207.40572049012, ""prozent"": 100.00, ""entw_txt"": ""Baureifes Land"", ""nuta_txt"": ""Wohnbaufläche"", ""farbe_txt"": ""Außenbereich"", ""flaeche_amtl"": 220.0}]";207.40572049012;NULL
176;DENW41AL30000GmB;05465700500949______;NULL;NULL;NULL;NULL;NULL;NULL;Erftstadt;Lechenich;054657;"[""0546570002071""]";5;949;NULL;105.0;2024-08-20 10:05:31+02;01.01.2025;Landrat des Rhein-Erft-Kreises;Amt für Liegenschaftskataster und Geoinformation 62;NULL;NULL;NULL;NULL;NULL;NULL;NULL;NULL;NULL;NULL;NULL;NULL;NULL;NULL;78;0.78;105;"[{""m2"": 105, ""emz"": null, ""katasterklassifikation"": ""Wohnbaufläche""}]";"[{""anl"": """", ""bko"": """", ""brw"": 370, ""dat"": ""0001-01-01 BC"", ""gsm"": false, ""kor"": false, ""soa"": false, ""wrt"": false, ""zgr"": false, ""entw"": ""B"", ""gabe"": ""Der Gutachterausschuss für Grundstückswerte im Rhein-Erft-Kreis"", ""jahr"": ""2025"", ""nuta"": ""W"", ""stag"": ""2022-01-01"", ""farbe"": ""1"", ""anl_txt"": ""UNDEFINED"", ""flaeche"": 105.39819349551, ""prozent"": 100.00, ""entw_txt"": ""Baureifes Land"", ""nuta_txt"": ""Wohnbaufläche"", ""farbe_txt"": ""Ein-/Zweigeschossig"", ""flaeche_amtl"": 105.0}]";105.39819349551;NULL
177;DENW07AL0000zPBA;05120100500001______;NULL;NULL;NULL;NULL;NULL;NULL;Marsberg;Niedermarsberg;051201;"[""0512010000853""]";5;1;NULL;154.0;2023-12-20 16:42:14+01;01.01.2025;Landrat des Hochsauerlandkreises;Fachdienst 43, Liegenschaftskataster und Vermessung;154;46;NULL;NULL;NULL;NULL;NULL;NULL;NULL;154;46;NULL;NULL;NULL;39;0.39;154;NULL;"[{""anl"": """", ""bko"": """", ""brw"": 15, ""dat"": ""0001-01-01 BC"", ""gsm"": false, ""kor"": false, ""soa"": false, ""wrt"": false, ""zgr"": false, ""entw"": ""B"", ""gabe"": ""Der Gutachterausschuss für Grundstückswerte im Hochsauerlandkreis"", ""jahr"": ""2025"", ""nuta"": ""W"", ""stag"": ""2022-01-01"", ""farbe"": ""6"", ""anl_txt"": ""UNDEFINED"", ""flaeche"": 143.031858996132, ""prozent"": 100.00, ""entw_txt"": ""Baureifes Land"", ""nuta_txt"": ""Wohnbaufläche"", ""farbe_txt"": ""Außenbereich"", ""flaeche_amtl"": 154.0}, {""anl"": """", ""bko"": """", ""brw"": 2, ""dat"": ""0001-01-01 BC"", ""gsm"": false, ""kor"": false, ""soa"": false, ""wrt"": false, ""zgr"": false, ""entw"": ""LF"", ""gabe"": ""Der Gutachterausschuss für Grundstückswerte im Hochsauerlandkreis"", ""jahr"": ""2025"", ""nuta"": ""GR"", ""stag"": ""2022-01-01"", ""farbe"": ""5"", ""anl_txt"": ""UNDEFINED"", ""flaeche"": 143.031858996132, ""prozent"": 100.00, ""entw_txt"": ""Fläche der Land- und Forstwirtschaft"", ""nuta_txt"": ""Grünland"", ""farbe_txt"": ""Landwirtschaft"", ""flaeche_amtl"": 154.0}, {""anl"": """", ""bko"": """", ""brw"": 2.3, ""dat"": ""0001-01-01 BC"", ""gsm"": false, ""kor"": false, ""soa"": false, ""wrt"": false, ""zgr"": false, ""entw"": ""LF"", ""gabe"": ""Der Gutachterausschuss für Grundstückswerte im Hochsauerlandkreis"", ""jahr"": ""2025"", ""nuta"": ""A"", ""stag"": ""2022-01-01"", ""farbe"": ""5"", ""anl_txt"": ""UNDEFINED"", ""flaeche"": 143.031858996132, ""prozent"": 100.00, ""entw_txt"": ""Fläche der Land- und Forstwirtschaft"", ""nuta_txt"": ""Acker"", ""farbe_txt"": ""Landwirtschaft"", ""flaeche_amtl"": 154.0}, {""anl"": """", ""bko"": """", ""brw"": 0.8, ""dat"": ""0001-01-01 BC"", ""gsm"": false, ""kor"": false, ""soa"": false, ""wrt"": false, ""zgr"": false, ""entw"": ""LF"", ""gabe"": ""Der Gutachterausschuss für Grundstückswerte im Hochsauerlandkreis"", ""jahr"": ""2025"", ""nuta"": ""F"", ""stag"": ""2022-01-01"", ""farbe"": ""4"", ""anl_txt"": ""UNDEFINED"", ""flaeche"": 143.031858996132, ""prozent"": 100.00, ""entw_txt"": ""Fläche der Land- und Forstwirtschaft"", ""nuta_txt"": ""forstwirtschaftliche Fläche"", ""farbe_txt"": ""Forstwirtschaft"", ""flaeche_amtl"": 154.0}]";143.031858996132;NULL
178;DENW43AL0000TqoR;05450100701872______;NULL;NULL;NULL;NULL;NULL;NULL;Wassenberg;Wassenberg;054501;"[""0545010003457""]";7;1872;NULL;1677.0;2024-01-26 10:52:34+01;01.01.2025;Landrat des Kreises Heinsberg;Vermessungs- und Katasteramt;NULL;NULL;NULL;NULL;NULL;NULL;NULL;NULL;NULL;NULL;NULL;NULL;NULL;NULL;52;0.52;1677;"[{""m2"": 1536, ""emz"": null, ""katasterklassifikation"": ""Straßenverkehr""}, {""m2"": 141, ""emz"": null, ""katasterklassifikation"": ""Grünanlage""}]";"[{""anl"": """", ""bko"": """", ""brw"": 200, ""dat"": ""0001-01-01 BC"", ""gsm"": false, ""kor"": false, ""soa"": false, ""wrt"": false, ""zgr"": false, ""entw"": ""B"", ""gabe"": ""Der Gutachterausschuss für Grundstückswerte im Kreis Heinsberg"", ""jahr"": ""2025"", ""nuta"": ""W"", ""stag"": ""2022-01-01"", ""farbe"": ""1"", ""anl_txt"": ""UNDEFINED"", ""flaeche"": 1677.50610102317, ""prozent"": 100.00, ""entw_txt"": ""Baureifes Land"", ""nuta_txt"": ""Wohnbaufläche"", ""farbe_txt"": ""Ein-/Zweigeschossig"", ""flaeche_amtl"": 1677.0}]";1677.50610102317;NULL
179;DENW53AL0000sswJ;05504009200839______;NULL;NULL;NULL;NULL;NULL;NULL;Westerkappeln;Westerkappeln;055040;"[""0550400003135""]";92;839;NULL;169.0;2023-10-24 14:20:04+02;01.01.2025;Landrat des Kreises Steinfurt;Vermessungs- und Katasteramt;NULL;NULL;NULL;NULL;NULL;NULL;NULL;NULL;NULL;NULL;NULL;NULL;NULL;NULL;36;0.36;169;"[{""m2"": 169, ""emz"": null, ""katasterklassifikation"": ""Industrie und Gewerbe""}]";"[{""anl"": """", ""bko"": """", ""brw"": 200, ""dat"": ""0001-01-01 BC"", ""gsm"": false, ""kor"": false, ""soa"": false, ""wrt"": false, ""zgr"": false, ""entw"": ""B"", ""gabe"": ""Der Gutachterausschuss für Grundstückswerte im Kreis Steinfurt"", ""jahr"": ""2025"", ""nuta"": ""MI"", ""stag"": ""2022-01-01"", ""farbe"": ""2"", ""anl_txt"": ""UNDEFINED"", ""flaeche"": 169.013652006118, ""prozent"": 100.00, ""entw_txt"": ""Baureifes Land"", ""nuta_txt"": ""Mischgebiet"", ""farbe_txt"": ""Misch-/Mehrgeschossig"", ""flaeche_amtl"": 169.0}]";169.013652006118;NULL
180;DENW53AL0000tXlB;05503901500101______;NULL;NULL;NULL;NULL;NULL;NULL;Lotte;Wersen;055039;"[""0550390003268""]";15;101;NULL;9858.0;2023-10-24 14:20:04+02;01.01.2025;Landrat des Kreises Steinfurt;Vermessungs- und Katasteramt;4;2;NULL;NULL;NULL;NULL;NULL;NULL;NULL;4;2;186;41;227;36;0.36;9858;"[{""m2"": 4802, ""emz"": null, ""katasterklassifikation"": ""Weg""}, {""m2"": 4827, ""emz"": null, ""katasterklassifikation"": ""Weg""}]";"[{""anl"": """", ""bko"": """", ""brw"": 1, ""dat"": ""0001-01-01 BC"", ""gsm"": false, ""kor"": false, ""soa"": false, ""wrt"": false, ""zgr"": false, ""entw"": ""LF"", ""gabe"": ""Der Gutachterausschuss für Grundstückswerte im Kreis Steinfurt"", ""jahr"": ""2025"", ""nuta"": ""F"", ""stag"": ""2022-01-01"", ""farbe"": ""4"", ""anl_txt"": ""UNDEFINED"", ""flaeche"": 9749.76120045277, ""prozent"": 100.00, ""entw_txt"": ""Fläche der Land- und Forstwirtschaft"", ""nuta_txt"": ""forstwirtschaftliche Fläche"", ""farbe_txt"": ""Forstwirtschaft"", ""flaeche_amtl"": 9858.0}, {""anl"": """", ""bko"": """", ""brw"": 8, ""dat"": ""0001-01-01 BC"", ""gsm"": false, ""kor"": false, ""soa"": false, ""wrt"": false, ""zgr"": false, ""entw"": ""LF"", ""gabe"": ""Der Gutachterausschuss für Grundstückswerte im Kreis Steinfurt"", ""jahr"": ""2025"", ""nuta"": ""A"", ""stag"": ""2022-01-01"", ""farbe"": ""5"", ""anl_txt"": ""UNDEFINED"", ""flaeche"": 9749.76120045277, ""prozent"": 100.00, ""entw_txt"": ""Fläche der Land- und Forstwirtschaft"", ""nuta_txt"": ""Acker"", ""farbe_txt"": ""Landwirtschaft"", ""flaeche_amtl"": 9858.0}, {""anl"": """", ""bko"": """", ""brw"": 3.5, ""dat"": ""0001-01-01 BC"", ""gsm"": false, ""kor"": false, ""soa"": false, ""wrt"": false, ""zgr"": false, ""entw"": ""LF"", ""gabe"": ""Der Gutachterausschuss für Grundstückswerte im Kreis Steinfurt"", ""jahr"": ""2025"", ""nuta"": ""GR"", ""stag"": ""2022-01-01"", ""farbe"": ""5"", ""anl_txt"": ""UNDEFINED"", ""flaeche"": 9749.76120045277, ""prozent"": 100.00, ""entw_txt"": ""Fläche der Land- und Forstwirtschaft"", ""nuta_txt"": ""Grünland"", ""farbe_txt"": ""Landwirtschaft"", ""flaeche_amtl"": 9858.0}, {""anl"": """", ""bko"": """", ""brw"": 100, ""dat"": ""0001-01-01 BC"", ""gsm"": false, ""kor"": false, ""soa"": false, ""wrt"": false, ""zgr"": false, ""entw"": ""B"", ""gabe"": ""Der Gutachterausschuss für Grundstückswerte im Kreis Steinfurt"", ""jahr"": ""2025"", ""nuta"": ""W"", ""stag"": ""2022-01-01"", ""farbe"": ""6"", ""anl_txt"": ""UNDEFINED"", ""flaeche"": 9749.76120045277, ""prozent"": 100.00, ""entw_txt"": ""Baureifes Land"", ""nuta_txt"": ""Wohnbaufläche"", ""farbe_txt"": ""Außenbereich"", ""flaeche_amtl"": 9858.0}]";9749.76120045277;NULL
181;DENW53AL0001Med6;05503902000324______;NULL;NULL;NULL;NULL;NULL;NULL;Lotte;Wersen;055039;"[""0550390003271""]";20;324;NULL;7298.0;2023-10-24 14:20:04+02;01.01.2025;Landrat des Kreises Steinfurt;Vermessungs- und Katasteramt;NULL;NULL;NULL;NULL;NULL;NULL;NULL;NULL;NULL;NULL;NULL;NULL;56;56;36;0.36;7298;"[{""m2"": 1824, ""emz"": null, ""katasterklassifikation"": ""Weg""}, {""m2"": 4570, ""emz"": null, ""katasterklassifikation"": ""Straßenverkehr""}, {""m2"": 847, ""emz"": null, ""katasterklassifikation"": ""Verkehrsbegleitfläche Straße""}]";"[{""anl"": """", ""bko"": """", ""brw"": 180, ""dat"": ""0001-01-01 BC"", ""gsm"": false, ""kor"": false, ""soa"": false, ""wrt"": false, ""zgr"": false, ""entw"": ""B"", ""gabe"": ""Der Gutachterausschuss für Grundstückswerte im Kreis Steinfurt"", ""jahr"": ""2025"", ""nuta"": ""WA"", ""stag"": ""2022-01-01"", ""farbe"": ""1"", ""anl_txt"": ""UNDEFINED"", ""flaeche"": 2816.734302311, ""prozent"": 38.66281076748977604500, ""entw_txt"": ""Baureifes Land"", ""nuta_txt"": ""allgemeines Wohngebiet"", ""farbe_txt"": ""Ein-/Zweigeschossig"", ""flaeche_amtl"": 2821.611929811403855764100}, {""anl"": """", ""bko"": """", ""brw"": 90, ""dat"": ""0001-01-01 BC"", ""gsm"": false, ""kor"": false, ""soa"": false, ""wrt"": false, ""zgr"": false, ""entw"": ""B"", ""gabe"": ""Der Gutachterausschuss für Grundstückswerte im Kreis Steinfurt"", ""jahr"": ""2025"", ""nuta"": ""MI"", ""stag"": ""2022-01-01"", ""farbe"": ""1"", ""anl_txt"": ""UNDEFINED"", ""flaeche"": 2483.64045730675, ""prozent"": 34.09072731373668240500, ""entw_txt"": ""Baureifes Land"", ""nuta_txt"": ""Mischgebiet"", ""farbe_txt"": ""Ein-/Zweigeschossig"", ""flaeche_amtl"": 2487.941279356503081916900}, {""anl"": """", ""bko"": """", ""brw"": 100, ""dat"": ""0001-01-01 BC"", ""gsm"": false, ""kor"": false, ""soa"": false, ""wrt"": false, ""zgr"": false, ""entw"": ""B"", ""gabe"": ""Der Gutachterausschuss für Grundstückswerte im Kreis Steinfurt"", ""jahr"": ""2025"", ""nuta"": ""W"", ""stag"": ""2022-01-01"", ""farbe"": ""6"", ""anl_txt"": ""UNDEFINED"", ""flaeche"": 1173.39268262857, ""prozent"": 16.10611948993710466200, ""entw_txt"": ""Baureifes Land"", ""nuta_txt"": ""Wohnbaufläche"", ""farbe_txt"": ""Außenbereich"", ""flaeche_amtl"": 1175.424600375609898232760}, {""anl"": """", ""bko"": """", ""brw"": 8, ""dat"": ""0001-01-01 BC"", ""gsm"": false, ""kor"": false, ""soa"": false, ""wrt"": false, ""zgr"": false, ""entw"": ""LF"", ""gabe"": ""Der Gutachterausschuss für Grundstückswerte im Kreis Steinfurt"", ""jahr"": ""2025"", ""nuta"": ""A"", ""stag"": ""2022-01-01"", ""farbe"": ""5"", ""anl_txt"": ""UNDEFINED"", ""flaeche"": 1173.39268262857, ""prozent"": 16.10611948993710466200, ""entw_txt"": ""Fläche der Land- und Forstwirtschaft"", ""nuta_txt"": ""Acker"", ""farbe_txt"": ""Landwirtschaft"", ""flaeche_amtl"": 1175.424600375609898232760}, {""anl"": """", ""bko"": """", ""brw"": 1, ""dat"": ""0001-01-01 BC"", ""gsm"": false, ""kor"": false, ""soa"": false, ""wrt"": false, ""zgr"": false, ""entw"": ""LF"", ""gabe"": ""Der Gutachterausschuss für Grundstückswerte im Kreis Steinfurt"", ""jahr"": ""2025"", ""nuta"": ""F"", ""stag"": ""2022-01-01"", ""farbe"": ""4"", ""anl_txt"": ""UNDEFINED"", ""flaeche"": 1173.39268262857, ""prozent"": 16.10611948993710466200, ""entw_txt"": ""Fläche der Land- und Forstwirtschaft"", ""nuta_txt"": ""forstwirtschaftliche Fläche"", ""farbe_txt"": ""Forstwirtschaft"", ""flaeche_amtl"": 1175.424600375609898232760}, {""anl"": """", ""bko"": """", ""brw"": 3.5, ""dat"": ""0001-01-01 BC"", ""gsm"": false, ""kor"": false, ""soa"": false, ""wrt"": false, ""zgr"": false, ""entw"": ""LF"", ""gabe"": ""Der Gutachterausschuss für Grundstückswerte im Kreis Steinfurt"", ""jahr"": ""2025"", ""nuta"": ""GR"", ""stag"": ""2022-01-01"", ""farbe"": ""5"", ""anl_txt"": ""UNDEFINED"", ""flaeche"": 1173.39268262857, ""prozent"": 16.10611948993710466200, ""entw_txt"": ""Fläche der Land- und Forstwirtschaft"", ""nuta_txt"": ""Grünland"", ""farbe_txt"": ""Landwirtschaft"", ""flaeche_amtl"": 1175.424600375609898232760}, {""anl"": """", ""bko"": """", ""brw"": 200, ""dat"": ""0001-01-01 BC"", ""gsm"": false, ""kor"": false, ""soa"": false, ""wrt"": false, ""zgr"": false, ""entw"": ""B"", ""gabe"": ""Der Gutachterausschuss für Grundstückswerte im Kreis Steinfurt"", ""jahr"": ""2025"", ""nuta"": ""WA"", ""stag"": ""2022-01-01"", ""farbe"": ""1"", ""anl_txt"": ""UNDEFINED"", ""flaeche"": 811.616745799641, ""prozent"": 11.14034242875944712500, ""entw_txt"": ""Baureifes Land"", ""nuta_txt"": ""allgemeines Wohngebiet"", ""farbe_txt"": ""Ein-/Zweigeschossig"", ""flaeche_amtl"": 813.022190450864451182500}]";7285.38418805157;NULL
182;DENW11AL0000nNQA;05107801800623______;NULL;NULL;NULL;NULL;NULL;NULL;Warstein;Warstein;051078;"[""0510780000693""]";18;623;NULL;14.0;2023-11-28 15:29:19+01;01.01.2025;Landrätin des Kreises Soest;Abteilung Liegenschaftskataster und Vermessung;NULL;NULL;NULL;NULL;NULL;NULL;NULL;NULL;NULL;NULL;NULL;NULL;NULL;NULL;38;0.38;14;"[{""m2"": 14, ""emz"": null, ""katasterklassifikation"": ""Straßenverkehr""}]";"[{""anl"": """", ""bko"": """", ""brw"": 85, ""dat"": ""0001-01-01 BC"", ""gsm"": false, ""kor"": false, ""soa"": false, ""wrt"": false, ""zgr"": false, ""entw"": ""B"", ""gabe"": ""Der Gutachterausschuss für Grundstückswerte im Kreis Soest"", ""jahr"": ""2025"", ""nuta"": ""W"", ""stag"": ""2022-01-01"", ""farbe"": ""1"", ""anl_txt"": ""UNDEFINED"", ""flaeche"": 14.2938670005523, ""prozent"": 100.00, ""entw_txt"": ""Baureifes Land"", ""nuta_txt"": ""Wohnbaufläche"", ""farbe_txt"": ""Ein-/Zweigeschossig"", ""flaeche_amtl"": 14.0}]";14.2938670005523;NULL
183;DENW11AL0000nNWj;051078019001450001__;NULL;NULL;NULL;NULL;NULL;NULL;Warstein;Warstein;051078;"[""0510780000424""]";19;145;1;3852.0;2024-02-22 11:16:55+01;01.01.2025;Landrätin des Kreises Soest;Abteilung Liegenschaftskataster und Vermessung;3852;1526;NULL;NULL;NULL;NULL;NULL;NULL;NULL;3852;1526;NULL;NULL;NULL;38;0.38;3852;NULL;"[{""anl"": """", ""bko"": """", ""brw"": 1, ""dat"": ""0001-01-01 BC"", ""gsm"": false, ""kor"": false, ""soa"": false, ""wrt"": false, ""zgr"": false, ""entw"": ""LF"", ""gabe"": ""Der Gutachterausschuss für Grundstückswerte im Kreis Soest"", ""jahr"": ""2025"", ""nuta"": ""F"", ""stag"": ""2022-01-01"", ""farbe"": ""4"", ""anl_txt"": ""UNDEFINED"", ""flaeche"": 3841.24610300091, ""prozent"": 100.00, ""entw_txt"": ""Fläche der Land- und Forstwirtschaft"", ""nuta_txt"": ""forstwirtschaftliche Fläche"", ""farbe_txt"": ""Forstwirtschaft"", ""flaeche_amtl"": 3852.0}, {""anl"": """", ""bko"": """", ""brw"": 2.7, ""dat"": ""0001-01-01 BC"", ""gsm"": false, ""kor"": false, ""soa"": false, ""wrt"": false, ""zgr"": false, ""entw"": ""LF"", ""gabe"": ""Der Gutachterausschuss für Grundstückswerte im Kreis Soest"", ""jahr"": ""2025"", ""nuta"": ""GR"", ""stag"": ""2022-01-01"", ""farbe"": ""5"", ""anl_txt"": ""UNDEFINED"", ""flaeche"": 3841.24610300091, ""prozent"": 100.00, ""entw_txt"": ""Fläche der Land- und Forstwirtschaft"", ""nuta_txt"": ""Grünland"", ""farbe_txt"": ""Landwirtschaft"", ""flaeche_amtl"": 3852.0}, {""anl"": """", ""bko"": """", ""brw"": 4, ""dat"": ""0001-01-01 BC"", ""gsm"": false, ""kor"": false, ""soa"": false, ""wrt"": false, ""zgr"": false, ""entw"": ""LF"", ""gabe"": ""Der Gutachterausschuss für Grundstückswerte im Kreis Soest"", ""jahr"": ""2025"", ""nuta"": ""A"", ""stag"": ""2022-01-01"", ""farbe"": ""5"", ""anl_txt"": ""UNDEFINED"", ""flaeche"": 3841.24610300091, ""prozent"": 100.00, ""entw_txt"": ""Fläche der Land- und Forstwirtschaft"", ""nuta_txt"": ""Acker"", ""farbe_txt"": ""Landwirtschaft"", ""flaeche_amtl"": 3852.0}, {""anl"": """", ""bko"": """", ""brw"": 35, ""dat"": ""0001-01-01 BC"", ""gsm"": false, ""kor"": false, ""soa"": false, ""wrt"": false, ""zgr"": false, ""entw"": ""B"", ""gabe"": ""Der Gutachterausschuss für Grundstückswerte im Kreis Soest"", ""jahr"": ""2025"", ""nuta"": ""W"", ""stag"": ""2022-01-01"", ""farbe"": ""6"", ""anl_txt"": ""UNDEFINED"", ""flaeche"": 3841.24610300091, ""prozent"": 100.00, ""entw_txt"": ""Baureifes Land"", ""nuta_txt"": ""Wohnbaufläche"", ""farbe_txt"": ""Außenbereich"", ""flaeche_amtl"": 3852.0}]";3841.24610300091;NULL
184;DENW11AL0000nOhS;05107802301022______;NULL;NULL;NULL;NULL;NULL;NULL;Warstein;Warstein;051078;"[""0510780000155""]";23;1022;NULL;4.0;2023-11-28 15:29:19+01;01.01.2025;Landrätin des Kreises Soest;Abteilung Liegenschaftskataster und Vermessung;NULL;NULL;NULL;NULL;NULL;NULL;NULL;NULL;NULL;NULL;NULL;NULL;NULL;NULL;38;0.38;4;"[{""m2"": 4, ""emz"": null, ""katasterklassifikation"": ""Wohnbaufläche""}]";"[{""anl"": """", ""bko"": """", ""brw"": 70, ""dat"": ""0001-01-01 BC"", ""gsm"": false, ""kor"": false, ""soa"": false, ""wrt"": false, ""zgr"": false, ""entw"": ""B"", ""gabe"": ""Der Gutachterausschuss für Grundstückswerte im Kreis Soest"", ""jahr"": ""2025"", ""nuta"": ""W"", ""stag"": ""2022-01-01"", ""farbe"": ""1"", ""anl_txt"": ""UNDEFINED"", ""flaeche"": 4.21367900073444, ""prozent"": 100.00, ""entw_txt"": ""Baureifes Land"", ""nuta_txt"": ""Wohnbaufläche"", ""farbe_txt"": ""Ein-/Zweigeschossig"", ""flaeche_amtl"": 4.0}]";4.21367900073444;NULL
185;DENW43AL0000olo7;05455901700063______;NULL;Kapellenweg;10;NULL;52511;Geilenkirchen;Geilenkirchen;Geilenkirchen;054559;"[""0545590007507""]";17;63;NULL;281.0;2024-02-14 07:46:36+01;01.01.2025;Landrat des Kreises Heinsberg;Vermessungs- und Katasteramt;NULL;NULL;NULL;NULL;NULL;NULL;NULL;NULL;NULL;NULL;NULL;NULL;NULL;NULL;68;0.68;281;"[{""m2"": 281, ""emz"": null, ""katasterklassifikation"": ""Wohnbaufläche""}]";"[{""anl"": """", ""bko"": """", ""brw"": 130, ""dat"": ""0001-01-01 BC"", ""gsm"": false, ""kor"": false, ""soa"": false, ""wrt"": false, ""zgr"": false, ""entw"": ""B"", ""gabe"": ""Der Gutachterausschuss für Grundstückswerte im Kreis Heinsberg"", ""jahr"": ""2025"", ""nuta"": ""MD"", ""stag"": ""2022-01-01"", ""farbe"": ""1"", ""anl_txt"": ""UNDEFINED"", ""flaeche"": 281.11105549646, ""prozent"": 100.00, ""entw_txt"": ""Baureifes Land"", ""nuta_txt"": ""Dorfgebiet"", ""farbe_txt"": ""Ein-/Zweigeschossig"", ""flaeche_amtl"": 281.0}]";281.11105549646;NULL
186;DENW07AL0000CQrD;05152301000132______;NULL;NULL;NULL;NULL;NULL;NULL;Meschede;Wennemen;051523;"[""0515230000230""]";10;132;NULL;36.0;2024-08-29 11:01:00+02;01.01.2025;Landrat des Hochsauerlandkreises;Fachdienst 43, Liegenschaftskataster und Vermessung;NULL;NULL;NULL;NULL;NULL;NULL;NULL;NULL;NULL;NULL;NULL;NULL;NULL;NULL;45;0.45;36;"[{""m2"": 36, ""emz"": null, ""katasterklassifikation"": ""Grünanlage""}]";"[{""anl"": """", ""bko"": """", ""brw"": 46, ""dat"": ""0001-01-01 BC"", ""gsm"": false, ""kor"": false, ""soa"": false, ""wrt"": false, ""zgr"": false, ""entw"": ""B"", ""gabe"": ""Der Gutachterausschuss für Grundstückswerte im Hochsauerlandkreis"", ""jahr"": ""2025"", ""nuta"": ""MD"", ""stag"": ""2022-01-01"", ""farbe"": ""1"", ""anl_txt"": ""UNDEFINED"", ""flaeche"": 36.5571954973562, ""prozent"": 100.00, ""entw_txt"": ""Baureifes Land"", ""nuta_txt"": ""Dorfgebiet"", ""farbe_txt"": ""Ein-/Zweigeschossig"", ""flaeche_amtl"": 36.0}]";36.5571954973562;NULL
187;DENW14AL0001ScCq;05255301001794______;NULL;NULL;NULL;NULL;NULL;NULL;Rheda-Wiedenbrück;Wiedenbrück;052553;"[""0592010025333""]";10;1794;NULL;5513.0;2024-03-25 09:44:28+01;01.01.2025;Landrat des Kreises Gütersloh;Geoinformation, Kataster und Vermessung;12;5;NULL;NULL;NULL;NULL;NULL;NULL;NULL;12;5;NULL;NULL;NULL;43;0.43;5513;"[{""m2"": 4, ""emz"": null, ""katasterklassifikation"": ""Wohnbaufläche""}, {""m2"": 280, ""emz"": null, ""katasterklassifikation"": ""Verkehrsbegleitfläche Straße""}, {""m2"": 448, ""emz"": null, ""katasterklassifikation"": ""Gewässerbegleitfläche""}, {""m2"": 3681, ""emz"": null, ""katasterklassifikation"": ""Straßenverkehr""}, {""m2"": 146, ""emz"": null, ""katasterklassifikation"": ""Graben""}, {""m2"": 943, ""emz"": null, ""katasterklassifikation"": ""Weg""}]";"[{""anl"": """", ""bko"": """", ""brw"": 370, ""dat"": ""0001-01-01 BC"", ""gsm"": false, ""kor"": false, ""soa"": false, ""wrt"": false, ""zgr"": false, ""entw"": ""B"", ""gabe"": ""Der Gutachterausschuss für Grundstückswerte im Kreis Gütersloh und in der Stadt Gütersloh"", ""jahr"": ""2025"", ""nuta"": ""W"", ""stag"": ""2022-01-01"", ""farbe"": ""1"", ""anl_txt"": ""UNDEFINED"", ""flaeche"": 3937.96816008854, ""prozent"": 71.48321070818393915500, ""entw_txt"": ""Baureifes Land"", ""nuta_txt"": ""Wohnbaufläche"", ""farbe_txt"": ""Ein-/Zweigeschossig"", ""flaeche_amtl"": 3940.869406342180565615150}, {""anl"": """", ""bko"": """", ""brw"": 9, ""dat"": ""0001-01-01 BC"", ""gsm"": false, ""kor"": false, ""soa"": false, ""wrt"": false, ""zgr"": false, ""entw"": ""LF"", ""gabe"": ""Der Gutachterausschuss für Grundstückswerte im Kreis Gütersloh und in der Stadt Gütersloh"", ""jahr"": ""2025"", ""nuta"": ""A"", ""stag"": ""2022-01-01"", ""farbe"": ""5"", ""anl_txt"": ""UNDEFINED"", ""flaeche"": 1267.28516782761, ""prozent"": 23.00415061688576581000, ""entw_txt"": ""Fläche der Land- und Forstwirtschaft"", ""nuta_txt"": ""Acker"", ""farbe_txt"": ""Landwirtschaft"", ""flaeche_amtl"": 1268.218823508912269105300}, {""anl"": """", ""bko"": """", ""brw"": 160, ""dat"": ""0001-01-01 BC"", ""gsm"": false, ""kor"": false, ""soa"": false, ""wrt"": false, ""zgr"": false, ""entw"": ""B"", ""gabe"": ""Der Gutachterausschuss für Grundstückswerte im Kreis Gütersloh und in der Stadt Gütersloh"", ""jahr"": ""2025"", ""nuta"": ""W"", ""stag"": ""2022-01-01"", ""farbe"": ""6"", ""anl_txt"": ""UNDEFINED"", ""flaeche"": 1267.28516782761, ""prozent"": 23.00415061688576581000, ""entw_txt"": ""Baureifes Land"", ""nuta_txt"": ""Wohnbaufläche"", ""farbe_txt"": ""Außenbereich"", ""flaeche_amtl"": 1268.218823508912269105300}, {""anl"": """", ""bko"": """", ""brw"": 30, ""dat"": ""0001-01-01 BC"", ""gsm"": false, ""kor"": false, ""soa"": false, ""wrt"": false, ""zgr"": false, ""entw"": ""B"", ""gabe"": ""Der Gutachterausschuss für Grundstückswerte im Kreis Gütersloh und in der Stadt Gütersloh"", ""jahr"": ""2025"", ""nuta"": ""G"", ""stag"": ""2022-01-01"", ""farbe"": ""6"", ""anl_txt"": ""UNDEFINED"", ""flaeche"": 1267.28516782761, ""prozent"": 23.00415061688576581000, ""entw_txt"": ""Baureifes Land"", ""nuta_txt"": ""gewerbliche Baufläche"", ""farbe_txt"": ""Außenbereich"", ""flaeche_amtl"": 1268.218823508912269105300}, {""anl"": """", ""bko"": """", ""brw"": 5, ""dat"": ""0001-01-01 BC"", ""gsm"": false, ""kor"": false, ""soa"": false, ""wrt"": false, ""zgr"": false, ""entw"": ""LF"", ""gabe"": ""Der Gutachterausschuss für Grundstückswerte im Kreis Gütersloh und in der Stadt Gütersloh"", ""jahr"": ""2025"", ""nuta"": ""GR"", ""stag"": ""2022-01-01"", ""farbe"": ""5"", ""anl_txt"": ""UNDEFINED"", ""flaeche"": 1267.28516782761, ""prozent"": 23.00415061688576581000, ""entw_txt"": ""Fläche der Land- und Forstwirtschaft"", ""nuta_txt"": ""Grünland"", ""farbe_txt"": ""Landwirtschaft"", ""flaeche_amtl"": 1268.218823508912269105300}, {""anl"": """", ""bko"": """", ""brw"": 1, ""dat"": ""0001-01-01 BC"", ""gsm"": false, ""kor"": false, ""soa"": false, ""wrt"": false, ""zgr"": false, ""entw"": ""LF"", ""gabe"": ""Der Gutachterausschuss für Grundstückswerte im Kreis Gütersloh und in der Stadt Gütersloh"", ""jahr"": ""2025"", ""nuta"": ""F"", ""stag"": ""2022-01-01"", ""farbe"": ""4"", ""anl_txt"": ""UNDEFINED"", ""flaeche"": 1267.28516782761, ""prozent"": 23.00415061688576581000, ""entw_txt"": ""Fläche der Land- und Forstwirtschaft"", ""nuta_txt"": ""forstwirtschaftliche Fläche"", ""farbe_txt"": ""Forstwirtschaft"", ""flaeche_amtl"": 1268.218823508912269105300}, {""anl"": """", ""bko"": """", ""brw"": 290, ""dat"": ""0001-01-01 BC"", ""gsm"": false, ""kor"": false, ""soa"": false, ""wrt"": false, ""zgr"": false, ""entw"": ""B"", ""gabe"": ""Der Gutachterausschuss für Grundstückswerte im Kreis Gütersloh und in der Stadt Gütersloh"", ""jahr"": ""2025"", ""nuta"": ""W"", ""stag"": ""2022-01-01"", ""farbe"": ""1"", ""anl_txt"": ""UNDEFINED"", ""flaeche"": 303.688031984506, ""prozent"": 5.51263867491860494900, ""entw_txt"": ""Baureifes Land"", ""nuta_txt"": ""Wohnbaufläche"", ""farbe_txt"": ""Ein-/Zweigeschossig"", ""flaeche_amtl"": 303.911770148262690838370}]";5508.9413599013;NULL
188;DENW30AL0000BFFJ;05318201101411______;NULL;NULL;NULL;NULL;NULL;NULL;Geldern;Walbeck;053182;"[""0531820001285""]";11;1411;NULL;1398.0;2023-11-30 14:47:41+01;01.01.2025;Landrat des Kreises Kleve;Abteilung 6.2 - Kataster und Vermessung;NULL;NULL;NULL;NULL;NULL;NULL;NULL;NULL;NULL;NULL;NULL;NULL;NULL;NULL;45;0.45;1398;"[{""m2"": 1299, ""emz"": null, ""katasterklassifikation"": ""Grünanlage""}, {""m2"": 99, ""emz"": null, ""katasterklassifikation"": ""Weg""}]";"[{""anl"": """", ""bko"": """", ""brw"": 145, ""dat"": ""0001-01-01 BC"", ""gsm"": false, ""kor"": false, ""soa"": false, ""wrt"": false, ""zgr"": false, ""entw"": ""B"", ""gabe"": ""Der Gutachterausschuss für Grundstückswerte im Kreis Kleve"", ""jahr"": ""2025"", ""nuta"": ""W"", ""stag"": ""2022-01-01"", ""farbe"": ""1"", ""anl_txt"": ""UNDEFINED"", ""flaeche"": 1399.62508832106, ""prozent"": 100.00, ""entw_txt"": ""Baureifes Land"", ""nuta_txt"": ""Wohnbaufläche"", ""farbe_txt"": ""Ein-/Zweigeschossig"", ""flaeche_amtl"": 1398.0}]";1399.62508832106;NULL
189;DENW43AL0000CHyP;05453907400417______;NULL;NULL;NULL;NULL;NULL;NULL;Wegberg;Wegberg;054539;"[""0545390006282""]";74;417;NULL;23.0;2024-02-19 07:14:02+01;01.01.2025;Landrat des Kreises Heinsberg;Vermessungs- und Katasteramt;NULL;NULL;NULL;NULL;NULL;NULL;NULL;NULL;NULL;NULL;NULL;NULL;NULL;NULL;60;0.60;23;"[{""m2"": 23, ""emz"": null, ""katasterklassifikation"": ""Weg""}]";"[{""anl"": """", ""bko"": """", ""brw"": 7.9, ""dat"": ""0001-01-01 BC"", ""gsm"": false, ""kor"": false, ""soa"": false, ""wrt"": false, ""zgr"": false, ""entw"": ""LF"", ""gabe"": ""Der Gutachterausschuss für Grundstückswerte im Kreis Heinsberg"", ""jahr"": ""2025"", ""nuta"": ""L"", ""stag"": ""2022-01-01"", ""farbe"": ""5"", ""anl_txt"": ""UNDEFINED"", ""flaeche"": 22.3747095009429, ""prozent"": 100.00, ""entw_txt"": ""Fläche der Land- und Forstwirtschaft"", ""nuta_txt"": ""landwirtschaftliche Fläche"", ""farbe_txt"": ""Landwirtschaft"", ""flaeche_amtl"": 23.0}, {""anl"": """", ""bko"": """", ""brw"": 0.5, ""dat"": ""0001-01-01 BC"", ""gsm"": false, ""kor"": false, ""soa"": false, ""wrt"": false, ""zgr"": false, ""entw"": ""LF"", ""gabe"": ""Der Gutachterausschuss für Grundstückswerte im Kreis Heinsberg"", ""jahr"": ""2025"", ""nuta"": ""F"", ""stag"": ""2022-01-01"", ""farbe"": ""4"", ""anl_txt"": ""UNDEFINED"", ""flaeche"": 22.3747095009429, ""prozent"": 100.00, ""entw_txt"": ""Fläche der Land- und Forstwirtschaft"", ""nuta_txt"": ""forstwirtschaftliche Fläche"", ""farbe_txt"": ""Forstwirtschaft"", ""flaeche_amtl"": 23.0}, {""anl"": """", ""bko"": """", ""brw"": 85, ""dat"": ""0001-01-01 BC"", ""gsm"": false, ""kor"": false, ""soa"": false, ""wrt"": false, ""zgr"": false, ""entw"": ""B"", ""gabe"": ""Der Gutachterausschuss für Grundstückswerte im Kreis Heinsberg"", ""jahr"": ""2025"", ""nuta"": ""W"", ""stag"": ""2022-01-01"", ""farbe"": ""6"", ""anl_txt"": ""UNDEFINED"", ""flaeche"": 22.3747095009429, ""prozent"": 100.00, ""entw_txt"": ""Baureifes Land"", ""nuta_txt"": ""Wohnbaufläche"", ""farbe_txt"": ""Außenbereich"", ""flaeche_amtl"": 23.0}]";22.3747095009429;NULL
190;DENW43AL0001aeYT;05453906701332______;NULL;NULL;NULL;NULL;NULL;NULL;Wegberg;Wegberg;054539;"[""0545390011688"",""0545390011689"",""0545390011690"",""0545390011691"",""0545390011692"",""0545390011693"",""0545390011694"",""0545390011695"",""0545390011696"",""0545390011697"",""0545390011698"",""0545390011699"",""0545390011700"",""0545390011701"",""0545390011702""]";67;1332;NULL;7.0;2024-02-19 07:14:02+01;01.01.2025;Landrat des Kreises Heinsberg;Vermessungs- und Katasteramt;NULL;NULL;NULL;NULL;NULL;NULL;NULL;NULL;NULL;NULL;NULL;NULL;NULL;NULL;60;0.60;7;"[{""m2"": 7, ""emz"": null, ""katasterklassifikation"": ""Wohnbaufläche""}]";"[{""anl"": """", ""bko"": """", ""brw"": 260, ""dat"": ""0001-01-01 BC"", ""gsm"": false, ""kor"": false, ""soa"": false, ""wrt"": false, ""zgr"": false, ""entw"": ""B"", ""gabe"": ""Der Gutachterausschuss für Grundstückswerte im Kreis Heinsberg"", ""jahr"": ""2025"", ""nuta"": ""W"", ""stag"": ""2022-01-01"", ""farbe"": ""1"", ""anl_txt"": ""UNDEFINED"", ""flaeche"": 7.31165600040967, ""prozent"": 100.00, ""entw_txt"": ""Baureifes Land"", ""nuta_txt"": ""Wohnbaufläche"", ""farbe_txt"": ""Ein-/Zweigeschossig"", ""flaeche_amtl"": 7.0}]";7.31165600040967;NULL
191;DENW20AL000065Pi;05310600401346______;NULL;NULL;NULL;NULL;NULL;NULL;Düsseldorf;Garath;053106;"[""0531060002917"",""0531060002918"",""0531060002919"",""0531060002920"",""0531060002921"",""0531060002922"",""0531060002923"",""0531060002924""]";4;1346;NULL;81.0;2024-02-26 14:13:38+01;01.01.2025;Oberbürgermeister der Stadt Düsseldorf;Vermessungs- und Katasteramt;NULL;NULL;NULL;NULL;NULL;NULL;NULL;NULL;NULL;NULL;NULL;NULL;NULL;NULL;52;0.52;81;"[{""m2"": 81, ""emz"": null, ""katasterklassifikation"": ""Weg""}]";"[{""anl"": """", ""bko"": """", ""brw"": 690, ""dat"": ""0001-01-01 BC"", ""gsm"": false, ""kor"": false, ""soa"": false, ""wrt"": false, ""zgr"": false, ""entw"": ""B"", ""gabe"": ""Der Gutachterausschuss für Grundstückswerte in der Landeshauptstadt Düsseldorf"", ""jahr"": ""2025"", ""nuta"": ""WR"", ""stag"": ""2022-01-01"", ""farbe"": ""1"", ""anl_txt"": ""UNDEFINED"", ""flaeche"": 80.8450039999395, ""prozent"": 100.00, ""entw_txt"": ""Baureifes Land"", ""nuta_txt"": ""reines Wohngebiet"", ""farbe_txt"": ""Ein-/Zweigeschossig"", ""flaeche_amtl"": 81.0}, {""anl"": """", ""bko"": """", ""brw"": 820, ""dat"": ""0001-01-01 BC"", ""gsm"": false, ""kor"": false, ""soa"": false, ""wrt"": false, ""zgr"": false, ""entw"": ""B"", ""gabe"": ""Der Gutachterausschuss für Grundstückswerte in der Landeshauptstadt Düsseldorf"", ""jahr"": ""2025"", ""nuta"": ""W"", ""stag"": ""2022-01-01"", ""farbe"": ""2"", ""anl_txt"": ""UNDEFINED"", ""flaeche"": 80.8450039999395, ""prozent"": 100.00, ""entw_txt"": ""Baureifes Land"", ""nuta_txt"": ""Wohnbaufläche"", ""farbe_txt"": ""Misch-/Mehrgeschossig"", ""flaeche_amtl"": 81.0}]";80.8450039999395;NULL
192;DENW11AL0001eLoR;05107801900322______;NULL;NULL;NULL;NULL;NULL;NULL;Warstein;Warstein;051078;"[""0510780000694""]";19;322;NULL;136.0;2024-02-22 11:16:55+01;01.01.2025;Landrätin des Kreises Soest;Abteilung Liegenschaftskataster und Vermessung;136;49;NULL;NULL;NULL;NULL;NULL;NULL;NULL;136;49;NULL;NULL;NULL;38;0.38;136;NULL;"[{""anl"": """", ""bko"": """", ""brw"": 1, ""dat"": ""0001-01-01 BC"", ""gsm"": false, ""kor"": false, ""soa"": false, ""wrt"": false, ""zgr"": false, ""entw"": ""LF"", ""gabe"": ""Der Gutachterausschuss für Grundstückswerte im Kreis Soest"", ""jahr"": ""2025"", ""nuta"": ""F"", ""stag"": ""2022-01-01"", ""farbe"": ""4"", ""anl_txt"": ""UNDEFINED"", ""flaeche"": 147.13203399577, ""prozent"": 100.00, ""entw_txt"": ""Fläche der Land- und Forstwirtschaft"", ""nuta_txt"": ""forstwirtschaftliche Fläche"", ""farbe_txt"": ""Forstwirtschaft"", ""flaeche_amtl"": 136.0}, {""anl"": """", ""bko"": """", ""brw"": 2.7, ""dat"": ""0001-01-01 BC"", ""gsm"": false, ""kor"": false, ""soa"": false, ""wrt"": false, ""zgr"": false, ""entw"": ""LF"", ""gabe"": ""Der Gutachterausschuss für Grundstückswerte im Kreis Soest"", ""jahr"": ""2025"", ""nuta"": ""GR"", ""stag"": ""2022-01-01"", ""farbe"": ""5"", ""anl_txt"": ""UNDEFINED"", ""flaeche"": 147.13203399577, ""prozent"": 100.00, ""entw_txt"": ""Fläche der Land- und Forstwirtschaft"", ""nuta_txt"": ""Grünland"", ""farbe_txt"": ""Landwirtschaft"", ""flaeche_amtl"": 136.0}, {""anl"": """", ""bko"": """", ""brw"": 4, ""dat"": ""0001-01-01 BC"", ""gsm"": false, ""kor"": false, ""soa"": false, ""wrt"": false, ""zgr"": false, ""entw"": ""LF"", ""gabe"": ""Der Gutachterausschuss für Grundstückswerte im Kreis Soest"", ""jahr"": ""2025"", ""nuta"": ""A"", ""stag"": ""2022-01-01"", ""farbe"": ""5"", ""anl_txt"": ""UNDEFINED"", ""flaeche"": 147.13203399577, ""prozent"": 100.00, ""entw_txt"": ""Fläche der Land- und Forstwirtschaft"", ""nuta_txt"": ""Acker"", ""farbe_txt"": ""Landwirtschaft"", ""flaeche_amtl"": 136.0}, {""anl"": """", ""bko"": """", ""brw"": 35, ""dat"": ""0001-01-01 BC"", ""gsm"": false, ""kor"": false, ""soa"": false, ""wrt"": false, ""zgr"": false, ""entw"": ""B"", ""gabe"": ""Der Gutachterausschuss für Grundstückswerte im Kreis Soest"", ""jahr"": ""2025"", ""nuta"": ""W"", ""stag"": ""2022-01-01"", ""farbe"": ""6"", ""anl_txt"": ""UNDEFINED"", ""flaeche"": 147.13203399577, ""prozent"": 100.00, ""entw_txt"": ""Baureifes Land"", ""nuta_txt"": ""Wohnbaufläche"", ""farbe_txt"": ""Außenbereich"", ""flaeche_amtl"": 136.0}]";147.13203399577;NULL
193;DENW43AL0000OkuI;05455304200248______;NULL;NULL;NULL;NULL;NULL;NULL;Übach-Palenberg;Übach-Palenberg;054553;"[""0545530009898""]";42;248;NULL;185.0;2024-02-15 09:16:08+01;01.01.2025;Landrat des Kreises Heinsberg;Vermessungs- und Katasteramt;NULL;NULL;NULL;NULL;NULL;NULL;NULL;NULL;NULL;NULL;NULL;NULL;NULL;NULL;80;0.80;185;"[{""m2"": 185, ""emz"": null, ""katasterklassifikation"": ""Wohnbaufläche""}]";"[{""anl"": """", ""bko"": """", ""brw"": 0.5, ""dat"": ""0001-01-01 BC"", ""gsm"": false, ""kor"": false, ""soa"": false, ""wrt"": false, ""zgr"": false, ""entw"": ""LF"", ""gabe"": ""Der Gutachterausschuss für Grundstückswerte im Kreis Heinsberg"", ""jahr"": ""2025"", ""nuta"": ""F"", ""stag"": ""2022-01-01"", ""farbe"": ""4"", ""anl_txt"": ""UNDEFINED"", ""flaeche"": 111.306878158047, ""prozent"": 60.06093885263816221900, ""entw_txt"": ""Fläche der Land- und Forstwirtschaft"", ""nuta_txt"": ""forstwirtschaftliche Fläche"", ""farbe_txt"": ""Forstwirtschaft"", ""flaeche_amtl"": 111.112736877380600105150}, {""anl"": """", ""bko"": """", ""brw"": 8.2, ""dat"": ""0001-01-01 BC"", ""gsm"": false, ""kor"": false, ""soa"": false, ""wrt"": false, ""zgr"": false, ""entw"": ""LF"", ""gabe"": ""Der Gutachterausschuss für Grundstückswerte im Kreis Heinsberg"", ""jahr"": ""2025"", ""nuta"": ""L"", ""stag"": ""2022-01-01"", ""farbe"": ""5"", ""anl_txt"": ""UNDEFINED"", ""flaeche"": 111.306878158047, ""prozent"": 60.06093885263816221900, ""entw_txt"": ""Fläche der Land- und Forstwirtschaft"", ""nuta_txt"": ""landwirtschaftliche Fläche"", ""farbe_txt"": ""Landwirtschaft"", ""flaeche_amtl"": 111.112736877380600105150}, {""anl"": """", ""bko"": """", ""brw"": 90, ""dat"": ""0001-01-01 BC"", ""gsm"": false, ""kor"": false, ""soa"": false, ""wrt"": false, ""zgr"": false, ""entw"": ""B"", ""gabe"": ""Der Gutachterausschuss für Grundstückswerte im Kreis Heinsberg"", ""jahr"": ""2025"", ""nuta"": ""W"", ""stag"": ""2022-01-01"", ""farbe"": ""6"", ""anl_txt"": ""UNDEFINED"", ""flaeche"": 111.306878158047, ""prozent"": 60.06093885263816221900, ""entw_txt"": ""Baureifes Land"", ""nuta_txt"": ""Wohnbaufläche"", ""farbe_txt"": ""Außenbereich"", ""flaeche_amtl"": 111.112736877380600105150}, {""anl"": """", ""bko"": """", ""brw"": 160, ""dat"": ""0001-01-01 BC"", ""gsm"": false, ""kor"": false, ""soa"": false, ""wrt"": false, ""zgr"": false, ""entw"": ""B"", ""gabe"": ""Der Gutachterausschuss für Grundstückswerte im Kreis Heinsberg"", ""jahr"": ""2025"", ""nuta"": ""MD"", ""stag"": ""2022-01-01"", ""farbe"": ""1"", ""anl_txt"": ""UNDEFINED"", ""flaeche"": 74.0163623983824, ""prozent"": 39.93906117636057526000, ""entw_txt"": ""Baureifes Land"", ""nuta_txt"": ""Dorfgebiet"", ""farbe_txt"": ""Ein-/Zweigeschossig"", ""flaeche_amtl"": 73.887263176267064231000}]";185.323240502688;NULL
194;DENW20AL0000667F;05310600501456______;NULL;NULL;NULL;NULL;NULL;NULL;Düsseldorf;Garath;053106;"[""0531060000605""]";5;1456;NULL;43913.0;2024-02-26 14:13:38+01;01.01.2025;Oberbürgermeister der Stadt Düsseldorf;Vermessungs- und Katasteramt;NULL;NULL;NULL;NULL;NULL;NULL;NULL;NULL;NULL;NULL;NULL;NULL;NULL;NULL;52;0.52;43913;"[{""m2"": 16350, ""emz"": null, ""katasterklassifikation"": ""Straßenverkehr""}, {""m2"": 1065, ""emz"": null, ""katasterklassifikation"": ""Weg""}, {""m2"": 75, ""emz"": null, ""katasterklassifikation"": ""Handel und Dienstleistung""}, {""m2"": 26421, ""emz"": null, ""katasterklassifikation"": ""Verkehrsbegleitfläche Straße""}]";"[{""anl"": """", ""bko"": """", ""brw"": 710, ""dat"": ""0001-01-01 BC"", ""gsm"": false, ""kor"": false, ""soa"": false, ""wrt"": false, ""zgr"": false, ""entw"": ""B"", ""gabe"": ""Der Gutachterausschuss für Grundstückswerte in der Landeshauptstadt Düsseldorf"", ""jahr"": ""2025"", ""nuta"": ""WR"", ""stag"": ""2022-01-01"", ""farbe"": ""1"", ""anl_txt"": ""UNDEFINED"", ""flaeche"": 43931.1121324792, ""prozent"": 100.00, ""entw_txt"": ""Baureifes Land"", ""nuta_txt"": ""reines Wohngebiet"", ""farbe_txt"": ""Ein-/Zweigeschossig"", ""flaeche_amtl"": 43913.0}, {""anl"": """", ""bko"": """", ""brw"": 830, ""dat"": ""0001-01-01 BC"", ""gsm"": false, ""kor"": false, ""soa"": false, ""wrt"": false, ""zgr"": false, ""entw"": ""B"", ""gabe"": ""Der Gutachterausschuss für Grundstückswerte in der Landeshauptstadt Düsseldorf"", ""jahr"": ""2025"", ""nuta"": ""W"", ""stag"": ""2022-01-01"", ""farbe"": ""2"", ""anl_txt"": ""UNDEFINED"", ""flaeche"": 43931.1121324792, ""prozent"": 100.00, ""entw_txt"": ""Baureifes Land"", ""nuta_txt"": ""Wohnbaufläche"", ""farbe_txt"": ""Misch-/Mehrgeschossig"", ""flaeche_amtl"": 43913.0}]";43931.1121324792;NULL
195;DENW20AL00008EKJ;05310900900083______;NULL;uneindeutig;uneindeutig;uneindeutig;40595;Düsseldorf;Düsseldorf;Urdenbach;053109;"[""0531090002802""]";9;83;NULL;29028.0;2024-02-26 14:13:38+01;01.01.2025;Oberbürgermeister der Stadt Düsseldorf;Vermessungs- und Katasteramt;NULL;NULL;NULL;NULL;NULL;NULL;NULL;NULL;NULL;NULL;NULL;NULL;NULL;NULL;65;0.65;29028;"[{""m2"": 21, ""emz"": null, ""katasterklassifikation"": ""Straßenverkehr""}, {""m2"": 333, ""emz"": null, ""katasterklassifikation"": ""Verkehrsbegleitfläche Straße""}, {""m2"": 28675, ""emz"": null, ""katasterklassifikation"": ""Wohnbaufläche""}]";"[{""anl"": """", ""bko"": """", ""brw"": 800, ""dat"": ""0001-01-01 BC"", ""gsm"": false, ""kor"": false, ""soa"": false, ""wrt"": false, ""zgr"": false, ""entw"": ""B"", ""gabe"": ""Der Gutachterausschuss für Grundstückswerte in der Landeshauptstadt Düsseldorf"", ""jahr"": ""2025"", ""nuta"": ""W"", ""stag"": ""2022-01-01"", ""farbe"": ""2"", ""anl_txt"": ""UNDEFINED"", ""flaeche"": 29026.4516429625, ""prozent"": 100.00, ""entw_txt"": ""Baureifes Land"", ""nuta_txt"": ""Wohnbaufläche"", ""farbe_txt"": ""Misch-/Mehrgeschossig"", ""flaeche_amtl"": 29028.0}]";29026.4516429625;NULL
196;DENW20AL00008Emh;05310900600138______;NULL;NULL;NULL;NULL;NULL;NULL;Düsseldorf;Urdenbach;053109;"[""0531090004345""]";6;138;NULL;12.0;2024-02-26 14:13:38+01;01.01.2025;Oberbürgermeister der Stadt Düsseldorf;Vermessungs- und Katasteramt;NULL;NULL;NULL;NULL;NULL;NULL;NULL;NULL;NULL;NULL;NULL;NULL;NULL;NULL;65;0.65;12;"[{""m2"": 12, ""emz"": null, ""katasterklassifikation"": ""Fläche besonderer funktionaler Prägung""}]";"[{""anl"": """", ""bko"": """", ""brw"": 1100, ""dat"": ""0001-01-01 BC"", ""gsm"": false, ""kor"": false, ""soa"": false, ""wrt"": false, ""zgr"": false, ""entw"": ""B"", ""gabe"": ""Der Gutachterausschuss für Grundstückswerte in der Landeshauptstadt Düsseldorf"", ""jahr"": ""2025"", ""nuta"": ""W"", ""stag"": ""2022-01-01"", ""farbe"": ""2"", ""anl_txt"": ""UNDEFINED"", ""flaeche"": 12.5226195005068, ""prozent"": 100.00, ""entw_txt"": ""Baureifes Land"", ""nuta_txt"": ""Wohnbaufläche"", ""farbe_txt"": ""Misch-/Mehrgeschossig"", ""flaeche_amtl"": 12.0}]";12.5226195005068;NULL
197;DENW14AL0000S1F3;05254801700039______;NULL;NULL;NULL;NULL;NULL;NULL;Rietberg;Varensell;052548;"[""0525410090041""]";17;39;NULL;2978.0;2023-10-31 08:47:22+01;01.01.2025;Landrat des Kreises Gütersloh;Geoinformation, Kataster und Vermessung;NULL;NULL;NULL;NULL;NULL;NULL;NULL;NULL;NULL;NULL;NULL;60;972;1032;30;0.30;2978;"[{""m2"": 1946, ""emz"": null, ""katasterklassifikation"": ""Bach""}]";"[{""anl"": """", ""bko"": """", ""brw"": 120, ""dat"": ""0001-01-01 BC"", ""gsm"": false, ""kor"": false, ""soa"": false, ""wrt"": false, ""zgr"": false, ""entw"": ""B"", ""gabe"": ""Der Gutachterausschuss für Grundstückswerte im Kreis Gütersloh und in der Stadt Gütersloh"", ""jahr"": ""2025"", ""nuta"": ""W"", ""stag"": ""2022-01-01"", ""farbe"": ""6"", ""anl_txt"": ""UNDEFINED"", ""flaeche"": 2975.65696999683, ""prozent"": 100.00, ""entw_txt"": ""Baureifes Land"", ""nuta_txt"": ""Wohnbaufläche"", ""farbe_txt"": ""Außenbereich"", ""flaeche_amtl"": 2978.0}, {""anl"": """", ""bko"": """", ""brw"": 9.5, ""dat"": ""0001-01-01 BC"", ""gsm"": false, ""kor"": false, ""soa"": false, ""wrt"": false, ""zgr"": false, ""entw"": ""LF"", ""gabe"": ""Der Gutachterausschuss für Grundstückswerte im Kreis Gütersloh und in der Stadt Gütersloh"", ""jahr"": ""2025"", ""nuta"": ""A"", ""stag"": ""2022-01-01"", ""farbe"": ""5"", ""anl_txt"": ""UNDEFINED"", ""flaeche"": 2975.65696999683, ""prozent"": 100.00, ""entw_txt"": ""Fläche der Land- und Forstwirtschaft"", ""nuta_txt"": ""Acker"", ""farbe_txt"": ""Landwirtschaft"", ""flaeche_amtl"": 2978.0}, {""anl"": """", ""bko"": """", ""brw"": 5, ""dat"": ""0001-01-01 BC"", ""gsm"": false, ""kor"": false, ""soa"": false, ""wrt"": false, ""zgr"": false, ""entw"": ""LF"", ""gabe"": ""Der Gutachterausschuss für Grundstückswerte im Kreis Gütersloh und in der Stadt Gütersloh"", ""jahr"": ""2025"", ""nuta"": ""GR"", ""stag"": ""2022-01-01"", ""farbe"": ""5"", ""anl_txt"": ""UNDEFINED"", ""flaeche"": 2975.65696999683, ""prozent"": 100.00, ""entw_txt"": ""Fläche der Land- und Forstwirtschaft"", ""nuta_txt"": ""Grünland"", ""farbe_txt"": ""Landwirtschaft"", ""flaeche_amtl"": 2978.0}, {""anl"": """", ""bko"": """", ""brw"": 1, ""dat"": ""0001-01-01 BC"", ""gsm"": false, ""kor"": false, ""soa"": false, ""wrt"": false, ""zgr"": false, ""entw"": ""LF"", ""gabe"": ""Der Gutachterausschuss für Grundstückswerte im Kreis Gütersloh und in der Stadt Gütersloh"", ""jahr"": ""2025"", ""nuta"": ""F"", ""stag"": ""2022-01-01"", ""farbe"": ""4"", ""anl_txt"": ""UNDEFINED"", ""flaeche"": 2975.65696999683, ""prozent"": 100.00, ""entw_txt"": ""Fläche der Land- und Forstwirtschaft"", ""nuta_txt"": ""forstwirtschaftliche Fläche"", ""farbe_txt"": ""Forstwirtschaft"", ""flaeche_amtl"": 2978.0}, {""anl"": """", ""bko"": """", ""brw"": 23, ""dat"": ""0001-01-01 BC"", ""gsm"": false, ""kor"": false, ""soa"": false, ""wrt"": false, ""zgr"": false, ""entw"": ""B"", ""gabe"": ""Der Gutachterausschuss für Grundstückswerte im Kreis Gütersloh und in der Stadt Gütersloh"", ""jahr"": ""2025"", ""nuta"": ""G"", ""stag"": ""2022-01-01"", ""farbe"": ""6"", ""anl_txt"": ""UNDEFINED"", ""flaeche"": 2975.65696999683, ""prozent"": 100.00, ""entw_txt"": ""Baureifes Land"", ""nuta_txt"": ""gewerbliche Baufläche"", ""farbe_txt"": ""Außenbereich"", ""flaeche_amtl"": 2978.0}]";2975.65696999683;NULL
198;DENW34AL0000byP1;05329502700100______;NULL;NULL;NULL;NULL;NULL;NULL;Kamp-Lintfort;Kamp;053295;"[""0532950099005""]";27;100;NULL;843.0;2023-12-01 08:04:56+01;01.01.2025;Landrat des Kreises Wesel;Vermessungs- und Katasteramt;843;515;NULL;NULL;NULL;NULL;NULL;NULL;NULL;843;515;NULL;NULL;NULL;51;0.51;843;NULL;"[{""anl"": """", ""bko"": """", ""brw"": 120, ""dat"": ""0001-01-01 BC"", ""gsm"": false, ""kor"": false, ""soa"": false, ""wrt"": false, ""zgr"": false, ""entw"": ""B"", ""gabe"": ""Der Gutachterausschuss für Grundstückswerte im Kreis Wesel"", ""jahr"": ""2025"", ""nuta"": ""W"", ""stag"": ""2022-01-01"", ""farbe"": ""6"", ""anl_txt"": ""UNDEFINED"", ""flaeche"": 831.127588008526, ""prozent"": 100.00, ""entw_txt"": ""Baureifes Land"", ""nuta_txt"": ""Wohnbaufläche"", ""farbe_txt"": ""Außenbereich"", ""flaeche_amtl"": 843.0}, {""anl"": """", ""bko"": """", ""brw"": 1.1, ""dat"": ""0001-01-01 BC"", ""gsm"": false, ""kor"": false, ""soa"": false, ""wrt"": false, ""zgr"": false, ""entw"": ""LF"", ""gabe"": ""Der Gutachterausschuss für Grundstückswerte im Kreis Wesel"", ""jahr"": ""2025"", ""nuta"": ""F"", ""stag"": ""2022-01-01"", ""farbe"": ""4"", ""anl_txt"": ""UNDEFINED"", ""flaeche"": 831.127588008526, ""prozent"": 100.00, ""entw_txt"": ""Fläche der Land- und Forstwirtschaft"", ""nuta_txt"": ""forstwirtschaftliche Fläche"", ""farbe_txt"": ""Forstwirtschaft"", ""flaeche_amtl"": 843.0}, {""anl"": """", ""bko"": """", ""brw"": 10, ""dat"": ""0001-01-01 BC"", ""gsm"": false, ""kor"": false, ""soa"": false, ""wrt"": false, ""zgr"": false, ""entw"": ""LF"", ""gabe"": ""Der Gutachterausschuss für Grundstückswerte im Kreis Wesel"", ""jahr"": ""2025"", ""nuta"": ""L"", ""stag"": ""2022-01-01"", ""farbe"": ""5"", ""anl_txt"": ""UNDEFINED"", ""flaeche"": 831.127588008526, ""prozent"": 100.00, ""entw_txt"": ""Fläche der Land- und Forstwirtschaft"", ""nuta_txt"": ""landwirtschaftliche Fläche"", ""farbe_txt"": ""Landwirtschaft"", ""flaeche_amtl"": 843.0}]";831.127588008526;NULL
199;DENW34AL0000kWJ8;05333900200842______;NULL;NULL;NULL;NULL;NULL;NULL;Kamp-Lintfort;Lintfort;053339;"[""0533390000054""]";2;842;NULL;3.0;2023-12-01 08:04:56+01;01.01.2025;Landrat des Kreises Wesel;Vermessungs- und Katasteramt;NULL;NULL;NULL;NULL;NULL;NULL;NULL;NULL;NULL;NULL;NULL;NULL;NULL;NULL;52;0.52;3;"[{""m2"": 3, ""emz"": null, ""katasterklassifikation"": ""Wohnbaufläche""}]";"[{""anl"": """", ""bko"": """", ""brw"": 215, ""dat"": ""0001-01-01 BC"", ""gsm"": false, ""kor"": false, ""soa"": false, ""wrt"": false, ""zgr"": false, ""entw"": ""B"", ""gabe"": ""Der Gutachterausschuss für Grundstückswerte im Kreis Wesel"", ""jahr"": ""2025"", ""nuta"": ""W"", ""stag"": ""2022-01-01"", ""farbe"": ""1"", ""anl_txt"": ""UNDEFINED"", ""flaeche"": 2.96892600125404, ""prozent"": 100.00, ""entw_txt"": ""Baureifes Land"", ""nuta_txt"": ""Wohnbaufläche"", ""farbe_txt"": ""Ein-/Zweigeschossig"", ""flaeche_amtl"": 3.0}, {""anl"": """", ""bko"": """", ""brw"": 195, ""dat"": ""0001-01-01 BC"", ""gsm"": false, ""kor"": false, ""soa"": false, ""wrt"": false, ""zgr"": false, ""entw"": ""B"", ""gabe"": ""Der Gutachterausschuss für Grundstückswerte im Kreis Wesel"", ""jahr"": ""2025"", ""nuta"": ""W"", ""stag"": ""2022-01-01"", ""farbe"": ""2"", ""anl_txt"": ""UNDEFINED"", ""flaeche"": 2.96892600125404, ""prozent"": 100.00, ""entw_txt"": ""Baureifes Land"", ""nuta_txt"": ""Wohnbaufläche"", ""farbe_txt"": ""Misch-/Mehrgeschossig"", ""flaeche_amtl"": 3.0}]";2.96892600125404;NULL
200;DENW34AL0000kYye;05333901101048______;NULL;NULL;NULL;NULL;NULL;NULL;Kamp-Lintfort;Lintfort;053339;"[""0533390004970""]";11;1048;NULL;3376.0;2023-12-01 08:04:56+01;01.01.2025;Landrat des Kreises Wesel;Vermessungs- und Katasteramt;NULL;NULL;NULL;NULL;NULL;NULL;NULL;NULL;NULL;NULL;NULL;NULL;NULL;NULL;52;0.52;3376;"[{""m2"": 3376, ""emz"": null, ""katasterklassifikation"": ""Straßenverkehr""}]";"[{""anl"": """", ""bko"": """", ""brw"": 220, ""dat"": ""0001-01-01 BC"", ""gsm"": false, ""kor"": false, ""soa"": false, ""wrt"": false, ""zgr"": false, ""entw"": ""B"", ""gabe"": ""Der Gutachterausschuss für Grundstückswerte im Kreis Wesel"", ""jahr"": ""2025"", ""nuta"": ""MI/W"", ""stag"": ""2022-01-01"", ""farbe"": ""1"", ""anl_txt"": ""UNDEFINED"", ""flaeche"": 3375.71078952405, ""prozent"": 100.00, ""entw_txt"": ""Baureifes Land"", ""nuta_txt"": ""Mischgebiet; Wohnbaufläche"", ""farbe_txt"": ""Ein-/Zweigeschossig"", ""flaeche_amtl"": 3376.0}]";3375.71078952405;NULL
201;DENW28AL00003Ggd;05341405900383______;NULL;NULL;NULL;NULL;NULL;NULL;Solingen;Höhscheid;053414;"[""0534140000059""]";59;383;NULL;1863.0;2024-02-05 10:33:03+01;01.01.2025;Oberbürgermeister der Klingenstadt Solingen;Stadtdienst Vermessung und Kataster;NULL;NULL;NULL;NULL;NULL;NULL;NULL;NULL;NULL;NULL;NULL;NULL;107;107;55;0.55;1863;"[{""m2"": 1756, ""emz"": null, ""katasterklassifikation"": ""Straßenverkehr""}]";"[{""anl"": """", ""bko"": """", ""brw"": 415, ""dat"": ""0001-01-01 BC"", ""gsm"": false, ""kor"": false, ""soa"": false, ""wrt"": false, ""zgr"": false, ""entw"": ""B"", ""gabe"": ""Der Gutachterausschuss für Grundstückswerte in der Klingenstadt Solingen"", ""jahr"": ""2025"", ""nuta"": ""W"", ""stag"": ""2022-01-01"", ""farbe"": ""1"", ""anl_txt"": ""UNDEFINED"", ""flaeche"": 1838.23377880382, ""prozent"": 98.51847081292152699300, ""entw_txt"": ""Baureifes Land"", ""nuta_txt"": ""Wohnbaufläche"", ""farbe_txt"": ""Ein-/Zweigeschossig"", ""flaeche_amtl"": 1835.399111244728047879590}, {""anl"": """", ""bko"": """", ""brw"": 320, ""dat"": ""0001-01-01 BC"", ""gsm"": false, ""kor"": false, ""soa"": false, ""wrt"": false, ""zgr"": false, ""entw"": ""B"", ""gabe"": ""Der Gutachterausschuss für Grundstückswerte in der Klingenstadt Solingen"", ""jahr"": ""2025"", ""nuta"": ""MI"", ""stag"": ""2022-01-01"", ""farbe"": ""1"", ""anl_txt"": ""UNDEFINED"", ""flaeche"": 27.5849757899402, ""prozent"": 1.47839173862031474900, ""entw_txt"": ""Baureifes Land"", ""nuta_txt"": ""Mischgebiet"", ""farbe_txt"": ""Ein-/Zweigeschossig"", ""flaeche_amtl"": 27.542438090496463773870}]";1865.8772955322;NULL
202;DENW43AL0000ikXb;05456600500070______;NULL;NULL;NULL;NULL;NULL;NULL;Geilenkirchen;Teveren;054566;"[""0545660000032""]";5;70;NULL;8880.0;2024-02-02 07:06:28+01;01.01.2025;Landrat des Kreises Heinsberg;Vermessungs- und Katasteramt;8880;6571;NULL;NULL;NULL;NULL;NULL;NULL;NULL;8880;6571;NULL;NULL;NULL;64;0.64;8880;NULL;"[{""anl"": """", ""bko"": """", ""brw"": 0.5, ""dat"": ""0001-01-01 BC"", ""gsm"": false, ""kor"": false, ""soa"": false, ""wrt"": false, ""zgr"": false, ""entw"": ""LF"", ""gabe"": ""Der Gutachterausschuss für Grundstückswerte im Kreis Heinsberg"", ""jahr"": ""2025"", ""nuta"": ""F"", ""stag"": ""2022-01-01"", ""farbe"": ""4"", ""anl_txt"": ""UNDEFINED"", ""flaeche"": 8882.0355629907, ""prozent"": 100.00, ""entw_txt"": ""Fläche der Land- und Forstwirtschaft"", ""nuta_txt"": ""forstwirtschaftliche Fläche"", ""farbe_txt"": ""Forstwirtschaft"", ""flaeche_amtl"": 8880.0}, {""anl"": """", ""bko"": """", ""brw"": 6.6, ""dat"": ""0001-01-01 BC"", ""gsm"": false, ""kor"": false, ""soa"": false, ""wrt"": false, ""zgr"": false, ""entw"": ""LF"", ""gabe"": ""Der Gutachterausschuss für Grundstückswerte im Kreis Heinsberg"", ""jahr"": ""2025"", ""nuta"": ""L"", ""stag"": ""2022-01-01"", ""farbe"": ""5"", ""anl_txt"": ""UNDEFINED"", ""flaeche"": 8882.0355629907, ""prozent"": 100.00, ""entw_txt"": ""Fläche der Land- und Forstwirtschaft"", ""nuta_txt"": ""landwirtschaftliche Fläche"", ""farbe_txt"": ""Landwirtschaft"", ""flaeche_amtl"": 8880.0}, {""anl"": """", ""bko"": """", ""brw"": 75, ""dat"": ""0001-01-01 BC"", ""gsm"": false, ""kor"": false, ""soa"": false, ""wrt"": false, ""zgr"": false, ""entw"": ""B"", ""gabe"": ""Der Gutachterausschuss für Grundstückswerte im Kreis Heinsberg"", ""jahr"": ""2025"", ""nuta"": ""W"", ""stag"": ""2022-01-01"", ""farbe"": ""6"", ""anl_txt"": ""UNDEFINED"", ""flaeche"": 8882.0355629907, ""prozent"": 100.00, ""entw_txt"": ""Baureifes Land"", ""nuta_txt"": ""Wohnbaufläche"", ""farbe_txt"": ""Außenbereich"", ""flaeche_amtl"": 8880.0}]";8882.0355629907;NULL
203;DENW43AL0000ikXm;05456600600011______;NULL;NULL;NULL;NULL;NULL;NULL;Geilenkirchen;Teveren;054566;"[""0545660000405""]";6;11;NULL;518.0;2024-02-02 07:06:28+01;01.01.2025;Landrat des Kreises Heinsberg;Vermessungs- und Katasteramt;518;357;NULL;NULL;NULL;NULL;NULL;NULL;NULL;518;357;NULL;NULL;NULL;64;0.64;518;NULL;"[{""anl"": """", ""bko"": """", ""brw"": 75, ""dat"": ""0001-01-01 BC"", ""gsm"": false, ""kor"": false, ""soa"": false, ""wrt"": false, ""zgr"": false, ""entw"": ""B"", ""gabe"": ""Der Gutachterausschuss für Grundstückswerte im Kreis Heinsberg"", ""jahr"": ""2025"", ""nuta"": ""W"", ""stag"": ""2022-01-01"", ""farbe"": ""6"", ""anl_txt"": ""UNDEFINED"", ""flaeche"": 517.783867528939, ""prozent"": 100.00, ""entw_txt"": ""Baureifes Land"", ""nuta_txt"": ""Wohnbaufläche"", ""farbe_txt"": ""Außenbereich"", ""flaeche_amtl"": 518.0}, {""anl"": """", ""bko"": """", ""brw"": 0.5, ""dat"": ""0001-01-01 BC"", ""gsm"": false, ""kor"": false, ""soa"": false, ""wrt"": false, ""zgr"": false, ""entw"": ""LF"", ""gabe"": ""Der Gutachterausschuss für Grundstückswerte im Kreis Heinsberg"", ""jahr"": ""2025"", ""nuta"": ""F"", ""stag"": ""2022-01-01"", ""farbe"": ""4"", ""anl_txt"": ""UNDEFINED"", ""flaeche"": 517.783867528939, ""prozent"": 100.00, ""entw_txt"": ""Fläche der Land- und Forstwirtschaft"", ""nuta_txt"": ""forstwirtschaftliche Fläche"", ""farbe_txt"": ""Forstwirtschaft"", ""flaeche_amtl"": 518.0}, {""anl"": """", ""bko"": """", ""brw"": 6.6, ""dat"": ""0001-01-01 BC"", ""gsm"": false, ""kor"": false, ""soa"": false, ""wrt"": false, ""zgr"": false, ""entw"": ""LF"", ""gabe"": ""Der Gutachterausschuss für Grundstückswerte im Kreis Heinsberg"", ""jahr"": ""2025"", ""nuta"": ""L"", ""stag"": ""2022-01-01"", ""farbe"": ""5"", ""anl_txt"": ""UNDEFINED"", ""flaeche"": 517.783867528939, ""prozent"": 100.00, ""entw_txt"": ""Fläche der Land- und Forstwirtschaft"", ""nuta_txt"": ""landwirtschaftliche Fläche"", ""farbe_txt"": ""Landwirtschaft"", ""flaeche_amtl"": 518.0}]";517.783867528939;NULL
204;DENW43AL0000il2w;05456600800119______;NULL;Hinter den Höfen;114;NULL;52511;Geilenkirchen;Geilenkirchen;Teveren;054566;"[""0545660002106""]";8;119;NULL;467.0;2024-02-02 07:06:28+01;01.01.2025;Landrat des Kreises Heinsberg;Vermessungs- und Katasteramt;NULL;NULL;NULL;NULL;NULL;NULL;NULL;NULL;NULL;NULL;NULL;NULL;NULL;NULL;64;0.64;467;"[{""m2"": 467, ""emz"": null, ""katasterklassifikation"": ""Wohnbaufläche""}]";"[{""anl"": """", ""bko"": """", ""brw"": 140, ""dat"": ""0001-01-01 BC"", ""gsm"": false, ""kor"": false, ""soa"": false, ""wrt"": false, ""zgr"": false, ""entw"": ""B"", ""gabe"": ""Der Gutachterausschuss für Grundstückswerte im Kreis Heinsberg"", ""jahr"": ""2025"", ""nuta"": ""MD"", ""stag"": ""2022-01-01"", ""farbe"": ""1"", ""anl_txt"": ""UNDEFINED"", ""flaeche"": 467.208015494597, ""prozent"": 100.00, ""entw_txt"": ""Baureifes Land"", ""nuta_txt"": ""Dorfgebiet"", ""farbe_txt"": ""Ein-/Zweigeschossig"", ""flaeche_amtl"": 467.0}]";467.208015494597;NULL
205;DENW43AL0000ilg2;05456601300143______;NULL;NULL;NULL;NULL;NULL;NULL;Geilenkirchen;Teveren;054566;"[""0545660001234"",""0545660001235"",""0545660001236"",""0545660001237"",""0545660001238"",""0545660001239""]";13;143;NULL;21.0;2024-02-02 07:06:28+01;01.01.2025;Landrat des Kreises Heinsberg;Vermessungs- und Katasteramt;NULL;NULL;NULL;NULL;NULL;NULL;NULL;NULL;NULL;NULL;NULL;NULL;NULL;NULL;64;0.64;21;"[{""m2"": 21, ""emz"": null, ""katasterklassifikation"": ""Wohnbaufläche""}]";"[{""anl"": """", ""bko"": """", ""brw"": 140, ""dat"": ""0001-01-01 BC"", ""gsm"": false, ""kor"": false, ""soa"": false, ""wrt"": false, ""zgr"": false, ""entw"": ""B"", ""gabe"": ""Der Gutachterausschuss für Grundstückswerte im Kreis Heinsberg"", ""jahr"": ""2025"", ""nuta"": ""MD"", ""stag"": ""2022-01-01"", ""farbe"": ""1"", ""anl_txt"": ""UNDEFINED"", ""flaeche"": 21.4217395010671, ""prozent"": 100.00, ""entw_txt"": ""Baureifes Land"", ""nuta_txt"": ""Dorfgebiet"", ""farbe_txt"": ""Ein-/Zweigeschossig"", ""flaeche_amtl"": 21.0}]";21.4217395010671;NULL
206;DENW43AL0000ilpu;05456601900921______;NULL;NULL;NULL;NULL;NULL;NULL;Geilenkirchen;Teveren;054566;"[""0545660001058""]";19;921;NULL;30.0;2024-02-02 07:06:28+01;01.01.2025;Landrat des Kreises Heinsberg;Vermessungs- und Katasteramt;NULL;NULL;NULL;NULL;NULL;NULL;NULL;NULL;NULL;NULL;NULL;NULL;NULL;NULL;64;0.64;30;"[{""m2"": 30, ""emz"": null, ""katasterklassifikation"": ""Fläche besonderer funktionaler Prägung""}]";"[{""anl"": """", ""bko"": """", ""brw"": 105, ""dat"": ""0001-01-01 BC"", ""gsm"": false, ""kor"": false, ""soa"": false, ""wrt"": false, ""zgr"": false, ""entw"": ""B"", ""gabe"": ""Der Gutachterausschuss für Grundstückswerte im Kreis Heinsberg"", ""jahr"": ""2025"", ""nuta"": ""MD"", ""stag"": ""2022-01-01"", ""farbe"": ""1"", ""anl_txt"": ""UNDEFINED"", ""flaeche"": 30.4493944976686, ""prozent"": 100.00, ""entw_txt"": ""Baureifes Land"", ""nuta_txt"": ""Dorfgebiet"", ""farbe_txt"": ""Ein-/Zweigeschossig"", ""flaeche_amtl"": 30.0}]";30.4493944976686;NULL
207;DENW28AL00007vGO;05341609000068______;NULL;NULL;NULL;NULL;NULL;NULL;Solingen;Ohligs;053416;"[""0534160000090""]";90;68;NULL;6058.0;2024-02-05 10:33:03+01;01.01.2025;Oberbürgermeister der Klingenstadt Solingen;Stadtdienst Vermessung und Kataster;NULL;NULL;NULL;NULL;NULL;NULL;NULL;NULL;NULL;NULL;NULL;241;NULL;241;55;0.55;6058;"[{""m2"": 132, ""emz"": null, ""katasterklassifikation"": ""Parkplatz""}, {""m2"": 5685, ""emz"": null, ""katasterklassifikation"": ""Straßenverkehr""}]";"[{""anl"": """", ""bko"": """", ""brw"": 165, ""dat"": ""0001-01-01 BC"", ""gsm"": false, ""kor"": false, ""soa"": false, ""wrt"": false, ""zgr"": false, ""entw"": ""B"", ""gabe"": ""Der Gutachterausschuss für Grundstückswerte in der Klingenstadt Solingen"", ""jahr"": ""2025"", ""nuta"": ""GB"", ""stag"": ""2022-01-01"", ""farbe"": ""3"", ""anl_txt"": ""UNDEFINED"", ""flaeche"": 2571.56366435448, ""prozent"": 42.04553069735401711200, ""entw_txt"": ""Baureifes Land"", ""nuta_txt"": ""Baufläche für Gemeinbedarf"", ""farbe_txt"": ""Gewerbe/Industrie/Sondergebiete"", ""flaeche_amtl"": 2547.118249645706356644960}, {""anl"": """", ""bko"": """", ""brw"": 400, ""dat"": ""0001-01-01 BC"", ""gsm"": false, ""kor"": false, ""soa"": false, ""wrt"": false, ""zgr"": false, ""entw"": ""B"", ""gabe"": ""Der Gutachterausschuss für Grundstückswerte in der Klingenstadt Solingen"", ""jahr"": ""2025"", ""nuta"": ""W"", ""stag"": ""2022-01-01"", ""farbe"": ""1"", ""anl_txt"": ""UNDEFINED"", ""flaeche"": 2021.60387592886, ""prozent"": 33.05358875670437562300, ""entw_txt"": ""Baureifes Land"", ""nuta_txt"": ""Wohnbaufläche"", ""farbe_txt"": ""Ein-/Zweigeschossig"", ""flaeche_amtl"": 2002.386406881151075241340}, {""anl"": """", ""bko"": """", ""brw"": 55, ""dat"": ""0001-01-01 BC"", ""gsm"": false, ""kor"": false, ""soa"": false, ""wrt"": false, ""zgr"": false, ""entw"": ""B"", ""gabe"": ""Der Gutachterausschuss für Grundstückswerte in der Klingenstadt Solingen"", ""jahr"": ""2025"", ""nuta"": ""GE"", ""stag"": ""2022-01-01"", ""farbe"": ""6"", ""anl_txt"": ""UNDEFINED"", ""flaeche"": 1354.04997814046, ""prozent"": 22.13896187398004374900, ""entw_txt"": ""Baureifes Land"", ""nuta_txt"": ""Gewerbegebiet"", ""farbe_txt"": ""Außenbereich"", ""flaeche_amtl"": 1341.178310325711050314420}, {""anl"": """", ""bko"": """", ""brw"": 15, ""dat"": ""0001-01-01 BC"", ""gsm"": false, ""kor"": false, ""soa"": false, ""wrt"": false, ""zgr"": false, ""entw"": ""SF"", ""gabe"": ""Der Gutachterausschuss für Grundstückswerte in der Klingenstadt Solingen"", ""jahr"": ""2025"", ""nuta"": ""FGA"", ""stag"": ""2022-01-01"", ""farbe"": ""7"", ""anl_txt"": ""UNDEFINED"", ""flaeche"": 1354.04997814046, ""prozent"": 22.13896187398004374900, ""entw_txt"": ""Sonstige Fläche"", ""nuta_txt"": ""Freizeitgartenfläche"", ""farbe_txt"": ""Sonstige Fläche"", ""flaeche_amtl"": 1341.178310325711050314420}, {""anl"": """", ""bko"": """", ""brw"": 240, ""dat"": ""0001-01-01 BC"", ""gsm"": false, ""kor"": false, ""soa"": false, ""wrt"": false, ""zgr"": false, ""entw"": ""B"", ""gabe"": ""Der Gutachterausschuss für Grundstückswerte in der Klingenstadt Solingen"", ""jahr"": ""2025"", ""nuta"": ""W"", ""stag"": ""2022-01-01"", ""farbe"": ""6"", ""anl_txt"": ""UNDEFINED"", ""flaeche"": 1354.04997814046, ""prozent"": 22.13896187398004374900, ""entw_txt"": ""Baureifes Land"", ""nuta_txt"": ""Wohnbaufläche"", ""farbe_txt"": ""Außenbereich"", ""flaeche_amtl"": 1341.178310325711050314420}, {""anl"": """", ""bko"": """", ""brw"": 2.3, ""dat"": ""0001-01-01 BC"", ""gsm"": false, ""kor"": false, ""soa"": false, ""wrt"": false, ""zgr"": false, ""entw"": ""LF"", ""gabe"": ""Der Gutachterausschuss für Grundstückswerte in der Klingenstadt Solingen"", ""jahr"": ""2025"", ""nuta"": ""L"", ""stag"": ""2022-01-01"", ""farbe"": ""5"", ""anl_txt"": ""UNDEFINED"", ""flaeche"": 1354.04997814046, ""prozent"": 22.13896187398004374900, ""entw_txt"": ""Fläche der Land- und Forstwirtschaft"", ""nuta_txt"": ""landwirtschaftliche Fläche"", ""farbe_txt"": ""Landwirtschaft"", ""flaeche_amtl"": 1341.178310325711050314420}, {""anl"": """", ""bko"": """", ""brw"": 0.5, ""dat"": ""0001-01-01 BC"", ""gsm"": false, ""kor"": false, ""soa"": false, ""wrt"": false, ""zgr"": false, ""entw"": ""LF"", ""gabe"": ""Der Gutachterausschuss für Grundstückswerte in der Klingenstadt Solingen"", ""jahr"": ""2025"", ""nuta"": ""F"", ""stag"": ""2022-01-01"", ""farbe"": ""4"", ""anl_txt"": ""UNDEFINED"", ""flaeche"": 1354.04997814046, ""prozent"": 22.13896187398004374900, ""entw_txt"": ""Fläche der Land- und Forstwirtschaft"", ""nuta_txt"": ""forstwirtschaftliche Fläche"", ""farbe_txt"": ""Forstwirtschaft"", ""flaeche_amtl"": 1341.178310325711050314420}, {""anl"": """", ""bko"": """", ""brw"": 415, ""dat"": ""0001-01-01 BC"", ""gsm"": false, ""kor"": false, ""soa"": false, ""wrt"": false, ""zgr"": false, ""entw"": ""B"", ""gabe"": ""Der Gutachterausschuss für Grundstückswerte in der Klingenstadt Solingen"", ""jahr"": ""2025"", ""nuta"": ""W"", ""stag"": ""2022-01-01"", ""farbe"": ""1"", ""anl_txt"": ""UNDEFINED"", ""flaeche"": 164.937972279468, ""prozent"": 2.69676565770597551500, ""entw_txt"": ""Baureifes Land"", ""nuta_txt"": ""Wohnbaufläche"", ""farbe_txt"": ""Ein-/Zweigeschossig"", ""flaeche_amtl"": 163.370063543827996698700}]";6116.1403404912;NULL
208;DENW19AL00009qu0;05296701900009______;NULL;NULL;NULL;NULL;NULL;NULL;Delbrück;Westerloh;052967;"[""052967000491B""]";19;9;NULL;26140.0;2023-11-02 12:13:05+01;01.01.2025;Landrat des Kreises Paderborn;Amt für Geoinformation, Kataster und Vermessung;10244;NULL;3278;NULL;NULL;NULL;NULL;NULL;NULL;10244;3278;NULL;NULL;NULL;32;0.32;26140;"[{""m2"": 10713, ""emz"": null, ""katasterklassifikation"": ""Gewässerbegleitfläche""}, {""m2"": 5184, ""emz"": null, ""katasterklassifikation"": ""Weg""}]";"[{""anl"": """", ""bko"": """", ""brw"": 95, ""dat"": ""0001-01-01 BC"", ""gsm"": false, ""kor"": false, ""soa"": false, ""wrt"": false, ""zgr"": false, ""entw"": ""B"", ""gabe"": ""Der Gutachterausschuss für Grundstückswerte im Kreis Paderborn"", ""jahr"": ""2025"", ""nuta"": ""W"", ""stag"": ""2022-01-01"", ""farbe"": ""6"", ""anl_txt"": ""UNDEFINED"", ""flaeche"": 26117.7448324942, ""prozent"": 100.00, ""entw_txt"": ""Baureifes Land"", ""nuta_txt"": ""Wohnbaufläche"", ""farbe_txt"": ""Außenbereich"", ""flaeche_amtl"": 26140.0}, {""anl"": """", ""bko"": """", ""brw"": 11, ""dat"": ""0001-01-01 BC"", ""gsm"": false, ""kor"": false, ""soa"": false, ""wrt"": false, ""zgr"": false, ""entw"": ""LF"", ""gabe"": ""Der Gutachterausschuss für Grundstückswerte im Kreis Paderborn"", ""jahr"": ""2025"", ""nuta"": ""A"", ""stag"": ""2022-01-01"", ""farbe"": ""5"", ""anl_txt"": ""UNDEFINED"", ""flaeche"": 26117.7448324942, ""prozent"": 100.00, ""entw_txt"": ""Fläche der Land- und Forstwirtschaft"", ""nuta_txt"": ""Acker"", ""farbe_txt"": ""Landwirtschaft"", ""flaeche_amtl"": 26140.0}, {""anl"": """", ""bko"": """", ""brw"": 4.9, ""dat"": ""0001-01-01 BC"", ""gsm"": false, ""kor"": false, ""soa"": false, ""wrt"": false, ""zgr"": false, ""entw"": ""LF"", ""gabe"": ""Der Gutachterausschuss für Grundstückswerte im Kreis Paderborn"", ""jahr"": ""2025"", ""nuta"": ""GR"", ""stag"": ""2022-01-01"", ""farbe"": ""5"", ""anl_txt"": ""UNDEFINED"", ""flaeche"": 26117.7448324942, ""prozent"": 100.00, ""entw_txt"": ""Fläche der Land- und Forstwirtschaft"", ""nuta_txt"": ""Grünland"", ""farbe_txt"": ""Landwirtschaft"", ""flaeche_amtl"": 26140.0}, {""anl"": """", ""bko"": """", ""brw"": 0.8, ""dat"": ""0001-01-01 BC"", ""gsm"": false, ""kor"": false, ""soa"": false, ""wrt"": false, ""zgr"": false, ""entw"": ""LF"", ""gabe"": ""Der Gutachterausschuss für Grundstückswerte im Kreis Paderborn"", ""jahr"": ""2025"", ""nuta"": ""F"", ""stag"": ""2022-01-01"", ""farbe"": ""4"", ""anl_txt"": ""UNDEFINED"", ""flaeche"": 26117.7448324942, ""prozent"": 100.00, ""entw_txt"": ""Fläche der Land- und Forstwirtschaft"", ""nuta_txt"": ""forstwirtschaftliche Fläche"", ""farbe_txt"": ""Forstwirtschaft"", ""flaeche_amtl"": 26140.0}]";26117.7448324942;NULL
209;DENW18AL0000oQMs;05280600200305______;NULL;NULL;NULL;NULL;NULL;NULL;Hille;Südhemmern;052806;"[""0528060000056""]";2;305;NULL;4000.0;2023-12-07 18:31:29+01;01.01.2025;Landrätin des Kreises Minden-Lübbecke;Kataster- und Vermessungsamt;NULL;NULL;NULL;NULL;NULL;NULL;NULL;NULL;NULL;NULL;NULL;NULL;NULL;NULL;47;0.47;4000;"[{""m2"": 2174, ""emz"": null, ""katasterklassifikation"": ""Straßenverkehr""}, {""m2"": 1824, ""emz"": null, ""katasterklassifikation"": ""Verkehrsbegleitfläche Straße""}]";"[{""anl"": """", ""bko"": """", ""brw"": 75, ""dat"": ""0001-01-01 BC"", ""gsm"": false, ""kor"": false, ""soa"": false, ""wrt"": false, ""zgr"": false, ""entw"": ""B"", ""gabe"": ""Der Gutachterausschuss für Grundstückswerte im Kreis Minden-Lübbecke"", ""jahr"": ""2025"", ""nuta"": ""W"", ""stag"": ""2022-01-01"", ""farbe"": ""1"", ""anl_txt"": ""UNDEFINED"", ""flaeche"": 3992.01170648427, ""prozent"": 100.00, ""entw_txt"": ""Baureifes Land"", ""nuta_txt"": ""Wohnbaufläche"", ""farbe_txt"": ""Ein-/Zweigeschossig"", ""flaeche_amtl"": 4000.0}]";3992.01170648427;NULL
210;DENW18AL0001qIbv;05277500501266______;NULL;NULL;NULL;NULL;NULL;NULL;Minden;Minden;052775;"[""0527750004010""]";5;1266;NULL;6154.0;2024-01-15 16:56:11+01;01.01.2025;Landrätin des Kreises Minden-Lübbecke;Kataster- und Vermessungsamt;NULL;NULL;NULL;NULL;NULL;NULL;NULL;NULL;NULL;NULL;NULL;NULL;NULL;NULL;54;0.54;6154;"[{""m2"": 716, ""emz"": null, ""katasterklassifikation"": ""Wohnbaufläche""}, {""m2"": 870, ""emz"": null, ""katasterklassifikation"": ""Verkehrsbegleitfläche Straße""}, {""m2"": 119, ""emz"": null, ""katasterklassifikation"": ""Weg""}, {""m2"": 4449, ""emz"": null, ""katasterklassifikation"": ""Straßenverkehr""}]";"[{""anl"": """", ""bko"": """", ""brw"": 130, ""dat"": ""0001-01-01 BC"", ""gsm"": false, ""kor"": false, ""soa"": false, ""wrt"": false, ""zgr"": false, ""entw"": ""B"", ""gabe"": ""Der Gutachterausschuss für Grundstückswerte in der Stadt Minden"", ""jahr"": ""2025"", ""nuta"": ""W"", ""stag"": ""2022-01-01"", ""farbe"": ""1"", ""anl_txt"": ""UNDEFINED"", ""flaeche"": 4178.4489437809, ""prozent"": 67.94852026273638395000, ""entw_txt"": ""Baureifes Land"", ""nuta_txt"": ""Wohnbaufläche"", ""farbe_txt"": ""Ein-/Zweigeschossig"", ""flaeche_amtl"": 4181.551936968797068283000}, {""anl"": """", ""bko"": """", ""brw"": 2.5, ""dat"": ""0001-01-01 BC"", ""gsm"": false, ""kor"": false, ""soa"": false, ""wrt"": false, ""zgr"": false, ""entw"": ""LF"", ""gabe"": ""Der Gutachterausschuss für Grundstückswerte in der Stadt Minden"", ""jahr"": ""2025"", ""nuta"": ""GR"", ""stag"": ""2022-01-01"", ""farbe"": ""5"", ""anl_txt"": ""UNDEFINED"", ""flaeche"": 1970.98087318616, ""prozent"": 32.05142281288051815400, ""entw_txt"": ""Fläche der Land- und Forstwirtschaft"", ""nuta_txt"": ""Grünland"", ""farbe_txt"": ""Landwirtschaft"", ""flaeche_amtl"": 1972.444559904667087197160}, {""anl"": """", ""bko"": """", ""brw"": 3.5, ""dat"": ""0001-01-01 BC"", ""gsm"": false, ""kor"": false, ""soa"": false, ""wrt"": false, ""zgr"": false, ""entw"": ""LF"", ""gabe"": ""Der Gutachterausschuss für Grundstückswerte in der Stadt Minden"", ""jahr"": ""2025"", ""nuta"": ""A"", ""stag"": ""2022-01-01"", ""farbe"": ""5"", ""anl_txt"": ""UNDEFINED"", ""flaeche"": 1970.98087318616, ""prozent"": 32.05142281288051815400, ""entw_txt"": ""Fläche der Land- und Forstwirtschaft"", ""nuta_txt"": ""Acker"", ""farbe_txt"": ""Landwirtschaft"", ""flaeche_amtl"": 1972.444559904667087197160}, {""anl"": """", ""bko"": """", ""brw"": 50, ""dat"": ""0001-01-01 BC"", ""gsm"": false, ""kor"": false, ""soa"": false, ""wrt"": false, ""zgr"": false, ""entw"": ""B"", ""gabe"": ""Der Gutachterausschuss für Grundstückswerte in der Stadt Minden"", ""jahr"": ""2025"", ""nuta"": ""W"", ""stag"": ""2022-01-01"", ""farbe"": ""6"", ""anl_txt"": ""UNDEFINED"", ""flaeche"": 1970.98087318616, ""prozent"": 32.05142281288051815400, ""entw_txt"": ""Baureifes Land"", ""nuta_txt"": ""Wohnbaufläche"", ""farbe_txt"": ""Außenbereich"", ""flaeche_amtl"": 1972.444559904667087197160}]";6149.43331749404;NULL
211;DENW34AL0002fVu8;05333900602073______;NULL;Moerser Straße;300;NULL;47475;Kamp-Lintfort;Kamp-Lintfort;Lintfort;053339;"[""0533390004566""]";6;2073;NULL;368.0;2023-12-01 08:04:56+01;01.01.2025;Landrat des Kreises Wesel;Vermessungs- und Katasteramt;NULL;NULL;NULL;NULL;NULL;NULL;NULL;NULL;NULL;NULL;NULL;NULL;NULL;NULL;52;0.52;368;"[{""m2"": 368, ""emz"": null, ""katasterklassifikation"": ""Handel und Dienstleistung""}]";"[{""anl"": """", ""bko"": """", ""brw"": 250, ""dat"": ""0001-01-01 BC"", ""gsm"": false, ""kor"": false, ""soa"": false, ""wrt"": false, ""zgr"": false, ""entw"": ""B"", ""gabe"": ""Der Gutachterausschuss für Grundstückswerte im Kreis Wesel"", ""jahr"": ""2025"", ""nuta"": ""MI/MK"", ""stag"": ""2022-01-01"", ""farbe"": ""2"", ""anl_txt"": ""UNDEFINED"", ""flaeche"": 368.066359997422, ""prozent"": 100.00, ""entw_txt"": ""Baureifes Land"", ""nuta_txt"": ""Mischgebiet; Kerngebiet"", ""farbe_txt"": ""Misch-/Mehrgeschossig"", ""flaeche_amtl"": 368.0}]";368.066359997422;NULL
212;DENW16AL0000MqjH;05240600500134______;NULL;NULL;NULL;NULL;NULL;NULL;Steinheim;Sandebeck;052406;"[""0524160000475""]";5;134;NULL;4986.0;2023-11-14 10:05:58+01;01.01.2025;Landrat des Kreises Höxter;Kataster und Vermessung;NULL;NULL;NULL;NULL;NULL;NULL;NULL;NULL;NULL;NULL;NULL;4986;NULL;4986;36;0.36;4986;NULL;"[{""anl"": """", ""bko"": """", ""brw"": 0.6, ""dat"": ""0001-01-01 BC"", ""gsm"": false, ""kor"": false, ""soa"": false, ""wrt"": false, ""zgr"": false, ""entw"": ""LF"", ""gabe"": ""Der Gutachterausschuss für Grundstückswerte im Kreis Höxter"", ""jahr"": ""2025"", ""nuta"": ""F"", ""stag"": ""2022-01-01"", ""farbe"": ""4"", ""anl_txt"": ""UNDEFINED"", ""flaeche"": 4982.19883443828, ""prozent"": 100.00, ""entw_txt"": ""Fläche der Land- und Forstwirtschaft"", ""nuta_txt"": ""forstwirtschaftliche Fläche"", ""farbe_txt"": ""Forstwirtschaft"", ""flaeche_amtl"": 4986.0}, {""anl"": """", ""bko"": """", ""brw"": 2, ""dat"": ""0001-01-01 BC"", ""gsm"": false, ""kor"": false, ""soa"": false, ""wrt"": false, ""zgr"": false, ""entw"": ""LF"", ""gabe"": ""Der Gutachterausschuss für Grundstückswerte im Kreis Höxter"", ""jahr"": ""2025"", ""nuta"": ""GR"", ""stag"": ""2022-01-01"", ""farbe"": ""5"", ""anl_txt"": ""UNDEFINED"", ""flaeche"": 4982.19883443828, ""prozent"": 100.00, ""entw_txt"": ""Fläche der Land- und Forstwirtschaft"", ""nuta_txt"": ""Grünland"", ""farbe_txt"": ""Landwirtschaft"", ""flaeche_amtl"": 4986.0}, {""anl"": """", ""bko"": """", ""brw"": 20, ""dat"": ""0001-01-01 BC"", ""gsm"": false, ""kor"": false, ""soa"": false, ""wrt"": false, ""zgr"": false, ""entw"": ""B"", ""gabe"": ""Der Gutachterausschuss für Grundstückswerte im Kreis Höxter"", ""jahr"": ""2025"", ""nuta"": ""W"", ""stag"": ""2022-01-01"", ""farbe"": ""6"", ""anl_txt"": ""UNDEFINED"", ""flaeche"": 4982.19883443828, ""prozent"": 100.00, ""entw_txt"": ""Baureifes Land"", ""nuta_txt"": ""Wohnbaufläche"", ""farbe_txt"": ""Außenbereich"", ""flaeche_amtl"": 4986.0}, {""anl"": """", ""bko"": """", ""brw"": 8, ""dat"": ""0001-01-01 BC"", ""gsm"": false, ""kor"": false, ""soa"": false, ""wrt"": false, ""zgr"": false, ""entw"": ""B"", ""gabe"": ""Der Gutachterausschuss für Grundstückswerte im Kreis Höxter"", ""jahr"": ""2025"", ""nuta"": ""G"", ""stag"": ""2022-01-01"", ""farbe"": ""6"", ""anl_txt"": ""UNDEFINED"", ""flaeche"": 4982.19883443828, ""prozent"": 100.00, ""entw_txt"": ""Baureifes Land"", ""nuta_txt"": ""gewerbliche Baufläche"", ""farbe_txt"": ""Außenbereich"", ""flaeche_amtl"": 4986.0}, {""anl"": """", ""bko"": """", ""brw"": 3.5, ""dat"": ""0001-01-01 BC"", ""gsm"": false, ""kor"": false, ""soa"": false, ""wrt"": false, ""zgr"": false, ""entw"": ""LF"", ""gabe"": ""Der Gutachterausschuss für Grundstückswerte im Kreis Höxter"", ""jahr"": ""2025"", ""nuta"": ""A"", ""stag"": ""2022-01-01"", ""farbe"": ""5"", ""anl_txt"": ""UNDEFINED"", ""flaeche"": 4982.19883443828, ""prozent"": 100.00, ""entw_txt"": ""Fläche der Land- und Forstwirtschaft"", ""nuta_txt"": ""Acker"", ""farbe_txt"": ""Landwirtschaft"", ""flaeche_amtl"": 4986.0}]";4982.19883443828;NULL
213;DENW28AL00003Euo;05341402900587______;NULL;NULL;NULL;NULL;NULL;NULL;Solingen;Höhscheid;053414;"[""053414005274A""]";29;587;NULL;730.0;2024-02-05 10:33:03+01;01.01.2025;Oberbürgermeister der Klingenstadt Solingen;Stadtdienst Vermessung und Kataster;NULL;NULL;NULL;NULL;NULL;NULL;NULL;NULL;NULL;NULL;NULL;NULL;NULL;NULL;55;0.55;730;"[{""m2"": 730, ""emz"": null, ""katasterklassifikation"": ""Wohnbaufläche""}]";"[{""anl"": """", ""bko"": """", ""brw"": 520, ""dat"": ""0001-01-01 BC"", ""gsm"": false, ""kor"": false, ""soa"": false, ""wrt"": false, ""zgr"": false, ""entw"": ""B"", ""gabe"": ""Der Gutachterausschuss für Grundstückswerte in der Klingenstadt Solingen"", ""jahr"": ""2025"", ""nuta"": ""W"", ""stag"": ""2022-01-01"", ""farbe"": ""1"", ""anl_txt"": ""UNDEFINED"", ""flaeche"": 729.613330002185, ""prozent"": 100.00, ""entw_txt"": ""Baureifes Land"", ""nuta_txt"": ""Wohnbaufläche"", ""farbe_txt"": ""Ein-/Zweigeschossig"", ""flaeche_amtl"": 730.0}]";729.613330002185;NULL
214;DENW18AL00006TAG;05276700400042______;NULL;NULL;NULL;NULL;NULL;NULL;Minden;Leteln;052767;"[""0527670000286""]";4;42;NULL;6738.0;2023-12-07 18:31:29+01;01.01.2025;Landrätin des Kreises Minden-Lübbecke;Kataster- und Vermessungsamt;NULL;NULL;NULL;NULL;NULL;NULL;NULL;NULL;NULL;NULL;NULL;NULL;NULL;NULL;56;0.56;6738;"[{""m2"": 1387, ""emz"": null, ""katasterklassifikation"": ""Weg""}, {""m2"": 4919, ""emz"": null, ""katasterklassifikation"": ""Straßenverkehr""}, {""m2"": 431, ""emz"": null, ""katasterklassifikation"": ""Verkehrsbegleitfläche Straße""}]";"[{""anl"": """", ""bko"": """", ""brw"": 95, ""dat"": ""0001-01-01 BC"", ""gsm"": false, ""kor"": false, ""soa"": false, ""wrt"": false, ""zgr"": false, ""entw"": ""B"", ""gabe"": ""Der Gutachterausschuss für Grundstückswerte in der Stadt Minden"", ""jahr"": ""2025"", ""nuta"": ""W"", ""stag"": ""2022-01-01"", ""farbe"": ""1"", ""anl_txt"": ""UNDEFINED"", ""flaeche"": 6232.91609219351, ""prozent"": 93.18848251026447922900, ""entw_txt"": ""Baureifes Land"", ""nuta_txt"": ""Wohnbaufläche"", ""farbe_txt"": ""Ein-/Zweigeschossig"", ""flaeche_amtl"": 6279.039951541620610450020}, {""anl"": """", ""bko"": """", ""brw"": 25, ""dat"": ""0001-01-01 BC"", ""gsm"": false, ""kor"": false, ""soa"": false, ""wrt"": false, ""zgr"": false, ""entw"": ""B"", ""gabe"": ""Der Gutachterausschuss für Grundstückswerte in der Stadt Minden"", ""jahr"": ""2025"", ""nuta"": ""G"", ""stag"": ""2022-01-01"", ""farbe"": ""3"", ""anl_txt"": ""UNDEFINED"", ""flaeche"": 450.987999232016, ""prozent"": 6.74273272046915070200, ""entw_txt"": ""Baureifes Land"", ""nuta_txt"": ""gewerbliche Baufläche"", ""farbe_txt"": ""Gewerbe/Industrie/Sondergebiete"", ""flaeche_amtl"": 454.325330705211374300760}]";6688.50476399481;NULL
215;DENW18AL00009wcu;05279002100084______;NULL;NULL;NULL;NULL;NULL;NULL;Petershagen;Petershagen;052790;"[""0527900000174""]";21;84;NULL;45192.0;2023-12-07 18:31:29+01;01.01.2025;Landrätin des Kreises Minden-Lübbecke;Kataster- und Vermessungsamt;NULL;NULL;NULL;NULL;NULL;NULL;NULL;NULL;NULL;NULL;NULL;NULL;NULL;NULL;52;0.52;45192;"[{""m2"": 21819, ""emz"": null, ""katasterklassifikation"": ""Straßenverkehr""}, {""m2"": 23373, ""emz"": null, ""katasterklassifikation"": ""Verkehrsbegleitfläche Straße""}]";"[{""anl"": """", ""bko"": """", ""brw"": 3.7, ""dat"": ""0001-01-01 BC"", ""gsm"": false, ""kor"": false, ""soa"": false, ""wrt"": false, ""zgr"": false, ""entw"": ""LF"", ""gabe"": ""Der Gutachterausschuss für Grundstückswerte im Kreis Minden-Lübbecke"", ""jahr"": ""2025"", ""nuta"": ""A"", ""stag"": ""2022-01-01"", ""farbe"": ""5"", ""anl_txt"": ""UNDEFINED"", ""flaeche"": 44657.6558588787, ""prozent"": 100.00, ""entw_txt"": ""Fläche der Land- und Forstwirtschaft"", ""nuta_txt"": ""Acker"", ""farbe_txt"": ""Landwirtschaft"", ""flaeche_amtl"": 45192.0}, {""anl"": """", ""bko"": """", ""brw"": 20, ""dat"": ""0001-01-01 BC"", ""gsm"": false, ""kor"": false, ""soa"": false, ""wrt"": false, ""zgr"": false, ""entw"": ""B"", ""gabe"": ""Der Gutachterausschuss für Grundstückswerte im Kreis Minden-Lübbecke"", ""jahr"": ""2025"", ""nuta"": ""W"", ""stag"": ""2022-01-01"", ""farbe"": ""6"", ""anl_txt"": ""UNDEFINED"", ""flaeche"": 44657.6558588787, ""prozent"": 100.00, ""entw_txt"": ""Baureifes Land"", ""nuta_txt"": ""Wohnbaufläche"", ""farbe_txt"": ""Außenbereich"", ""flaeche_amtl"": 45192.0}, {""anl"": """", ""bko"": """", ""brw"": 1.9, ""dat"": ""0001-01-01 BC"", ""gsm"": false, ""kor"": false, ""soa"": false, ""wrt"": false, ""zgr"": false, ""entw"": ""LF"", ""gabe"": ""Der Gutachterausschuss für Grundstückswerte im Kreis Minden-Lübbecke"", ""jahr"": ""2025"", ""nuta"": ""GR"", ""stag"": ""2022-01-01"", ""farbe"": ""5"", ""anl_txt"": ""UNDEFINED"", ""flaeche"": 44657.6558588787, ""prozent"": 100.00, ""entw_txt"": ""Fläche der Land- und Forstwirtschaft"", ""nuta_txt"": ""Grünland"", ""farbe_txt"": ""Landwirtschaft"", ""flaeche_amtl"": 45192.0}]";44657.6558588787;NULL
216;DENW41ALjf00004R;05465700501285______;NULL;NULL;NULL;NULL;NULL;NULL;Erftstadt;Lechenich;054657;"[""0546570007005""]";5;1285;NULL;1540.0;2024-08-29 16:45:56+02;01.01.2025;Landrat des Rhein-Erft-Kreises;Amt für Liegenschaftskataster und Geoinformation 62;NULL;NULL;NULL;NULL;NULL;NULL;NULL;NULL;NULL;NULL;NULL;NULL;NULL;NULL;78;0.78;1540;"[{""m2"": 1540, ""emz"": null, ""katasterklassifikation"": ""Straßenverkehr""}]";"[{""anl"": """", ""bko"": """", ""brw"": 370, ""dat"": ""0001-01-01 BC"", ""gsm"": false, ""kor"": false, ""soa"": false, ""wrt"": false, ""zgr"": false, ""entw"": ""B"", ""gabe"": ""Der Gutachterausschuss für Grundstückswerte im Rhein-Erft-Kreis"", ""jahr"": ""2025"", ""nuta"": ""W"", ""stag"": ""2022-01-01"", ""farbe"": ""1"", ""anl_txt"": ""UNDEFINED"", ""flaeche"": 1539.28948652709, ""prozent"": 100.00, ""entw_txt"": ""Baureifes Land"", ""nuta_txt"": ""Wohnbaufläche"", ""farbe_txt"": ""Ein-/Zweigeschossig"", ""flaeche_amtl"": 1540.0}]";1539.28948652709;NULL
217;DENW16AL0000EheW;05240400100154______;NULL;NULL;NULL;NULL;NULL;NULL;Steinheim;Rolfzen;052404;"[""0524040001017""]";1;154;NULL;2185.0;2023-11-14 10:05:58+01;01.01.2025;Landrat des Kreises Höxter;Kataster und Vermessung;1357;822;NULL;NULL;NULL;NULL;NULL;NULL;NULL;1357;822;NULL;608;608;60;0.60;2185;"[{""m2"": 132, ""emz"": null, ""katasterklassifikation"": ""Gebäude- und Freifläche Land- und Forstwirtschaft""}, {""m2"": 4, ""emz"": null, ""katasterklassifikation"": ""Wasserwerk""}, {""m2"": 83, ""emz"": null, ""katasterklassifikation"": ""Graben""}]";"[{""anl"": """", ""bko"": """", ""brw"": 0.6, ""dat"": ""0001-01-01 BC"", ""gsm"": false, ""kor"": false, ""soa"": false, ""wrt"": false, ""zgr"": false, ""entw"": ""LF"", ""gabe"": ""Der Gutachterausschuss für Grundstückswerte im Kreis Höxter"", ""jahr"": ""2025"", ""nuta"": ""F"", ""stag"": ""2022-01-01"", ""farbe"": ""4"", ""anl_txt"": ""UNDEFINED"", ""flaeche"": 2770.62757350971, ""prozent"": 100.00, ""entw_txt"": ""Fläche der Land- und Forstwirtschaft"", ""nuta_txt"": ""forstwirtschaftliche Fläche"", ""farbe_txt"": ""Forstwirtschaft"", ""flaeche_amtl"": 2185.0}, {""anl"": """", ""bko"": """", ""brw"": 17, ""dat"": ""0001-01-01 BC"", ""gsm"": false, ""kor"": false, ""soa"": false, ""wrt"": false, ""zgr"": false, ""entw"": ""B"", ""gabe"": ""Der Gutachterausschuss für Grundstückswerte im Kreis Höxter"", ""jahr"": ""2025"", ""nuta"": ""W"", ""stag"": ""2022-01-01"", ""farbe"": ""6"", ""anl_txt"": ""UNDEFINED"", ""flaeche"": 2770.62757350971, ""prozent"": 100.00, ""entw_txt"": ""Baureifes Land"", ""nuta_txt"": ""Wohnbaufläche"", ""farbe_txt"": ""Außenbereich"", ""flaeche_amtl"": 2185.0}, {""anl"": """", ""bko"": """", ""brw"": 7, ""dat"": ""0001-01-01 BC"", ""gsm"": false, ""kor"": false, ""soa"": false, ""wrt"": false, ""zgr"": false, ""entw"": ""B"", ""gabe"": ""Der Gutachterausschuss für Grundstückswerte im Kreis Höxter"", ""jahr"": ""2025"", ""nuta"": ""G"", ""stag"": ""2022-01-01"", ""farbe"": ""6"", ""anl_txt"": ""UNDEFINED"", ""flaeche"": 2770.62757350971, ""prozent"": 100.00, ""entw_txt"": ""Baureifes Land"", ""nuta_txt"": ""gewerbliche Baufläche"", ""farbe_txt"": ""Außenbereich"", ""flaeche_amtl"": 2185.0}, {""anl"": """", ""bko"": """", ""brw"": 3.8, ""dat"": ""0001-01-01 BC"", ""gsm"": false, ""kor"": false, ""soa"": false, ""wrt"": false, ""zgr"": false, ""entw"": ""LF"", ""gabe"": ""Der Gutachterausschuss für Grundstückswerte im Kreis Höxter"", ""jahr"": ""2025"", ""nuta"": ""A"", ""stag"": ""2022-01-01"", ""farbe"": ""5"", ""anl_txt"": ""UNDEFINED"", ""flaeche"": 2770.62757350971, ""prozent"": 100.00, ""entw_txt"": ""Fläche der Land- und Forstwirtschaft"", ""nuta_txt"": ""Acker"", ""farbe_txt"": ""Landwirtschaft"", ""flaeche_amtl"": 2185.0}, {""anl"": """", ""bko"": """", ""brw"": 2.2, ""dat"": ""0001-01-01 BC"", ""gsm"": false, ""kor"": false, ""soa"": false, ""wrt"": false, ""zgr"": false, ""entw"": ""LF"", ""gabe"": ""Der Gutachterausschuss für Grundstückswerte im Kreis Höxter"", ""jahr"": ""2025"", ""nuta"": ""GR"", ""stag"": ""2022-01-01"", ""farbe"": ""5"", ""anl_txt"": ""UNDEFINED"", ""flaeche"": 2770.62757350971, ""prozent"": 100.00, ""entw_txt"": ""Fläche der Land- und Forstwirtschaft"", ""nuta_txt"": ""Grünland"", ""farbe_txt"": ""Landwirtschaft"", ""flaeche_amtl"": 2185.0}]";2770.62757350971;NULL
218;DENW34AL00005fVg;05332403901001______;NULL;NULL;NULL;NULL;NULL;NULL;Moers;Repelen;053324;"[""0533240004889"",""0533240004890"",""0533240004892"",""0533240004893"",""0533240004894"",""0533240004895"",""0533240004896"",""0533240004897"",""0533240004898"",""0533240008614""]";39;1001;NULL;259.0;2024-02-15 12:57:11+01;01.01.2025;Landrat des Kreises Wesel;Vermessungs- und Katasteramt;NULL;NULL;NULL;NULL;NULL;NULL;NULL;NULL;NULL;NULL;NULL;NULL;NULL;NULL;51;0.51;259;"[{""m2"": 259, ""emz"": null, ""katasterklassifikation"": ""Wohnbaufläche""}]";"[{""anl"": """", ""bko"": """", ""brw"": 320, ""dat"": ""0001-01-01 BC"", ""gsm"": false, ""kor"": false, ""soa"": false, ""wrt"": false, ""zgr"": false, ""entw"": ""B"", ""gabe"": ""Der Gutachterausschuss für Grundstückswerte in der Stadt Moers"", ""jahr"": ""2025"", ""nuta"": ""W"", ""stag"": ""2022-01-01"", ""farbe"": ""1"", ""anl_txt"": ""UNDEFINED"", ""flaeche"": 259.762985124924, ""prozent"": 100.00, ""entw_txt"": ""Baureifes Land"", ""nuta_txt"": ""Wohnbaufläche"", ""farbe_txt"": ""Ein-/Zweigeschossig"", ""flaeche_amtl"": 259.0}]";259.762985124924;NULL
219;DENW43AL0000ilpM;05456601900287______;NULL;NULL;NULL;NULL;NULL;NULL;Geilenkirchen;Teveren;054566;"[""0545660001058""]";19;287;NULL;114.0;2024-02-02 07:06:28+01;01.01.2025;Landrat des Kreises Heinsberg;Vermessungs- und Katasteramt;NULL;NULL;NULL;NULL;NULL;NULL;NULL;NULL;NULL;NULL;NULL;NULL;NULL;NULL;64;0.64;114;"[{""m2"": 114, ""emz"": null, ""katasterklassifikation"": ""Grünanlage""}]";"[{""anl"": """", ""bko"": """", ""brw"": 105, ""dat"": ""0001-01-01 BC"", ""gsm"": false, ""kor"": false, ""soa"": false, ""wrt"": false, ""zgr"": false, ""entw"": ""B"", ""gabe"": ""Der Gutachterausschuss für Grundstückswerte im Kreis Heinsberg"", ""jahr"": ""2025"", ""nuta"": ""MD"", ""stag"": ""2022-01-01"", ""farbe"": ""1"", ""anl_txt"": ""UNDEFINED"", ""flaeche"": 114.452429992512, ""prozent"": 100.00, ""entw_txt"": ""Baureifes Land"", ""nuta_txt"": ""Dorfgebiet"", ""farbe_txt"": ""Ein-/Zweigeschossig"", ""flaeche_amtl"": 114.0}]";114.452429992512;NULL
220;DENW43AL0000roiK;05455303500143______;NULL;NULL;NULL;NULL;NULL;NULL;Übach-Palenberg;Übach-Palenberg;054553;"[""0545530001100""]";35;143;NULL;74.0;2024-02-15 09:16:08+01;01.01.2025;Landrat des Kreises Heinsberg;Vermessungs- und Katasteramt;NULL;NULL;NULL;NULL;NULL;NULL;NULL;NULL;NULL;NULL;NULL;74;NULL;74;80;0.80;74;NULL;"[{""anl"": """", ""bko"": """", ""brw"": 90, ""dat"": ""0001-01-01 BC"", ""gsm"": false, ""kor"": false, ""soa"": false, ""wrt"": false, ""zgr"": false, ""entw"": ""B"", ""gabe"": ""Der Gutachterausschuss für Grundstückswerte im Kreis Heinsberg"", ""jahr"": ""2025"", ""nuta"": ""W"", ""stag"": ""2022-01-01"", ""farbe"": ""6"", ""anl_txt"": ""UNDEFINED"", ""flaeche"": 73.0984590096996, ""prozent"": 100.00, ""entw_txt"": ""Baureifes Land"", ""nuta_txt"": ""Wohnbaufläche"", ""farbe_txt"": ""Außenbereich"", ""flaeche_amtl"": 74.0}, {""anl"": """", ""bko"": """", ""brw"": 8.2, ""dat"": ""0001-01-01 BC"", ""gsm"": false, ""kor"": false, ""soa"": false, ""wrt"": false, ""zgr"": false, ""entw"": ""LF"", ""gabe"": ""Der Gutachterausschuss für Grundstückswerte im Kreis Heinsberg"", ""jahr"": ""2025"", ""nuta"": ""L"", ""stag"": ""2022-01-01"", ""farbe"": ""5"", ""anl_txt"": ""UNDEFINED"", ""flaeche"": 73.0984590096996, ""prozent"": 100.00, ""entw_txt"": ""Fläche der Land- und Forstwirtschaft"", ""nuta_txt"": ""landwirtschaftliche Fläche"", ""farbe_txt"": ""Landwirtschaft"", ""flaeche_amtl"": 74.0}, {""anl"": """", ""bko"": """", ""brw"": 0.5, ""dat"": ""0001-01-01 BC"", ""gsm"": false, ""kor"": false, ""soa"": false, ""wrt"": false, ""zgr"": false, ""entw"": ""LF"", ""gabe"": ""Der Gutachterausschuss für Grundstückswerte im Kreis Heinsberg"", ""jahr"": ""2025"", ""nuta"": ""F"", ""stag"": ""2022-01-01"", ""farbe"": ""4"", ""anl_txt"": ""UNDEFINED"", ""flaeche"": 73.0984590096996, ""prozent"": 100.00, ""entw_txt"": ""Fläche der Land- und Forstwirtschaft"", ""nuta_txt"": ""forstwirtschaftliche Fläche"", ""farbe_txt"": ""Forstwirtschaft"", ""flaeche_amtl"": 74.0}]";73.0984590096996;NULL
221;DENW43AL0000ronk;05455304000149______;NULL;NULL;NULL;NULL;NULL;NULL;Übach-Palenberg;Übach-Palenberg;054553;"[""0545530001717""]";40;149;NULL;196.0;2024-02-15 09:16:08+01;01.01.2025;Landrat des Kreises Heinsberg;Vermessungs- und Katasteramt;NULL;NULL;NULL;NULL;NULL;NULL;NULL;NULL;NULL;NULL;NULL;NULL;NULL;NULL;80;0.80;196;"[{""m2"": 196, ""emz"": null, ""katasterklassifikation"": ""Grünanlage""}]";"[{""anl"": """", ""bko"": """", ""brw"": 160, ""dat"": ""0001-01-01 BC"", ""gsm"": false, ""kor"": false, ""soa"": false, ""wrt"": false, ""zgr"": false, ""entw"": ""B"", ""gabe"": ""Der Gutachterausschuss für Grundstückswerte im Kreis Heinsberg"", ""jahr"": ""2025"", ""nuta"": ""MD"", ""stag"": ""2022-01-01"", ""farbe"": ""1"", ""anl_txt"": ""UNDEFINED"", ""flaeche"": 196.546369496808, ""prozent"": 100.00, ""entw_txt"": ""Baureifes Land"", ""nuta_txt"": ""Dorfgebiet"", ""farbe_txt"": ""Ein-/Zweigeschossig"", ""flaeche_amtl"": 196.0}]";196.546369496808;NULL
222;DENW43AL0000ropY;05455304000472______;NULL;NULL;NULL;NULL;NULL;NULL;Übach-Palenberg;Übach-Palenberg;054553;"[""0545530001939""]";40;472;NULL;882.0;2024-02-15 09:16:08+01;01.01.2025;Landrat des Kreises Heinsberg;Vermessungs- und Katasteramt;882;714;NULL;NULL;NULL;NULL;NULL;NULL;NULL;882;714;NULL;NULL;NULL;80;0.80;882;NULL;"[{""anl"": """", ""bko"": """", ""brw"": 160, ""dat"": ""0001-01-01 BC"", ""gsm"": false, ""kor"": false, ""soa"": false, ""wrt"": false, ""zgr"": false, ""entw"": ""B"", ""gabe"": ""Der Gutachterausschuss für Grundstückswerte im Kreis Heinsberg"", ""jahr"": ""2025"", ""nuta"": ""W"", ""stag"": ""2022-01-01"", ""farbe"": ""1"", ""anl_txt"": ""UNDEFINED"", ""flaeche"": 626.154439473046, ""prozent"": 71.08381782292705324300, ""entw_txt"": ""Baureifes Land"", ""nuta_txt"": ""Wohnbaufläche"", ""farbe_txt"": ""Ein-/Zweigeschossig"", ""flaeche_amtl"": 626.959273198216609603260}, {""anl"": """", ""bko"": """", ""brw"": 8.2, ""dat"": ""0001-01-01 BC"", ""gsm"": false, ""kor"": false, ""soa"": false, ""wrt"": false, ""zgr"": false, ""entw"": ""LF"", ""gabe"": ""Der Gutachterausschuss für Grundstückswerte im Kreis Heinsberg"", ""jahr"": ""2025"", ""nuta"": ""L"", ""stag"": ""2022-01-01"", ""farbe"": ""5"", ""anl_txt"": ""UNDEFINED"", ""flaeche"": 254.713328497851, ""prozent"": 28.91618217264435924200, ""entw_txt"": ""Fläche der Land- und Forstwirtschaft"", ""nuta_txt"": ""landwirtschaftliche Fläche"", ""farbe_txt"": ""Landwirtschaft"", ""flaeche_amtl"": 255.040726762723248514440}, {""anl"": """", ""bko"": """", ""brw"": 90, ""dat"": ""0001-01-01 BC"", ""gsm"": false, ""kor"": false, ""soa"": false, ""wrt"": false, ""zgr"": false, ""entw"": ""B"", ""gabe"": ""Der Gutachterausschuss für Grundstückswerte im Kreis Heinsberg"", ""jahr"": ""2025"", ""nuta"": ""W"", ""stag"": ""2022-01-01"", ""farbe"": ""6"", ""anl_txt"": ""UNDEFINED"", ""flaeche"": 254.713328497851, ""prozent"": 28.91618217264435924200, ""entw_txt"": ""Baureifes Land"", ""nuta_txt"": ""Wohnbaufläche"", ""farbe_txt"": ""Außenbereich"", ""flaeche_amtl"": 255.040726762723248514440}, {""anl"": """", ""bko"": """", ""brw"": 0.5, ""dat"": ""0001-01-01 BC"", ""gsm"": false, ""kor"": false, ""soa"": false, ""wrt"": false, ""zgr"": false, ""entw"": ""LF"", ""gabe"": ""Der Gutachterausschuss für Grundstückswerte im Kreis Heinsberg"", ""jahr"": ""2025"", ""nuta"": ""F"", ""stag"": ""2022-01-01"", ""farbe"": ""4"", ""anl_txt"": ""UNDEFINED"", ""flaeche"": 254.713328497851, ""prozent"": 28.91618217264435924200, ""entw_txt"": ""Fläche der Land- und Forstwirtschaft"", ""nuta_txt"": ""forstwirtschaftliche Fläche"", ""farbe_txt"": ""Forstwirtschaft"", ""flaeche_amtl"": 255.040726762723248514440}]";880.867768009907;NULL
223;DENW28AL000002ar;05325702500025______;NULL;NULL;NULL;NULL;NULL;NULL;Solingen;Burg;053257;"[""0532570090000""]";25;25;NULL;548.0;2024-02-05 10:33:03+01;01.01.2025;Oberbürgermeister der Klingenstadt Solingen;Stadtdienst Vermessung und Kataster;NULL;NULL;NULL;NULL;NULL;NULL;NULL;NULL;NULL;NULL;NULL;334;NULL;334;39;0.39;548;"[{""m2"": 4, ""emz"": null, ""katasterklassifikation"": ""Weg""}, {""m2"": 208, ""emz"": null, ""katasterklassifikation"": ""Bach""}]";"[{""anl"": """", ""bko"": """", ""brw"": 55, ""dat"": ""0001-01-01 BC"", ""gsm"": false, ""kor"": false, ""soa"": false, ""wrt"": false, ""zgr"": false, ""entw"": ""B"", ""gabe"": ""Der Gutachterausschuss für Grundstückswerte in der Klingenstadt Solingen"", ""jahr"": ""2025"", ""nuta"": ""GE"", ""stag"": ""2022-01-01"", ""farbe"": ""6"", ""anl_txt"": ""UNDEFINED"", ""flaeche"": 558.076015988599, ""prozent"": 100.00, ""entw_txt"": ""Baureifes Land"", ""nuta_txt"": ""Gewerbegebiet"", ""farbe_txt"": ""Außenbereich"", ""flaeche_amtl"": 548.0}, {""anl"": """", ""bko"": """", ""brw"": 2.3, ""dat"": ""0001-01-01 BC"", ""gsm"": false, ""kor"": false, ""soa"": false, ""wrt"": false, ""zgr"": false, ""entw"": ""LF"", ""gabe"": ""Der Gutachterausschuss für Grundstückswerte in der Klingenstadt Solingen"", ""jahr"": ""2025"", ""nuta"": ""L"", ""stag"": ""2022-01-01"", ""farbe"": ""5"", ""anl_txt"": ""UNDEFINED"", ""flaeche"": 558.076015988599, ""prozent"": 100.00, ""entw_txt"": ""Fläche der Land- und Forstwirtschaft"", ""nuta_txt"": ""landwirtschaftliche Fläche"", ""farbe_txt"": ""Landwirtschaft"", ""flaeche_amtl"": 548.0}, {""anl"": """", ""bko"": """", ""brw"": 0.5, ""dat"": ""0001-01-01 BC"", ""gsm"": false, ""kor"": false, ""soa"": false, ""wrt"": false, ""zgr"": false, ""entw"": ""LF"", ""gabe"": ""Der Gutachterausschuss für Grundstückswerte in der Klingenstadt Solingen"", ""jahr"": ""2025"", ""nuta"": ""F"", ""stag"": ""2022-01-01"", ""farbe"": ""4"", ""anl_txt"": ""UNDEFINED"", ""flaeche"": 558.076015988599, ""prozent"": 100.00, ""entw_txt"": ""Fläche der Land- und Forstwirtschaft"", ""nuta_txt"": ""forstwirtschaftliche Fläche"", ""farbe_txt"": ""Forstwirtschaft"", ""flaeche_amtl"": 548.0}, {""anl"": """", ""bko"": """", ""brw"": 15, ""dat"": ""0001-01-01 BC"", ""gsm"": false, ""kor"": false, ""soa"": false, ""wrt"": false, ""zgr"": false, ""entw"": ""SF"", ""gabe"": ""Der Gutachterausschuss für Grundstückswerte in der Klingenstadt Solingen"", ""jahr"": ""2025"", ""nuta"": ""FGA"", ""stag"": ""2022-01-01"", ""farbe"": ""7"", ""anl_txt"": ""UNDEFINED"", ""flaeche"": 558.076015988599, ""prozent"": 100.00, ""entw_txt"": ""Sonstige Fläche"", ""nuta_txt"": ""Freizeitgartenfläche"", ""farbe_txt"": ""Sonstige Fläche"", ""flaeche_amtl"": 548.0}, {""anl"": """", ""bko"": """", ""brw"": 240, ""dat"": ""0001-01-01 BC"", ""gsm"": false, ""kor"": false, ""soa"": false, ""wrt"": false, ""zgr"": false, ""entw"": ""B"", ""gabe"": ""Der Gutachterausschuss für Grundstückswerte in der Klingenstadt Solingen"", ""jahr"": ""2025"", ""nuta"": ""W"", ""stag"": ""2022-01-01"", ""farbe"": ""6"", ""anl_txt"": ""UNDEFINED"", ""flaeche"": 558.076015988599, ""prozent"": 100.00, ""entw_txt"": ""Baureifes Land"", ""nuta_txt"": ""Wohnbaufläche"", ""farbe_txt"": ""Außenbereich"", ""flaeche_amtl"": 548.0}]";558.076015988599;NULL
224;DENW16AL00003tYI;05231900200035______;NULL;NULL;NULL;NULL;NULL;NULL;Marienmünster;Born;052319;"[""0524120000255""]";2;35;NULL;97038.0;2023-11-14 10:05:58+01;01.01.2025;Landrat des Kreises Höxter;Kataster und Vermessung;NULL;NULL;NULL;NULL;NULL;NULL;NULL;NULL;NULL;NULL;NULL;95060;NULL;95060;61;0.61;97038;"[{""m2"": 1978, ""emz"": null, ""katasterklassifikation"": ""Weg""}]";"[{""anl"": """", ""bko"": """", ""brw"": 5, ""dat"": ""0001-01-01 BC"", ""gsm"": false, ""kor"": false, ""soa"": false, ""wrt"": false, ""zgr"": false, ""entw"": ""B"", ""gabe"": ""Der Gutachterausschuss für Grundstückswerte im Kreis Höxter"", ""jahr"": ""2025"", ""nuta"": ""G"", ""stag"": ""2022-01-01"", ""farbe"": ""6"", ""anl_txt"": ""UNDEFINED"", ""flaeche"": 97405.9311734727, ""prozent"": 100.00, ""entw_txt"": ""Baureifes Land"", ""nuta_txt"": ""gewerbliche Baufläche"", ""farbe_txt"": ""Außenbereich"", ""flaeche_amtl"": 97038.0}, {""anl"": """", ""bko"": """", ""brw"": 3.3, ""dat"": ""0001-01-01 BC"", ""gsm"": false, ""kor"": false, ""soa"": false, ""wrt"": false, ""zgr"": false, ""entw"": ""LF"", ""gabe"": ""Der Gutachterausschuss für Grundstückswerte im Kreis Höxter"", ""jahr"": ""2025"", ""nuta"": ""A"", ""stag"": ""2022-01-01"", ""farbe"": ""5"", ""anl_txt"": ""UNDEFINED"", ""flaeche"": 97405.9311734727, ""prozent"": 100.00, ""entw_txt"": ""Fläche der Land- und Forstwirtschaft"", ""nuta_txt"": ""Acker"", ""farbe_txt"": ""Landwirtschaft"", ""flaeche_amtl"": 97038.0}, {""anl"": """", ""bko"": """", ""brw"": 10, ""dat"": ""0001-01-01 BC"", ""gsm"": false, ""kor"": false, ""soa"": false, ""wrt"": false, ""zgr"": false, ""entw"": ""B"", ""gabe"": ""Der Gutachterausschuss für Grundstückswerte im Kreis Höxter"", ""jahr"": ""2025"", ""nuta"": ""W"", ""stag"": ""2022-01-01"", ""farbe"": ""6"", ""anl_txt"": ""UNDEFINED"", ""flaeche"": 97405.9311734727, ""prozent"": 100.00, ""entw_txt"": ""Baureifes Land"", ""nuta_txt"": ""Wohnbaufläche"", ""farbe_txt"": ""Außenbereich"", ""flaeche_amtl"": 97038.0}, {""anl"": """", ""bko"": """", ""brw"": 0.6, ""dat"": ""0001-01-01 BC"", ""gsm"": false, ""kor"": false, ""soa"": false, ""wrt"": false, ""zgr"": false, ""entw"": ""LF"", ""gabe"": ""Der Gutachterausschuss für Grundstückswerte im Kreis Höxter"", ""jahr"": ""2025"", ""nuta"": ""F"", ""stag"": ""2022-01-01"", ""farbe"": ""4"", ""anl_txt"": ""UNDEFINED"", ""flaeche"": 97405.9311734727, ""prozent"": 100.00, ""entw_txt"": ""Fläche der Land- und Forstwirtschaft"", ""nuta_txt"": ""forstwirtschaftliche Fläche"", ""farbe_txt"": ""Forstwirtschaft"", ""flaeche_amtl"": 97038.0}, {""anl"": """", ""bko"": """", ""brw"": 2.3, ""dat"": ""0001-01-01 BC"", ""gsm"": false, ""kor"": false, ""soa"": false, ""wrt"": false, ""zgr"": false, ""entw"": ""LF"", ""gabe"": ""Der Gutachterausschuss für Grundstückswerte im Kreis Höxter"", ""jahr"": ""2025"", ""nuta"": ""GR"", ""stag"": ""2022-01-01"", ""farbe"": ""5"", ""anl_txt"": ""UNDEFINED"", ""flaeche"": 97405.9311734727, ""prozent"": 100.00, ""entw_txt"": ""Fläche der Land- und Forstwirtschaft"", ""nuta_txt"": ""Grünland"", ""farbe_txt"": ""Landwirtschaft"", ""flaeche_amtl"": 97038.0}]";97405.9311734727;NULL
225;DENW16AL00006gWv;05236400100009______;NULL;NULL;NULL;NULL;NULL;NULL;Marienmünster;Hohehaus;052364;"[""0523640000005""]";1;9;NULL;19346.0;2023-11-14 10:05:58+01;01.01.2025;Landrat des Kreises Höxter;Kataster und Vermessung;19346;9172;NULL;NULL;NULL;NULL;NULL;NULL;NULL;19346;9172;NULL;NULL;NULL;41;0.41;19346;NULL;"[{""anl"": """", ""bko"": """", ""brw"": 5, ""dat"": ""0001-01-01 BC"", ""gsm"": false, ""kor"": false, ""soa"": false, ""wrt"": false, ""zgr"": false, ""entw"": ""B"", ""gabe"": ""Der Gutachterausschuss für Grundstückswerte im Kreis Höxter"", ""jahr"": ""2025"", ""nuta"": ""G"", ""stag"": ""2022-01-01"", ""farbe"": ""6"", ""anl_txt"": ""UNDEFINED"", ""flaeche"": 19330.6553064903, ""prozent"": 100.00, ""entw_txt"": ""Baureifes Land"", ""nuta_txt"": ""gewerbliche Baufläche"", ""farbe_txt"": ""Außenbereich"", ""flaeche_amtl"": 19346.0}, {""anl"": """", ""bko"": """", ""brw"": 2.6, ""dat"": ""0001-01-01 BC"", ""gsm"": false, ""kor"": false, ""soa"": false, ""wrt"": false, ""zgr"": false, ""entw"": ""LF"", ""gabe"": ""Der Gutachterausschuss für Grundstückswerte im Kreis Höxter"", ""jahr"": ""2025"", ""nuta"": ""A"", ""stag"": ""2022-01-01"", ""farbe"": ""5"", ""anl_txt"": ""UNDEFINED"", ""flaeche"": 19330.6553064903, ""prozent"": 100.00, ""entw_txt"": ""Fläche der Land- und Forstwirtschaft"", ""nuta_txt"": ""Acker"", ""farbe_txt"": ""Landwirtschaft"", ""flaeche_amtl"": 19346.0}, {""anl"": """", ""bko"": """", ""brw"": 13, ""dat"": ""0001-01-01 BC"", ""gsm"": false, ""kor"": false, ""soa"": false, ""wrt"": false, ""zgr"": false, ""entw"": ""B"", ""gabe"": ""Der Gutachterausschuss für Grundstückswerte im Kreis Höxter"", ""jahr"": ""2025"", ""nuta"": ""W"", ""stag"": ""2022-01-01"", ""farbe"": ""6"", ""anl_txt"": ""UNDEFINED"", ""flaeche"": 19330.6553064903, ""prozent"": 100.00, ""entw_txt"": ""Baureifes Land"", ""nuta_txt"": ""Wohnbaufläche"", ""farbe_txt"": ""Außenbereich"", ""flaeche_amtl"": 19346.0}, {""anl"": """", ""bko"": """", ""brw"": 2.1, ""dat"": ""0001-01-01 BC"", ""gsm"": false, ""kor"": false, ""soa"": false, ""wrt"": false, ""zgr"": false, ""entw"": ""LF"", ""gabe"": ""Der Gutachterausschuss für Grundstückswerte im Kreis Höxter"", ""jahr"": ""2025"", ""nuta"": ""GR"", ""stag"": ""2022-01-01"", ""farbe"": ""5"", ""anl_txt"": ""UNDEFINED"", ""flaeche"": 19330.6553064903, ""prozent"": 100.00, ""entw_txt"": ""Fläche der Land- und Forstwirtschaft"", ""nuta_txt"": ""Grünland"", ""farbe_txt"": ""Landwirtschaft"", ""flaeche_amtl"": 19346.0}, {""anl"": """", ""bko"": """", ""brw"": 0.6, ""dat"": ""0001-01-01 BC"", ""gsm"": false, ""kor"": false, ""soa"": false, ""wrt"": false, ""zgr"": false, ""entw"": ""LF"", ""gabe"": ""Der Gutachterausschuss für Grundstückswerte im Kreis Höxter"", ""jahr"": ""2025"", ""nuta"": ""F"", ""stag"": ""2022-01-01"", ""farbe"": ""4"", ""anl_txt"": ""UNDEFINED"", ""flaeche"": 19330.6553064903, ""prozent"": 100.00, ""entw_txt"": ""Fläche der Land- und Forstwirtschaft"", ""nuta_txt"": ""forstwirtschaftliche Fläche"", ""farbe_txt"": ""Forstwirtschaft"", ""flaeche_amtl"": 19346.0}]";19330.6553064903;NULL
226;DENW16AL00009BVP;05239600200020______;NULL;NULL;NULL;NULL;NULL;NULL;Marienmünster;Papenhöfen;052396;"[""0523960090055""]";2;20;NULL;2887.0;2023-11-14 10:05:58+01;01.01.2025;Landrat des Kreises Höxter;Kataster und Vermessung;NULL;NULL;NULL;NULL;NULL;NULL;NULL;NULL;NULL;NULL;NULL;1385;NULL;1385;36;0.36;2887;"[{""m2"": 1501, ""emz"": null, ""katasterklassifikation"": ""Graben""}]";"[{""anl"": """", ""bko"": """", ""brw"": 13, ""dat"": ""0001-01-01 BC"", ""gsm"": false, ""kor"": false, ""soa"": false, ""wrt"": false, ""zgr"": false, ""entw"": ""B"", ""gabe"": ""Der Gutachterausschuss für Grundstückswerte im Kreis Höxter"", ""jahr"": ""2025"", ""nuta"": ""W"", ""stag"": ""2022-01-01"", ""farbe"": ""6"", ""anl_txt"": ""UNDEFINED"", ""flaeche"": 2884.24616756909, ""prozent"": 100.00, ""entw_txt"": ""Baureifes Land"", ""nuta_txt"": ""Wohnbaufläche"", ""farbe_txt"": ""Außenbereich"", ""flaeche_amtl"": 2887.0}, {""anl"": """", ""bko"": """", ""brw"": 5, ""dat"": ""0001-01-01 BC"", ""gsm"": false, ""kor"": false, ""soa"": false, ""wrt"": false, ""zgr"": false, ""entw"": ""B"", ""gabe"": ""Der Gutachterausschuss für Grundstückswerte im Kreis Höxter"", ""jahr"": ""2025"", ""nuta"": ""G"", ""stag"": ""2022-01-01"", ""farbe"": ""6"", ""anl_txt"": ""UNDEFINED"", ""flaeche"": 2884.24616756909, ""prozent"": 100.00, ""entw_txt"": ""Baureifes Land"", ""nuta_txt"": ""gewerbliche Baufläche"", ""farbe_txt"": ""Außenbereich"", ""flaeche_amtl"": 2887.0}, {""anl"": """", ""bko"": """", ""brw"": 0.6, ""dat"": ""0001-01-01 BC"", ""gsm"": false, ""kor"": false, ""soa"": false, ""wrt"": false, ""zgr"": false, ""entw"": ""LF"", ""gabe"": ""Der Gutachterausschuss für Grundstückswerte im Kreis Höxter"", ""jahr"": ""2025"", ""nuta"": ""F"", ""stag"": ""2022-01-01"", ""farbe"": ""4"", ""anl_txt"": ""UNDEFINED"", ""flaeche"": 2884.24616756909, ""prozent"": 100.00, ""entw_txt"": ""Fläche der Land- und Forstwirtschaft"", ""nuta_txt"": ""forstwirtschaftliche Fläche"", ""farbe_txt"": ""Forstwirtschaft"", ""flaeche_amtl"": 2887.0}, {""anl"": """", ""bko"": """", ""brw"": 2, ""dat"": ""0001-01-01 BC"", ""gsm"": false, ""kor"": false, ""soa"": false, ""wrt"": false, ""zgr"": false, ""entw"": ""LF"", ""gabe"": ""Der Gutachterausschuss für Grundstückswerte im Kreis Höxter"", ""jahr"": ""2025"", ""nuta"": ""GR"", ""stag"": ""2022-01-01"", ""farbe"": ""5"", ""anl_txt"": ""UNDEFINED"", ""flaeche"": 2884.24616756909, ""prozent"": 100.00, ""entw_txt"": ""Fläche der Land- und Forstwirtschaft"", ""nuta_txt"": ""Grünland"", ""farbe_txt"": ""Landwirtschaft"", ""flaeche_amtl"": 2887.0}, {""anl"": """", ""bko"": """", ""brw"": 2.5, ""dat"": ""0001-01-01 BC"", ""gsm"": false, ""kor"": false, ""soa"": false, ""wrt"": false, ""zgr"": false, ""entw"": ""LF"", ""gabe"": ""Der Gutachterausschuss für Grundstückswerte im Kreis Höxter"", ""jahr"": ""2025"", ""nuta"": ""A"", ""stag"": ""2022-01-01"", ""farbe"": ""5"", ""anl_txt"": ""UNDEFINED"", ""flaeche"": 2884.24616756909, ""prozent"": 100.00, ""entw_txt"": ""Fläche der Land- und Forstwirtschaft"", ""nuta_txt"": ""Acker"", ""farbe_txt"": ""Landwirtschaft"", ""flaeche_amtl"": 2887.0}]";2884.24616756909;NULL
227;DENW43AL0000ros7;05455304000882______;NULL;Zeißstraße;30;NULL;52531;Übach-Palenberg;Übach-Palenberg;Übach-Palenberg;054553;"[""0545530009661""]";40;882;NULL;286.0;2024-02-15 09:16:08+01;01.01.2025;Landrat des Kreises Heinsberg;Vermessungs- und Katasteramt;NULL;NULL;NULL;NULL;NULL;NULL;NULL;NULL;NULL;NULL;NULL;NULL;NULL;NULL;80;0.80;286;"[{""m2"": 286, ""emz"": null, ""katasterklassifikation"": ""Wohnbaufläche""}]";"[{""anl"": """", ""bko"": """", ""brw"": 160, ""dat"": ""0001-01-01 BC"", ""gsm"": false, ""kor"": false, ""soa"": false, ""wrt"": false, ""zgr"": false, ""entw"": ""B"", ""gabe"": ""Der Gutachterausschuss für Grundstückswerte im Kreis Heinsberg"", ""jahr"": ""2025"", ""nuta"": ""W"", ""stag"": ""2022-01-01"", ""farbe"": ""1"", ""anl_txt"": ""UNDEFINED"", ""flaeche"": 286.20525799754, ""prozent"": 100.00, ""entw_txt"": ""Baureifes Land"", ""nuta_txt"": ""Wohnbaufläche"", ""farbe_txt"": ""Ein-/Zweigeschossig"", ""flaeche_amtl"": 286.0}]";286.20525799754;NULL
228;DENW43AL0000rpOL;05455307100066______;NULL;Fletstraße;14;NULL;52531;Übach-Palenberg;Übach-Palenberg;Übach-Palenberg;054553;"[""0545530001261""]";71;66;NULL;453.0;2024-02-15 09:16:08+01;01.01.2025;Landrat des Kreises Heinsberg;Vermessungs- und Katasteramt;NULL;NULL;NULL;NULL;NULL;NULL;NULL;NULL;NULL;NULL;NULL;NULL;NULL;NULL;80;0.80;453;"[{""m2"": 453, ""emz"": null, ""katasterklassifikation"": ""Wohnbaufläche""}]";"[{""anl"": """", ""bko"": """", ""brw"": 160, ""dat"": ""0001-01-01 BC"", ""gsm"": false, ""kor"": false, ""soa"": false, ""wrt"": false, ""zgr"": false, ""entw"": ""B"", ""gabe"": ""Der Gutachterausschuss für Grundstückswerte im Kreis Heinsberg"", ""jahr"": ""2025"", ""nuta"": ""MD"", ""stag"": ""2022-01-01"", ""farbe"": ""1"", ""anl_txt"": ""UNDEFINED"", ""flaeche"": 349.84546142344, ""prozent"": 77.13832275582947801900, ""entw_txt"": ""Baureifes Land"", ""nuta_txt"": ""Dorfgebiet"", ""farbe_txt"": ""Ein-/Zweigeschossig"", ""flaeche_amtl"": 349.436602083907535426070}, {""anl"": """", ""bko"": """", ""brw"": 0.5, ""dat"": ""0001-01-01 BC"", ""gsm"": false, ""kor"": false, ""soa"": false, ""wrt"": false, ""zgr"": false, ""entw"": ""LF"", ""gabe"": ""Der Gutachterausschuss für Grundstückswerte im Kreis Heinsberg"", ""jahr"": ""2025"", ""nuta"": ""F"", ""stag"": ""2022-01-01"", ""farbe"": ""4"", ""anl_txt"": ""UNDEFINED"", ""flaeche"": 103.684572547544, ""prozent"": 22.86167723723051853200, ""entw_txt"": ""Fläche der Land- und Forstwirtschaft"", ""nuta_txt"": ""forstwirtschaftliche Fläche"", ""farbe_txt"": ""Forstwirtschaft"", ""flaeche_amtl"": 103.563397884654248949960}, {""anl"": """", ""bko"": """", ""brw"": 90, ""dat"": ""0001-01-01 BC"", ""gsm"": false, ""kor"": false, ""soa"": false, ""wrt"": false, ""zgr"": false, ""entw"": ""B"", ""gabe"": ""Der Gutachterausschuss für Grundstückswerte im Kreis Heinsberg"", ""jahr"": ""2025"", ""nuta"": ""W"", ""stag"": ""2022-01-01"", ""farbe"": ""6"", ""anl_txt"": ""UNDEFINED"", ""flaeche"": 103.684572547544, ""prozent"": 22.86167723723051853200, ""entw_txt"": ""Baureifes Land"", ""nuta_txt"": ""Wohnbaufläche"", ""farbe_txt"": ""Außenbereich"", ""flaeche_amtl"": 103.563397884654248949960}, {""anl"": """", ""bko"": """", ""brw"": 8.2, ""dat"": ""0001-01-01 BC"", ""gsm"": false, ""kor"": false, ""soa"": false, ""wrt"": false, ""zgr"": false, ""entw"": ""LF"", ""gabe"": ""Der Gutachterausschuss für Grundstückswerte im Kreis Heinsberg"", ""jahr"": ""2025"", ""nuta"": ""L"", ""stag"": ""2022-01-01"", ""farbe"": ""5"", ""anl_txt"": ""UNDEFINED"", ""flaeche"": 103.684572547544, ""prozent"": 22.86167723723051853200, ""entw_txt"": ""Fläche der Land- und Forstwirtschaft"", ""nuta_txt"": ""landwirtschaftliche Fläche"", ""farbe_txt"": ""Landwirtschaft"", ""flaeche_amtl"": 103.563397884654248949960}]";453.530034002459;NULL
229;DENW43AL0000rpOJ;05455307100032______;NULL;Fletstraße;3;NULL;52531;Übach-Palenberg;Übach-Palenberg;Übach-Palenberg;054553;"[""0545530004430""]";71;32;NULL;384.0;2024-02-15 09:16:08+01;01.01.2025;Landrat des Kreises Heinsberg;Vermessungs- und Katasteramt;NULL;NULL;NULL;NULL;NULL;NULL;NULL;NULL;NULL;NULL;NULL;NULL;NULL;NULL;80;0.80;384;"[{""m2"": 384, ""emz"": null, ""katasterklassifikation"": ""Wohnbaufläche""}]";"[{""anl"": """", ""bko"": """", ""brw"": 160, ""dat"": ""0001-01-01 BC"", ""gsm"": false, ""kor"": false, ""soa"": false, ""wrt"": false, ""zgr"": false, ""entw"": ""B"", ""gabe"": ""Der Gutachterausschuss für Grundstückswerte im Kreis Heinsberg"", ""jahr"": ""2025"", ""nuta"": ""MD"", ""stag"": ""2022-01-01"", ""farbe"": ""1"", ""anl_txt"": ""UNDEFINED"", ""flaeche"": 383.786483506764, ""prozent"": 100.00, ""entw_txt"": ""Baureifes Land"", ""nuta_txt"": ""Dorfgebiet"", ""farbe_txt"": ""Ein-/Zweigeschossig"", ""flaeche_amtl"": 384.0}]";383.786483506764;NULL
230;DENW43AL0000rpR2;05455307200022______;NULL;Heerlener Straße;267;NULL;52531;Übach-Palenberg;Übach-Palenberg;Übach-Palenberg;054553;"[""0545530000410""]";72;22;NULL;1306.0;2024-02-15 09:16:08+01;01.01.2025;Landrat des Kreises Heinsberg;Vermessungs- und Katasteramt;777;NULL;621;NULL;NULL;NULL;NULL;NULL;NULL;777;621;NULL;NULL;NULL;80;0.80;1306;"[{""m2"": 529, ""emz"": null, ""katasterklassifikation"": ""Wohnbaufläche""}]";"[{""anl"": """", ""bko"": """", ""brw"": 0.5, ""dat"": ""0001-01-01 BC"", ""gsm"": false, ""kor"": false, ""soa"": false, ""wrt"": false, ""zgr"": false, ""entw"": ""LF"", ""gabe"": ""Der Gutachterausschuss für Grundstückswerte im Kreis Heinsberg"", ""jahr"": ""2025"", ""nuta"": ""F"", ""stag"": ""2022-01-01"", ""farbe"": ""4"", ""anl_txt"": ""UNDEFINED"", ""flaeche"": 921.090652353275, ""prozent"": 70.52348060841277883300, ""entw_txt"": ""Fläche der Land- und Forstwirtschaft"", ""nuta_txt"": ""forstwirtschaftliche Fläche"", ""farbe_txt"": ""Forstwirtschaft"", ""flaeche_amtl"": 921.036656745870891558980}, {""anl"": """", ""bko"": """", ""brw"": 90, ""dat"": ""0001-01-01 BC"", ""gsm"": false, ""kor"": false, ""soa"": false, ""wrt"": false, ""zgr"": false, ""entw"": ""B"", ""gabe"": ""Der Gutachterausschuss für Grundstückswerte im Kreis Heinsberg"", ""jahr"": ""2025"", ""nuta"": ""W"", ""stag"": ""2022-01-01"", ""farbe"": ""6"", ""anl_txt"": ""UNDEFINED"", ""flaeche"": 921.090652353275, ""prozent"": 70.52348060841277883300, ""entw_txt"": ""Baureifes Land"", ""nuta_txt"": ""Wohnbaufläche"", ""farbe_txt"": ""Außenbereich"", ""flaeche_amtl"": 921.036656745870891558980}, {""anl"": """", ""bko"": """", ""brw"": 8.2, ""dat"": ""0001-01-01 BC"", ""gsm"": false, ""kor"": false, ""soa"": false, ""wrt"": false, ""zgr"": false, ""entw"": ""LF"", ""gabe"": ""Der Gutachterausschuss für Grundstückswerte im Kreis Heinsberg"", ""jahr"": ""2025"", ""nuta"": ""L"", ""stag"": ""2022-01-01"", ""farbe"": ""5"", ""anl_txt"": ""UNDEFINED"", ""flaeche"": 921.090652353275, ""prozent"": 70.52348060841277883300, ""entw_txt"": ""Fläche der Land- und Forstwirtschaft"", ""nuta_txt"": ""landwirtschaftliche Fläche"", ""farbe_txt"": ""Landwirtschaft"", ""flaeche_amtl"": 921.036656745870891558980}, {""anl"": """", ""bko"": """", ""brw"": 160, ""dat"": ""0001-01-01 BC"", ""gsm"": false, ""kor"": false, ""soa"": false, ""wrt"": false, ""zgr"": false, ""entw"": ""B"", ""gabe"": ""Der Gutachterausschuss für Grundstückswerte im Kreis Heinsberg"", ""jahr"": ""2025"", ""nuta"": ""MD"", ""stag"": ""2022-01-01"", ""farbe"": ""1"", ""anl_txt"": ""UNDEFINED"", ""flaeche"": 384.985911642551, ""prozent"": 29.47651939021333540100, ""entw_txt"": ""Baureifes Land"", ""nuta_txt"": ""Dorfgebiet"", ""farbe_txt"": ""Ein-/Zweigeschossig"", ""flaeche_amtl"": 384.963343236186160337060}]";1306.07656401377;NULL
231;DENW16AL00009BWa;05239600200052______;NULL;NULL;NULL;NULL;NULL;NULL;Marienmünster;Papenhöfen;052396;"[""0523960090055""]";2;52;NULL;2468.0;2023-11-14 10:05:58+01;01.01.2025;Landrat des Kreises Höxter;Kataster und Vermessung;NULL;NULL;NULL;NULL;NULL;NULL;NULL;NULL;NULL;NULL;NULL;NULL;NULL;NULL;36;0.36;2468;"[{""m2"": 2468, ""emz"": null, ""katasterklassifikation"": ""Graben""}]";"[{""anl"": """", ""bko"": """", ""brw"": 13, ""dat"": ""0001-01-01 BC"", ""gsm"": false, ""kor"": false, ""soa"": false, ""wrt"": false, ""zgr"": false, ""entw"": ""B"", ""gabe"": ""Der Gutachterausschuss für Grundstückswerte im Kreis Höxter"", ""jahr"": ""2025"", ""nuta"": ""W"", ""stag"": ""2022-01-01"", ""farbe"": ""6"", ""anl_txt"": ""UNDEFINED"", ""flaeche"": 2466.78756744604, ""prozent"": 100.00, ""entw_txt"": ""Baureifes Land"", ""nuta_txt"": ""Wohnbaufläche"", ""farbe_txt"": ""Außenbereich"", ""flaeche_amtl"": 2468.0}, {""anl"": """", ""bko"": """", ""brw"": 5, ""dat"": ""0001-01-01 BC"", ""gsm"": false, ""kor"": false, ""soa"": false, ""wrt"": false, ""zgr"": false, ""entw"": ""B"", ""gabe"": ""Der Gutachterausschuss für Grundstückswerte im Kreis Höxter"", ""jahr"": ""2025"", ""nuta"": ""G"", ""stag"": ""2022-01-01"", ""farbe"": ""6"", ""anl_txt"": ""UNDEFINED"", ""flaeche"": 2466.78756744604, ""prozent"": 100.00, ""entw_txt"": ""Baureifes Land"", ""nuta_txt"": ""gewerbliche Baufläche"", ""farbe_txt"": ""Außenbereich"", ""flaeche_amtl"": 2468.0}, {""anl"": """", ""bko"": """", ""brw"": 0.6, ""dat"": ""0001-01-01 BC"", ""gsm"": false, ""kor"": false, ""soa"": false, ""wrt"": false, ""zgr"": false, ""entw"": ""LF"", ""gabe"": ""Der Gutachterausschuss für Grundstückswerte im Kreis Höxter"", ""jahr"": ""2025"", ""nuta"": ""F"", ""stag"": ""2022-01-01"", ""farbe"": ""4"", ""anl_txt"": ""UNDEFINED"", ""flaeche"": 2466.78756744604, ""prozent"": 100.00, ""entw_txt"": ""Fläche der Land- und Forstwirtschaft"", ""nuta_txt"": ""forstwirtschaftliche Fläche"", ""farbe_txt"": ""Forstwirtschaft"", ""flaeche_amtl"": 2468.0}, {""anl"": """", ""bko"": """", ""brw"": 2, ""dat"": ""0001-01-01 BC"", ""gsm"": false, ""kor"": false, ""soa"": false, ""wrt"": false, ""zgr"": false, ""entw"": ""LF"", ""gabe"": ""Der Gutachterausschuss für Grundstückswerte im Kreis Höxter"", ""jahr"": ""2025"", ""nuta"": ""GR"", ""stag"": ""2022-01-01"", ""farbe"": ""5"", ""anl_txt"": ""UNDEFINED"", ""flaeche"": 2466.78756744604, ""prozent"": 100.00, ""entw_txt"": ""Fläche der Land- und Forstwirtschaft"", ""nuta_txt"": ""Grünland"", ""farbe_txt"": ""Landwirtschaft"", ""flaeche_amtl"": 2468.0}, {""anl"": """", ""bko"": """", ""brw"": 2.5, ""dat"": ""0001-01-01 BC"", ""gsm"": false, ""kor"": false, ""soa"": false, ""wrt"": false, ""zgr"": false, ""entw"": ""LF"", ""gabe"": ""Der Gutachterausschuss für Grundstückswerte im Kreis Höxter"", ""jahr"": ""2025"", ""nuta"": ""A"", ""stag"": ""2022-01-01"", ""farbe"": ""5"", ""anl_txt"": ""UNDEFINED"", ""flaeche"": 2466.78756744604, ""prozent"": 100.00, ""entw_txt"": ""Fläche der Land- und Forstwirtschaft"", ""nuta_txt"": ""Acker"", ""farbe_txt"": ""Landwirtschaft"", ""flaeche_amtl"": 2468.0}]";2466.78756744604;NULL
232;DENW16AL0000f14z;05235100300021______;NULL;NULL;NULL;NULL;NULL;NULL;Marienmünster;Großenbreden;052351;"[""0523510090055""]";3;21;NULL;2510.0;2023-11-14 10:05:58+01;01.01.2025;Landrat des Kreises Höxter;Kataster und Vermessung;NULL;NULL;NULL;NULL;NULL;NULL;NULL;NULL;NULL;NULL;NULL;NULL;NULL;NULL;47;0.47;2510;"[{""m2"": 2510, ""emz"": null, ""katasterklassifikation"": ""Graben""}]";"[{""anl"": """", ""bko"": """", ""brw"": 5, ""dat"": ""0001-01-01 BC"", ""gsm"": false, ""kor"": false, ""soa"": false, ""wrt"": false, ""zgr"": false, ""entw"": ""B"", ""gabe"": ""Der Gutachterausschuss für Grundstückswerte im Kreis Höxter"", ""jahr"": ""2025"", ""nuta"": ""G"", ""stag"": ""2022-01-01"", ""farbe"": ""6"", ""anl_txt"": ""UNDEFINED"", ""flaeche"": 2507.93204050885, ""prozent"": 100.00, ""entw_txt"": ""Baureifes Land"", ""nuta_txt"": ""gewerbliche Baufläche"", ""farbe_txt"": ""Außenbereich"", ""flaeche_amtl"": 2510.0}, {""anl"": """", ""bko"": """", ""brw"": 2.9, ""dat"": ""0001-01-01 BC"", ""gsm"": false, ""kor"": false, ""soa"": false, ""wrt"": false, ""zgr"": false, ""entw"": ""LF"", ""gabe"": ""Der Gutachterausschuss für Grundstückswerte im Kreis Höxter"", ""jahr"": ""2025"", ""nuta"": ""A"", ""stag"": ""2022-01-01"", ""farbe"": ""5"", ""anl_txt"": ""UNDEFINED"", ""flaeche"": 2507.93204050885, ""prozent"": 100.00, ""entw_txt"": ""Fläche der Land- und Forstwirtschaft"", ""nuta_txt"": ""Acker"", ""farbe_txt"": ""Landwirtschaft"", ""flaeche_amtl"": 2510.0}, {""anl"": """", ""bko"": """", ""brw"": 2.3, ""dat"": ""0001-01-01 BC"", ""gsm"": false, ""kor"": false, ""soa"": false, ""wrt"": false, ""zgr"": false, ""entw"": ""LF"", ""gabe"": ""Der Gutachterausschuss für Grundstückswerte im Kreis Höxter"", ""jahr"": ""2025"", ""nuta"": ""GR"", ""stag"": ""2022-01-01"", ""farbe"": ""5"", ""anl_txt"": ""UNDEFINED"", ""flaeche"": 2507.93204050885, ""prozent"": 100.00, ""entw_txt"": ""Fläche der Land- und Forstwirtschaft"", ""nuta_txt"": ""Grünland"", ""farbe_txt"": ""Landwirtschaft"", ""flaeche_amtl"": 2510.0}, {""anl"": """", ""bko"": """", ""brw"": 0.6, ""dat"": ""0001-01-01 BC"", ""gsm"": false, ""kor"": false, ""soa"": false, ""wrt"": false, ""zgr"": false, ""entw"": ""LF"", ""gabe"": ""Der Gutachterausschuss für Grundstückswerte im Kreis Höxter"", ""jahr"": ""2025"", ""nuta"": ""F"", ""stag"": ""2022-01-01"", ""farbe"": ""4"", ""anl_txt"": ""UNDEFINED"", ""flaeche"": 2507.93204050885, ""prozent"": 100.00, ""entw_txt"": ""Fläche der Land- und Forstwirtschaft"", ""nuta_txt"": ""forstwirtschaftliche Fläche"", ""farbe_txt"": ""Forstwirtschaft"", ""flaeche_amtl"": 2510.0}, {""anl"": """", ""bko"": """", ""brw"": 13, ""dat"": ""0001-01-01 BC"", ""gsm"": false, ""kor"": false, ""soa"": false, ""wrt"": false, ""zgr"": false, ""entw"": ""B"", ""gabe"": ""Der Gutachterausschuss für Grundstückswerte im Kreis Höxter"", ""jahr"": ""2025"", ""nuta"": ""W"", ""stag"": ""2022-01-01"", ""farbe"": ""6"", ""anl_txt"": ""UNDEFINED"", ""flaeche"": 2507.93204050885, ""prozent"": 100.00, ""entw_txt"": ""Baureifes Land"", ""nuta_txt"": ""Wohnbaufläche"", ""farbe_txt"": ""Außenbereich"", ""flaeche_amtl"": 2510.0}]";2507.93204050885;NULL
233;DENW16AL0000UyBI;05234601300462______;NULL;NULL;NULL;NULL;NULL;NULL;Höxter;Fürstenau;052346;"[""0523460000713""]";13;462;NULL;5644.0;2024-03-15 10:50:05+01;01.01.2025;Landrat des Kreises Höxter;Kataster und Vermessung;NULL;NULL;NULL;NULL;NULL;NULL;NULL;NULL;NULL;NULL;NULL;NULL;NULL;NULL;43;0.43;5644;"[{""m2"": 1404, ""emz"": null, ""katasterklassifikation"": ""Industrie und Gewerbe""}, {""m2"": 1898, ""emz"": null, ""katasterklassifikation"": ""Entsorgung""}, {""m2"": 2342, ""emz"": null, ""katasterklassifikation"": ""Straßenverkehr""}]";"[{""anl"": """", ""bko"": """", ""brw"": 15, ""dat"": ""0001-01-01 BC"", ""gsm"": false, ""kor"": false, ""soa"": false, ""wrt"": false, ""zgr"": false, ""entw"": ""B"", ""gabe"": ""Der Gutachterausschuss für Grundstückswerte im Kreis Höxter"", ""jahr"": ""2025"", ""nuta"": ""G"", ""stag"": ""2022-01-01"", ""farbe"": ""3"", ""anl_txt"": ""UNDEFINED"", ""flaeche"": 3736.59612122549, ""prozent"": 66.25874957928205044800, ""entw_txt"": ""Baureifes Land"", ""nuta_txt"": ""gewerbliche Baufläche"", ""farbe_txt"": ""Gewerbe/Industrie/Sondergebiete"", ""flaeche_amtl"": 3739.643826254678927285120}, {""anl"": """", ""bko"": """", ""brw"": 7, ""dat"": ""0001-01-01 BC"", ""gsm"": false, ""kor"": false, ""soa"": false, ""wrt"": false, ""zgr"": false, ""entw"": ""B"", ""gabe"": ""Der Gutachterausschuss für Grundstückswerte im Kreis Höxter"", ""jahr"": ""2025"", ""nuta"": ""G"", ""stag"": ""2022-01-01"", ""farbe"": ""6"", ""anl_txt"": ""UNDEFINED"", ""flaeche"": 1902.80417673643, ""prozent"": 33.74125042003241566600, ""entw_txt"": ""Baureifes Land"", ""nuta_txt"": ""gewerbliche Baufläche"", ""farbe_txt"": ""Außenbereich"", ""flaeche_amtl"": 1904.356173706629540189040}, {""anl"": """", ""bko"": """", ""brw"": 19, ""dat"": ""0001-01-01 BC"", ""gsm"": false, ""kor"": false, ""soa"": false, ""wrt"": false, ""zgr"": false, ""entw"": ""B"", ""gabe"": ""Der Gutachterausschuss für Grundstückswerte im Kreis Höxter"", ""jahr"": ""2025"", ""nuta"": ""W"", ""stag"": ""2022-01-01"", ""farbe"": ""6"", ""anl_txt"": ""UNDEFINED"", ""flaeche"": 1902.80417673643, ""prozent"": 33.74125042003241566600, ""entw_txt"": ""Baureifes Land"", ""nuta_txt"": ""Wohnbaufläche"", ""farbe_txt"": ""Außenbereich"", ""flaeche_amtl"": 1904.356173706629540189040}, {""anl"": """", ""bko"": """", ""brw"": 0.6, ""dat"": ""0001-01-01 BC"", ""gsm"": false, ""kor"": false, ""soa"": false, ""wrt"": false, ""zgr"": false, ""entw"": ""LF"", ""gabe"": ""Der Gutachterausschuss für Grundstückswerte im Kreis Höxter"", ""jahr"": ""2025"", ""nuta"": ""F"", ""stag"": ""2022-01-01"", ""farbe"": ""4"", ""anl_txt"": ""UNDEFINED"", ""flaeche"": 1902.80417673643, ""prozent"": 33.74125042003241566600, ""entw_txt"": ""Fläche der Land- und Forstwirtschaft"", ""nuta_txt"": ""forstwirtschaftliche Fläche"", ""farbe_txt"": ""Forstwirtschaft"", ""flaeche_amtl"": 1904.356173706629540189040}, {""anl"": """", ""bko"": """", ""brw"": 1.7, ""dat"": ""0001-01-01 BC"", ""gsm"": false, ""kor"": false, ""soa"": false, ""wrt"": false, ""zgr"": false, ""entw"": ""LF"", ""gabe"": ""Der Gutachterausschuss für Grundstückswerte im Kreis Höxter"", ""jahr"": ""2025"", ""nuta"": ""GR"", ""stag"": ""2022-01-01"", ""farbe"": ""5"", ""anl_txt"": ""UNDEFINED"", ""flaeche"": 1902.80417673643, ""prozent"": 33.74125042003241566600, ""entw_txt"": ""Fläche der Land- und Forstwirtschaft"", ""nuta_txt"": ""Grünland"", ""farbe_txt"": ""Landwirtschaft"", ""flaeche_amtl"": 1904.356173706629540189040}, {""anl"": """", ""bko"": """", ""brw"": 2.8, ""dat"": ""0001-01-01 BC"", ""gsm"": false, ""kor"": false, ""soa"": false, ""wrt"": false, ""zgr"": false, ""entw"": ""LF"", ""gabe"": ""Der Gutachterausschuss für Grundstückswerte im Kreis Höxter"", ""jahr"": ""2025"", ""nuta"": ""A"", ""stag"": ""2022-01-01"", ""farbe"": ""5"", ""anl_txt"": ""UNDEFINED"", ""flaeche"": 1902.80417673643, ""prozent"": 33.74125042003241566600, ""entw_txt"": ""Fläche der Land- und Forstwirtschaft"", ""nuta_txt"": ""Acker"", ""farbe_txt"": ""Landwirtschaft"", ""flaeche_amtl"": 1904.356173706629540189040}]";5639.40029800058;NULL
234;DENW02AL1000NqXg;05124900300691______;NULL;NULL;NULL;NULL;NULL;NULL;Dortmund;Bodelschwingh;051249;"[""0591170007187""]";3;691;NULL;17.0;2024-12-30 10:48:29+01;01.01.2025;Oberbürgermeister der Stadt Dortmund;Vermessungs- und Katasteramt;NULL;NULL;NULL;NULL;NULL;NULL;NULL;NULL;NULL;NULL;NULL;NULL;NULL;NULL;64;0.64;17;"[{""m2"": 17, ""emz"": null, ""katasterklassifikation"": ""Teich""}]";"[{""anl"": """", ""bko"": """", ""brw"": 1.2, ""dat"": ""0001-01-01 BC"", ""gsm"": false, ""kor"": false, ""soa"": false, ""wrt"": false, ""zgr"": false, ""entw"": ""LF"", ""gabe"": ""Der Gutachterausschuss für Grundstückswerte in der Stadt Dortmund"", ""jahr"": ""2025"", ""nuta"": ""F"", ""stag"": ""2022-01-01"", ""farbe"": ""4"", ""anl_txt"": ""UNDEFINED"", ""flaeche"": 16.3491899971058, ""prozent"": 100.00, ""entw_txt"": ""Fläche der Land- und Forstwirtschaft"", ""nuta_txt"": ""forstwirtschaftliche Fläche"", ""farbe_txt"": ""Forstwirtschaft"", ""flaeche_amtl"": 17.0}, {""anl"": """", ""bko"": """", ""brw"": 195, ""dat"": ""0001-01-01 BC"", ""gsm"": false, ""kor"": false, ""soa"": false, ""wrt"": false, ""zgr"": false, ""entw"": ""B"", ""gabe"": ""Der Gutachterausschuss für Grundstückswerte in der Stadt Dortmund"", ""jahr"": ""2025"", ""nuta"": ""W"", ""stag"": ""2022-01-01"", ""farbe"": ""6"", ""anl_txt"": ""UNDEFINED"", ""flaeche"": 16.3491899971058, ""prozent"": 100.00, ""entw_txt"": ""Baureifes Land"", ""nuta_txt"": ""Wohnbaufläche"", ""farbe_txt"": ""Außenbereich"", ""flaeche_amtl"": 17.0}, {""anl"": """", ""bko"": """", ""brw"": 9, ""dat"": ""0001-01-01 BC"", ""gsm"": false, ""kor"": false, ""soa"": false, ""wrt"": false, ""zgr"": false, ""entw"": ""LF"", ""gabe"": ""Der Gutachterausschuss für Grundstückswerte in der Stadt Dortmund"", ""jahr"": ""2025"", ""nuta"": ""A"", ""stag"": ""2022-01-01"", ""farbe"": ""5"", ""anl_txt"": ""UNDEFINED"", ""flaeche"": 16.3491899971058, ""prozent"": 100.00, ""entw_txt"": ""Fläche der Land- und Forstwirtschaft"", ""nuta_txt"": ""Acker"", ""farbe_txt"": ""Landwirtschaft"", ""flaeche_amtl"": 17.0}]";16.3491899971058;NULL
235;DENW53AL0000yX4q;05503501200392______;NULL;NULL;NULL;NULL;NULL;NULL;Tecklenburg;Tecklenburg;055035;"[""0550350000811""]";12;392;NULL;56.0;2023-10-24 14:20:04+02;01.01.2025;Landrat des Kreises Steinfurt;Vermessungs- und Katasteramt;NULL;NULL;NULL;NULL;NULL;NULL;NULL;NULL;NULL;NULL;NULL;NULL;NULL;NULL;44;0.44;56;"[{""m2"": 56, ""emz"": null, ""katasterklassifikation"": ""Wohnbaufläche""}]";"[{""anl"": """", ""bko"": """", ""brw"": 195, ""dat"": ""0001-01-01 BC"", ""gsm"": false, ""kor"": false, ""soa"": false, ""wrt"": false, ""zgr"": false, ""entw"": ""B"", ""gabe"": ""Der Gutachterausschuss für Grundstückswerte im Kreis Steinfurt"", ""jahr"": ""2025"", ""nuta"": ""WA"", ""stag"": ""2022-01-01"", ""farbe"": ""1"", ""anl_txt"": ""UNDEFINED"", ""flaeche"": 56.1244949984764, ""prozent"": 100.00, ""entw_txt"": ""Baureifes Land"", ""nuta_txt"": ""allgemeines Wohngebiet"", ""farbe_txt"": ""Ein-/Zweigeschossig"", ""flaeche_amtl"": 56.0}]";56.1244949984764;NULL
236;DENW08AL00000BOp;05100705300144______;NULL;NULL;NULL;NULL;NULL;NULL;Kierspe;Kierspe;051007;"[""0510070090001""]";53;144;NULL;4651.0;2023-12-04 12:27:22+01;01.01.2025;Landrat des Märkischen Kreises;Fachdienst 62 - Kataster und Geomanagement;NULL;NULL;NULL;NULL;NULL;NULL;NULL;NULL;NULL;NULL;NULL;2656;412;3068;28;0.28;4651;"[{""m2"": 9, ""emz"": null, ""katasterklassifikation"": ""Graben""}, {""m2"": 13, ""emz"": null, ""katasterklassifikation"": ""Weg""}, {""m2"": 1562, ""emz"": null, ""katasterklassifikation"": ""Bach""}]";"[{""anl"": """", ""bko"": """", ""brw"": 2, ""dat"": ""0001-01-01 BC"", ""gsm"": false, ""kor"": false, ""soa"": false, ""wrt"": false, ""zgr"": false, ""entw"": ""LF"", ""gabe"": ""Der Gutachterausschuss für Grundstückswerte im Märkischen Kreis"", ""jahr"": ""2025"", ""nuta"": ""GR"", ""stag"": ""2022-01-01"", ""farbe"": ""5"", ""anl_txt"": ""UNDEFINED"", ""flaeche"": 4483.44198150316, ""prozent"": 100.00, ""entw_txt"": ""Fläche der Land- und Forstwirtschaft"", ""nuta_txt"": ""Grünland"", ""farbe_txt"": ""Landwirtschaft"", ""flaeche_amtl"": 4651.0}, {""anl"": """", ""bko"": """", ""brw"": 55, ""dat"": ""0001-01-01 BC"", ""gsm"": false, ""kor"": false, ""soa"": false, ""wrt"": false, ""zgr"": false, ""entw"": ""B"", ""gabe"": ""Der Gutachterausschuss für Grundstückswerte im Märkischen Kreis"", ""jahr"": ""2025"", ""nuta"": ""W"", ""stag"": ""2022-01-01"", ""farbe"": ""6"", ""anl_txt"": ""UNDEFINED"", ""flaeche"": 4483.44198150316, ""prozent"": 100.00, ""entw_txt"": ""Baureifes Land"", ""nuta_txt"": ""Wohnbaufläche"", ""farbe_txt"": ""Außenbereich"", ""flaeche_amtl"": 4651.0}, {""anl"": """", ""bko"": """", ""brw"": 2.6, ""dat"": ""0001-01-01 BC"", ""gsm"": false, ""kor"": false, ""soa"": false, ""wrt"": false, ""zgr"": false, ""entw"": ""LF"", ""gabe"": ""Der Gutachterausschuss für Grundstückswerte im Märkischen Kreis"", ""jahr"": ""2025"", ""nuta"": ""A"", ""stag"": ""2022-01-01"", ""farbe"": ""5"", ""anl_txt"": ""UNDEFINED"", ""flaeche"": 4483.44198150316, ""prozent"": 100.00, ""entw_txt"": ""Fläche der Land- und Forstwirtschaft"", ""nuta_txt"": ""Acker"", ""farbe_txt"": ""Landwirtschaft"", ""flaeche_amtl"": 4651.0}, {""anl"": """", ""bko"": """", ""brw"": 0.45, ""dat"": ""0001-01-01 BC"", ""gsm"": false, ""kor"": false, ""soa"": false, ""wrt"": false, ""zgr"": false, ""entw"": ""LF"", ""gabe"": ""Der Gutachterausschuss für Grundstückswerte im Märkischen Kreis"", ""jahr"": ""2025"", ""nuta"": ""F"", ""stag"": ""2022-01-01"", ""farbe"": ""4"", ""anl_txt"": ""UNDEFINED"", ""flaeche"": 4483.44198150316, ""prozent"": 100.00, ""entw_txt"": ""Fläche der Land- und Forstwirtschaft"", ""nuta_txt"": ""forstwirtschaftliche Fläche"", ""farbe_txt"": ""Forstwirtschaft"", ""flaeche_amtl"": 4651.0}]";4483.44198150316;NULL
237;DENW10AL10008mfX;05182600600068______;NULL;NULL;NULL;NULL;NULL;NULL;Erndtebrück;Birkelbach;051826;"[""0518260000001""]";6;68;NULL;7837.0;2024-08-23 13:46:53+02;01.01.2025;Landrat des Kreises Siegen-Wittgenstein;Amt für Liegenschaftskataster und Geoinformation;NULL;NULL;NULL;NULL;NULL;NULL;NULL;NULL;NULL;NULL;NULL;NULL;NULL;NULL;32;0.32;7837;"[{""m2"": 3613, ""emz"": null, ""katasterklassifikation"": ""Weg""}, {""m2"": 4225, ""emz"": null, ""katasterklassifikation"": ""Weg""}]";"[{""anl"": """", ""bko"": """", ""brw"": 0.6, ""dat"": ""0001-01-01 BC"", ""gsm"": false, ""kor"": false, ""soa"": false, ""wrt"": false, ""zgr"": false, ""entw"": ""LF"", ""gabe"": ""Der Gutachterausschuss für Grundstückswerte im Kreis Siegen-Wittgenstein"", ""jahr"": ""2025"", ""nuta"": ""F"", ""stag"": ""2022-01-01"", ""farbe"": ""4"", ""anl_txt"": ""UNDEFINED"", ""flaeche"": 7955.46860293279, ""prozent"": 100.00, ""entw_txt"": ""Fläche der Land- und Forstwirtschaft"", ""nuta_txt"": ""forstwirtschaftliche Fläche"", ""farbe_txt"": ""Forstwirtschaft"", ""flaeche_amtl"": 7837.0}, {""anl"": """", ""bko"": """", ""brw"": 1.35, ""dat"": ""0001-01-01 BC"", ""gsm"": false, ""kor"": false, ""soa"": false, ""wrt"": false, ""zgr"": false, ""entw"": ""LF"", ""gabe"": ""Der Gutachterausschuss für Grundstückswerte im Kreis Siegen-Wittgenstein"", ""jahr"": ""2025"", ""nuta"": ""L"", ""stag"": ""2022-01-01"", ""farbe"": ""5"", ""anl_txt"": ""UNDEFINED"", ""flaeche"": 7955.46860293279, ""prozent"": 100.00, ""entw_txt"": ""Fläche der Land- und Forstwirtschaft"", ""nuta_txt"": ""landwirtschaftliche Fläche"", ""farbe_txt"": ""Landwirtschaft"", ""flaeche_amtl"": 7837.0}, {""anl"": """", ""bko"": """", ""brw"": 20, ""dat"": ""0001-01-01 BC"", ""gsm"": false, ""kor"": false, ""soa"": false, ""wrt"": false, ""zgr"": false, ""entw"": ""B"", ""gabe"": ""Der Gutachterausschuss für Grundstückswerte im Kreis Siegen-Wittgenstein"", ""jahr"": ""2025"", ""nuta"": ""W"", ""stag"": ""2022-01-01"", ""farbe"": ""6"", ""anl_txt"": ""UNDEFINED"", ""flaeche"": 7955.46860293279, ""prozent"": 100.00, ""entw_txt"": ""Baureifes Land"", ""nuta_txt"": ""Wohnbaufläche"", ""farbe_txt"": ""Außenbereich"", ""flaeche_amtl"": 7837.0}]";7955.46860293279;NULL
238;DENW12AL0000b4rA;05123201102819______;NULL;NULL;NULL;NULL;NULL;NULL;Holzwickede;Holzwickede;051232;"[""0512320006696""]";11;2819;NULL;229.0;2023-12-08 09:54:59+01;01.01.2025;Landrat des Kreises Unna;Fachbereich Geoinformation und Kataster;NULL;NULL;NULL;NULL;NULL;NULL;NULL;NULL;NULL;NULL;NULL;NULL;NULL;NULL;67;0.67;229;"[{""m2"": 229, ""emz"": null, ""katasterklassifikation"": ""Wohnbaufläche""}]";"[{""anl"": """", ""bko"": """", ""brw"": 260, ""dat"": ""0001-01-01 BC"", ""gsm"": false, ""kor"": false, ""soa"": false, ""wrt"": false, ""zgr"": false, ""entw"": ""B"", ""gabe"": ""Der Gutachterausschuss für Grundstückswerte im Kreis Unna"", ""jahr"": ""2025"", ""nuta"": ""W"", ""stag"": ""2022-01-01"", ""farbe"": ""2"", ""anl_txt"": ""UNDEFINED"", ""flaeche"": 229.983805006642, ""prozent"": 100.00, ""entw_txt"": ""Baureifes Land"", ""nuta_txt"": ""Wohnbaufläche"", ""farbe_txt"": ""Misch-/Mehrgeschossig"", ""flaeche_amtl"": 229.0}]";229.983805006642;NULL
239;DENW16AL00002pJj;05231300800257______;NULL;NULL;NULL;NULL;NULL;NULL;Höxter;Bödexen;052313;"[""0523130000408""]";8;257;NULL;143.0;2023-11-14 10:05:58+01;01.01.2025;Landrat des Kreises Höxter;Kataster und Vermessung;NULL;NULL;NULL;NULL;NULL;NULL;NULL;NULL;NULL;NULL;NULL;NULL;NULL;NULL;39;0.39;143;"[{""m2"": 143, ""emz"": null, ""katasterklassifikation"": ""Weg""}]";"[{""anl"": """", ""bko"": """", ""brw"": 1.7, ""dat"": ""0001-01-01 BC"", ""gsm"": false, ""kor"": false, ""soa"": false, ""wrt"": false, ""zgr"": false, ""entw"": ""LF"", ""gabe"": ""Der Gutachterausschuss für Grundstückswerte im Kreis Höxter"", ""jahr"": ""2025"", ""nuta"": ""GR"", ""stag"": ""2022-01-01"", ""farbe"": ""5"", ""anl_txt"": ""UNDEFINED"", ""flaeche"": 147.062490500439, ""prozent"": 100.00, ""entw_txt"": ""Fläche der Land- und Forstwirtschaft"", ""nuta_txt"": ""Grünland"", ""farbe_txt"": ""Landwirtschaft"", ""flaeche_amtl"": 143.0}, {""anl"": """", ""bko"": """", ""brw"": 20, ""dat"": ""0001-01-01 BC"", ""gsm"": false, ""kor"": false, ""soa"": false, ""wrt"": false, ""zgr"": false, ""entw"": ""B"", ""gabe"": ""Der Gutachterausschuss für Grundstückswerte im Kreis Höxter"", ""jahr"": ""2025"", ""nuta"": ""W"", ""stag"": ""2022-01-01"", ""farbe"": ""6"", ""anl_txt"": ""UNDEFINED"", ""flaeche"": 147.062490500439, ""prozent"": 100.00, ""entw_txt"": ""Baureifes Land"", ""nuta_txt"": ""Wohnbaufläche"", ""farbe_txt"": ""Außenbereich"", ""flaeche_amtl"": 143.0}, {""anl"": """", ""bko"": """", ""brw"": 8, ""dat"": ""0001-01-01 BC"", ""gsm"": false, ""kor"": false, ""soa"": false, ""wrt"": false, ""zgr"": false, ""entw"": ""B"", ""gabe"": ""Der Gutachterausschuss für Grundstückswerte im Kreis Höxter"", ""jahr"": ""2025"", ""nuta"": ""G"", ""stag"": ""2022-01-01"", ""farbe"": ""6"", ""anl_txt"": ""UNDEFINED"", ""flaeche"": 147.062490500439, ""prozent"": 100.00, ""entw_txt"": ""Baureifes Land"", ""nuta_txt"": ""gewerbliche Baufläche"", ""farbe_txt"": ""Außenbereich"", ""flaeche_amtl"": 143.0}, {""anl"": """", ""bko"": """", ""brw"": 2.8, ""dat"": ""0001-01-01 BC"", ""gsm"": false, ""kor"": false, ""soa"": false, ""wrt"": false, ""zgr"": false, ""entw"": ""LF"", ""gabe"": ""Der Gutachterausschuss für Grundstückswerte im Kreis Höxter"", ""jahr"": ""2025"", ""nuta"": ""A"", ""stag"": ""2022-01-01"", ""farbe"": ""5"", ""anl_txt"": ""UNDEFINED"", ""flaeche"": 147.062490500439, ""prozent"": 100.00, ""entw_txt"": ""Fläche der Land- und Forstwirtschaft"", ""nuta_txt"": ""Acker"", ""farbe_txt"": ""Landwirtschaft"", ""flaeche_amtl"": 143.0}, {""anl"": """", ""bko"": """", ""brw"": 0.6, ""dat"": ""0001-01-01 BC"", ""gsm"": false, ""kor"": false, ""soa"": false, ""wrt"": false, ""zgr"": false, ""entw"": ""LF"", ""gabe"": ""Der Gutachterausschuss für Grundstückswerte im Kreis Höxter"", ""jahr"": ""2025"", ""nuta"": ""F"", ""stag"": ""2022-01-01"", ""farbe"": ""4"", ""anl_txt"": ""UNDEFINED"", ""flaeche"": 147.062490500439, ""prozent"": 100.00, ""entw_txt"": ""Fläche der Land- und Forstwirtschaft"", ""nuta_txt"": ""forstwirtschaftliche Fläche"", ""farbe_txt"": ""Forstwirtschaft"", ""flaeche_amtl"": 143.0}]";147.062490500439;NULL
240;DENW53AL0001SGa3;05503302501420______;NULL;NULL;NULL;NULL;NULL;NULL;Recke;Recke;055033;"[""0550330004000""]";25;1420;NULL;2765.0;2023-10-24 14:20:04+02;01.01.2025;Landrat des Kreises Steinfurt;Vermessungs- und Katasteramt;NULL;NULL;NULL;NULL;NULL;NULL;NULL;NULL;NULL;NULL;NULL;NULL;NULL;NULL;28;0.28;2765;"[{""m2"": 2235, ""emz"": null, ""katasterklassifikation"": ""Straßenverkehr""}, {""m2"": 83, ""emz"": null, ""katasterklassifikation"": ""Verkehrsbegleitfläche Straße""}, {""m2"": 447, ""emz"": null, ""katasterklassifikation"": ""Weg""}]";"[{""anl"": """", ""bko"": """", ""brw"": 100, ""dat"": ""0001-01-01 BC"", ""gsm"": false, ""kor"": false, ""soa"": false, ""wrt"": false, ""zgr"": false, ""entw"": ""B"", ""gabe"": ""Der Gutachterausschuss für Grundstückswerte im Kreis Steinfurt"", ""jahr"": ""2025"", ""nuta"": ""MD"", ""stag"": ""2022-01-01"", ""farbe"": ""1"", ""anl_txt"": ""UNDEFINED"", ""flaeche"": 2762.18488000076, ""prozent"": 100.00, ""entw_txt"": ""Baureifes Land"", ""nuta_txt"": ""Dorfgebiet"", ""farbe_txt"": ""Ein-/Zweigeschossig"", ""flaeche_amtl"": 2765.0}]";2762.18488000076;NULL
241;DENW12AL0000b4yS;05123201100608______;NULL;NULL;NULL;NULL;NULL;NULL;Holzwickede;Holzwickede;051232;"[""0512320006696""]";11;608;NULL;1151.0;2023-12-08 09:54:59+01;01.01.2025;Landrat des Kreises Unna;Fachbereich Geoinformation und Kataster;NULL;NULL;NULL;NULL;NULL;NULL;NULL;NULL;NULL;NULL;NULL;NULL;NULL;NULL;67;0.67;1151;"[{""m2"": 986, ""emz"": null, ""katasterklassifikation"": ""Straßenverkehr""}, {""m2"": 165, ""emz"": null, ""katasterklassifikation"": ""Weg""}]";"[{""anl"": """", ""bko"": """", ""brw"": 280, ""dat"": ""0001-01-01 BC"", ""gsm"": false, ""kor"": false, ""soa"": false, ""wrt"": false, ""zgr"": false, ""entw"": ""B"", ""gabe"": ""Der Gutachterausschuss für Grundstückswerte im Kreis Unna"", ""jahr"": ""2025"", ""nuta"": ""W"", ""stag"": ""2022-01-01"", ""farbe"": ""1"", ""anl_txt"": ""UNDEFINED"", ""flaeche"": 1148.16485600525, ""prozent"": 100.00, ""entw_txt"": ""Baureifes Land"", ""nuta_txt"": ""Wohnbaufläche"", ""farbe_txt"": ""Ein-/Zweigeschossig"", ""flaeche_amtl"": 1151.0}]";1148.16485600525;NULL
242;DENW12AL0000f3BQ;05140600200901______;NULL;NULL;NULL;NULL;NULL;NULL;Unna;Massen;051406;"[""0513960002502""]";2;901;NULL;2823.0;2023-12-08 09:54:59+01;01.01.2025;Landrat des Kreises Unna;Fachbereich Geoinformation und Kataster;NULL;NULL;NULL;NULL;NULL;NULL;NULL;NULL;NULL;NULL;NULL;NULL;NULL;NULL;65;0.65;2823;"[{""m2"": 614, ""emz"": null, ""katasterklassifikation"": ""Bach""}, {""m2"": 2208, ""emz"": null, ""katasterklassifikation"": ""Gewässerbegleitfläche""}]";"[{""anl"": """", ""bko"": """", ""brw"": 180, ""dat"": ""0001-01-01 BC"", ""gsm"": false, ""kor"": false, ""soa"": false, ""wrt"": false, ""zgr"": false, ""entw"": ""B"", ""gabe"": ""Der Gutachterausschuss für Grundstückswerte in der Stadt Unna"", ""jahr"": ""2025"", ""nuta"": ""W"", ""stag"": ""2022-01-01"", ""farbe"": ""1"", ""anl_txt"": ""UNDEFINED"", ""flaeche"": 2829.73536651854, ""prozent"": 100.00, ""entw_txt"": ""Baureifes Land"", ""nuta_txt"": ""Wohnbaufläche"", ""farbe_txt"": ""Ein-/Zweigeschossig"", ""flaeche_amtl"": 2823.0}]";2829.73536651854;NULL
243;DENW12AL0000p9JU;05139603701019______;NULL;NULL;NULL;NULL;NULL;NULL;Unna;Unna;051396;"[""0513960023327""]";37;1019;NULL;4019.0;2023-12-08 09:54:59+01;01.01.2025;Landrat des Kreises Unna;Fachbereich Geoinformation und Kataster;NULL;NULL;NULL;NULL;NULL;NULL;NULL;NULL;NULL;NULL;NULL;NULL;NULL;NULL;67;0.67;4019;"[{""m2"": 4019, ""emz"": null, ""katasterklassifikation"": ""Straßenverkehr""}]";"[{""anl"": """", ""bko"": """", ""brw"": 335, ""dat"": ""0001-01-01 BC"", ""gsm"": false, ""kor"": false, ""soa"": false, ""wrt"": false, ""zgr"": false, ""entw"": ""B"", ""gabe"": ""Der Gutachterausschuss für Grundstückswerte in der Stadt Unna"", ""jahr"": ""2025"", ""nuta"": ""W"", ""stag"": ""2022-01-01"", ""farbe"": ""1"", ""anl_txt"": ""UNDEFINED"", ""flaeche"": 1748.70120695165, ""prozent"": 43.78328666125261354800, ""entw_txt"": ""Baureifes Land"", ""nuta_txt"": ""Wohnbaufläche"", ""farbe_txt"": ""Ein-/Zweigeschossig"", ""flaeche_amtl"": 1759.650290915742538494120}, {""anl"": """", ""bko"": """", ""brw"": 270, ""dat"": ""0001-01-01 BC"", ""gsm"": false, ""kor"": false, ""soa"": false, ""wrt"": false, ""zgr"": false, ""entw"": ""B"", ""gabe"": ""Der Gutachterausschuss für Grundstückswerte in der Stadt Unna"", ""jahr"": ""2025"", ""nuta"": ""MI"", ""stag"": ""2022-01-01"", ""farbe"": ""2"", ""anl_txt"": ""UNDEFINED"", ""flaeche"": 1604.92107583491, ""prozent"": 40.18337681281687107400, ""entw_txt"": ""Baureifes Land"", ""nuta_txt"": ""Mischgebiet"", ""farbe_txt"": ""Misch-/Mehrgeschossig"", ""flaeche_amtl"": 1614.969914107110048464060}, {""anl"": """", ""bko"": """", ""brw"": 250, ""dat"": ""0001-01-01 BC"", ""gsm"": false, ""kor"": false, ""soa"": false, ""wrt"": false, ""zgr"": false, ""entw"": ""B"", ""gabe"": ""Der Gutachterausschuss für Grundstückswerte in der Stadt Unna"", ""jahr"": ""2025"", ""nuta"": ""W"", ""stag"": ""2022-01-01"", ""farbe"": ""1"", ""anl_txt"": ""UNDEFINED"", ""flaeche"": 640.197631855717, ""prozent"": 16.02901417575845948000, ""entw_txt"": ""Baureifes Land"", ""nuta_txt"": ""Wohnbaufläche"", ""farbe_txt"": ""Ein-/Zweigeschossig"", ""flaeche_amtl"": 644.206079723732486501200}]";3993.99254898609;NULL
244;DENW08AL0000Owbz;05101003300219______;NULL;NULL;NULL;NULL;NULL;NULL;Lüdenscheid;Lüdenscheid-Land;051010;"[""0510100002196""]";33;219;NULL;13459.0;2023-12-04 12:27:22+01;01.01.2025;Landrat des Märkischen Kreises;Fachdienst 62 - Kataster und Geomanagement;NULL;NULL;NULL;NULL;NULL;NULL;NULL;NULL;NULL;NULL;NULL;NULL;NULL;NULL;29;0.29;13459;"[{""m2"": 11713, ""emz"": null, ""katasterklassifikation"": ""Straßenverkehr""}, {""m2"": 14, ""emz"": null, ""katasterklassifikation"": ""Weg""}, {""m2"": 1732, ""emz"": null, ""katasterklassifikation"": ""Verkehrsbegleitfläche Straße""}]";"[{""anl"": """", ""bko"": """", ""brw"": 0.5, ""dat"": ""0001-01-01 BC"", ""gsm"": false, ""kor"": false, ""soa"": false, ""wrt"": false, ""zgr"": false, ""entw"": ""LF"", ""gabe"": ""Der Gutachterausschuss für Grundstückswerte in der Stadt Lüdenscheid"", ""jahr"": ""2025"", ""nuta"": ""F"", ""stag"": ""2022-01-01"", ""farbe"": ""4"", ""anl_txt"": ""UNDEFINED"", ""flaeche"": 13705.371967465, ""prozent"": 100.00, ""entw_txt"": ""Fläche der Land- und Forstwirtschaft"", ""nuta_txt"": ""forstwirtschaftliche Fläche"", ""farbe_txt"": ""Forstwirtschaft"", ""flaeche_amtl"": 13459.0}, {""anl"": """", ""bko"": """", ""brw"": 1.4, ""dat"": ""0001-01-01 BC"", ""gsm"": false, ""kor"": false, ""soa"": false, ""wrt"": false, ""zgr"": false, ""entw"": ""LF"", ""gabe"": ""Der Gutachterausschuss für Grundstückswerte in der Stadt Lüdenscheid"", ""jahr"": ""2025"", ""nuta"": ""L"", ""stag"": ""2022-01-01"", ""farbe"": ""5"", ""anl_txt"": ""UNDEFINED"", ""flaeche"": 13705.371967465, ""prozent"": 100.00, ""entw_txt"": ""Fläche der Land- und Forstwirtschaft"", ""nuta_txt"": ""landwirtschaftliche Fläche"", ""farbe_txt"": ""Landwirtschaft"", ""flaeche_amtl"": 13459.0}, {""anl"": """", ""bko"": """", ""brw"": 60, ""dat"": ""0001-01-01 BC"", ""gsm"": false, ""kor"": false, ""soa"": false, ""wrt"": false, ""zgr"": false, ""entw"": ""B"", ""gabe"": ""Der Gutachterausschuss für Grundstückswerte in der Stadt Lüdenscheid"", ""jahr"": ""2025"", ""nuta"": ""W"", ""stag"": ""2022-01-01"", ""farbe"": ""6"", ""anl_txt"": ""UNDEFINED"", ""flaeche"": 13705.371967465, ""prozent"": 100.00, ""entw_txt"": ""Baureifes Land"", ""nuta_txt"": ""Wohnbaufläche"", ""farbe_txt"": ""Außenbereich"", ""flaeche_amtl"": 13459.0}]";13705.371967465;NULL
245;DENW18AL0000A1t5;05278100200046______;NULL;NULL;NULL;NULL;NULL;NULL;Stemwede;Niedermehnen;052781;"[""0527810000013""]";2;46;NULL;17946.0;2023-12-07 18:31:29+01;01.01.2025;Landrätin des Kreises Minden-Lübbecke;Kataster- und Vermessungsamt;NULL;NULL;NULL;NULL;NULL;NULL;NULL;NULL;NULL;NULL;NULL;NULL;NULL;NULL;31;0.31;17946;"[{""m2"": 2344, ""emz"": null, ""katasterklassifikation"": ""Weg""}, {""m2"": 8224, ""emz"": null, ""katasterklassifikation"": ""Straßenverkehr""}, {""m2"": 7377, ""emz"": null, ""katasterklassifikation"": ""Verkehrsbegleitfläche Straße""}]";"[{""anl"": """", ""bko"": """", ""brw"": 2.3, ""dat"": ""0001-01-01 BC"", ""gsm"": false, ""kor"": false, ""soa"": false, ""wrt"": false, ""zgr"": false, ""entw"": ""LF"", ""gabe"": ""Der Gutachterausschuss für Grundstückswerte im Kreis Minden-Lübbecke"", ""jahr"": ""2025"", ""nuta"": ""GR"", ""stag"": ""2022-01-01"", ""farbe"": ""5"", ""anl_txt"": ""UNDEFINED"", ""flaeche"": 17932.0621524737, ""prozent"": 100.00, ""entw_txt"": ""Fläche der Land- und Forstwirtschaft"", ""nuta_txt"": ""Grünland"", ""farbe_txt"": ""Landwirtschaft"", ""flaeche_amtl"": 17946.0}, {""anl"": """", ""bko"": """", ""brw"": 4.6, ""dat"": ""0001-01-01 BC"", ""gsm"": false, ""kor"": false, ""soa"": false, ""wrt"": false, ""zgr"": false, ""entw"": ""LF"", ""gabe"": ""Der Gutachterausschuss für Grundstückswerte im Kreis Minden-Lübbecke"", ""jahr"": ""2025"", ""nuta"": ""A"", ""stag"": ""2022-01-01"", ""farbe"": ""5"", ""anl_txt"": ""UNDEFINED"", ""flaeche"": 17932.0621524737, ""prozent"": 100.00, ""entw_txt"": ""Fläche der Land- und Forstwirtschaft"", ""nuta_txt"": ""Acker"", ""farbe_txt"": ""Landwirtschaft"", ""flaeche_amtl"": 17946.0}, {""anl"": """", ""bko"": """", ""brw"": 0.4, ""dat"": ""0001-01-01 BC"", ""gsm"": false, ""kor"": false, ""soa"": false, ""wrt"": false, ""zgr"": false, ""entw"": ""LF"", ""gabe"": ""Der Gutachterausschuss für Grundstückswerte im Kreis Minden-Lübbecke"", ""jahr"": ""2025"", ""nuta"": ""F"", ""stag"": ""2022-01-01"", ""farbe"": ""4"", ""anl_txt"": ""UNDEFINED"", ""flaeche"": 17932.0621524737, ""prozent"": 100.00, ""entw_txt"": ""Fläche der Land- und Forstwirtschaft"", ""nuta_txt"": ""forstwirtschaftliche Fläche"", ""farbe_txt"": ""Forstwirtschaft"", ""flaeche_amtl"": 17946.0}, {""anl"": """", ""bko"": """", ""brw"": 25, ""dat"": ""0001-01-01 BC"", ""gsm"": false, ""kor"": false, ""soa"": false, ""wrt"": false, ""zgr"": false, ""entw"": ""B"", ""gabe"": ""Der Gutachterausschuss für Grundstückswerte im Kreis Minden-Lübbecke"", ""jahr"": ""2025"", ""nuta"": ""W"", ""stag"": ""2022-01-01"", ""farbe"": ""6"", ""anl_txt"": ""UNDEFINED"", ""flaeche"": 17932.0621524737, ""prozent"": 100.00, ""entw_txt"": ""Baureifes Land"", ""nuta_txt"": ""Wohnbaufläche"", ""farbe_txt"": ""Außenbereich"", ""flaeche_amtl"": 17946.0}]";17932.0621524737;NULL
246;DENW12AL00009gSK;05194100100456______;NULL;NULL;NULL;NULL;NULL;NULL;Unna;Kessebüren;051941;"[""0513960021966""]";1;456;NULL;7289.0;2024-01-30 16:16:19+01;01.01.2025;Landrat des Kreises Unna;Fachbereich Geoinformation und Kataster;73;35;NULL;NULL;NULL;NULL;NULL;NULL;NULL;73;35;NULL;NULL;NULL;66;0.66;7289;"[{""m2"": 2010, ""emz"": null, ""katasterklassifikation"": ""Weg""}, {""m2"": 2049, ""emz"": null, ""katasterklassifikation"": ""Straßenverkehr""}, {""m2"": 2798, ""emz"": null, ""katasterklassifikation"": ""Weg""}, {""m2"": 359, ""emz"": null, ""katasterklassifikation"": ""Verkehrsbegleitfläche Straße""}]";"[{""anl"": """", ""bko"": """", ""brw"": 5.8, ""dat"": ""0001-01-01 BC"", ""gsm"": false, ""kor"": false, ""soa"": false, ""wrt"": false, ""zgr"": false, ""entw"": ""LF"", ""gabe"": ""Der Gutachterausschuss für Grundstückswerte in der Stadt Unna"", ""jahr"": ""2025"", ""nuta"": ""L"", ""stag"": ""2022-01-01"", ""farbe"": ""5"", ""anl_txt"": ""UNDEFINED"", ""flaeche"": 4617.23531626962, ""prozent"": 62.20369200746615847500, ""entw_txt"": ""Fläche der Land- und Forstwirtschaft"", ""nuta_txt"": ""landwirtschaftliche Fläche"", ""farbe_txt"": ""Landwirtschaft"", ""flaeche_amtl"": 4534.027110424208291242750}, {""anl"": """", ""bko"": """", ""brw"": 140, ""dat"": ""0001-01-01 BC"", ""gsm"": false, ""kor"": false, ""soa"": false, ""wrt"": false, ""zgr"": false, ""entw"": ""B"", ""gabe"": ""Der Gutachterausschuss für Grundstückswerte in der Stadt Unna"", ""jahr"": ""2025"", ""nuta"": ""W"", ""stag"": ""2022-01-01"", ""farbe"": ""6"", ""anl_txt"": ""UNDEFINED"", ""flaeche"": 4617.23531626962, ""prozent"": 62.20369200746615847500, ""entw_txt"": ""Baureifes Land"", ""nuta_txt"": ""Wohnbaufläche"", ""farbe_txt"": ""Außenbereich"", ""flaeche_amtl"": 4534.027110424208291242750}, {""anl"": """", ""bko"": """", ""brw"": 1, ""dat"": ""0001-01-01 BC"", ""gsm"": false, ""kor"": false, ""soa"": false, ""wrt"": false, ""zgr"": false, ""entw"": ""LF"", ""gabe"": ""Der Gutachterausschuss für Grundstückswerte in der Stadt Unna"", ""jahr"": ""2025"", ""nuta"": ""F"", ""stag"": ""2022-01-01"", ""farbe"": ""4"", ""anl_txt"": ""UNDEFINED"", ""flaeche"": 4617.23531626962, ""prozent"": 62.20369200746615847500, ""entw_txt"": ""Fläche der Land- und Forstwirtschaft"", ""nuta_txt"": ""forstwirtschaftliche Fläche"", ""farbe_txt"": ""Forstwirtschaft"", ""flaeche_amtl"": 4534.027110424208291242750}, {""anl"": """", ""bko"": """", ""brw"": 240, ""dat"": ""0001-01-01 BC"", ""gsm"": false, ""kor"": false, ""soa"": false, ""wrt"": false, ""zgr"": false, ""entw"": ""B"", ""gabe"": ""Der Gutachterausschuss für Grundstückswerte in der Stadt Unna"", ""jahr"": ""2025"", ""nuta"": ""MD"", ""stag"": ""2022-01-01"", ""farbe"": ""2"", ""anl_txt"": ""UNDEFINED"", ""flaeche"": 2805.53199425541, ""prozent"": 37.79630799253923035000, ""entw_txt"": ""Baureifes Land"", ""nuta_txt"": ""Dorfgebiet"", ""farbe_txt"": ""Misch-/Mehrgeschossig"", ""flaeche_amtl"": 2754.972889576184500211500}]";7422.76731052463;NULL
247;DENW12AL00009gUb;05194100300081______;NULL;NULL;NULL;NULL;NULL;NULL;Unna;Kessebüren;051941;"[""0513960021966""]";3;81;NULL;185.0;2023-12-08 09:54:59+01;01.01.2025;Landrat des Kreises Unna;Fachbereich Geoinformation und Kataster;185;120;NULL;NULL;NULL;NULL;NULL;NULL;NULL;185;120;NULL;NULL;NULL;66;0.66;185;NULL;"[{""anl"": """", ""bko"": """", ""brw"": 1, ""dat"": ""0001-01-01 BC"", ""gsm"": false, ""kor"": false, ""soa"": false, ""wrt"": false, ""zgr"": false, ""entw"": ""LF"", ""gabe"": ""Der Gutachterausschuss für Grundstückswerte in der Stadt Unna"", ""jahr"": ""2025"", ""nuta"": ""F"", ""stag"": ""2022-01-01"", ""farbe"": ""4"", ""anl_txt"": ""UNDEFINED"", ""flaeche"": 179.894745505583, ""prozent"": 100.00, ""entw_txt"": ""Fläche der Land- und Forstwirtschaft"", ""nuta_txt"": ""forstwirtschaftliche Fläche"", ""farbe_txt"": ""Forstwirtschaft"", ""flaeche_amtl"": 185.0}, {""anl"": """", ""bko"": """", ""brw"": 5.8, ""dat"": ""0001-01-01 BC"", ""gsm"": false, ""kor"": false, ""soa"": false, ""wrt"": false, ""zgr"": false, ""entw"": ""LF"", ""gabe"": ""Der Gutachterausschuss für Grundstückswerte in der Stadt Unna"", ""jahr"": ""2025"", ""nuta"": ""L"", ""stag"": ""2022-01-01"", ""farbe"": ""5"", ""anl_txt"": ""UNDEFINED"", ""flaeche"": 179.894745505583, ""prozent"": 100.00, ""entw_txt"": ""Fläche der Land- und Forstwirtschaft"", ""nuta_txt"": ""landwirtschaftliche Fläche"", ""farbe_txt"": ""Landwirtschaft"", ""flaeche_amtl"": 185.0}, {""anl"": """", ""bko"": """", ""brw"": 140, ""dat"": ""0001-01-01 BC"", ""gsm"": false, ""kor"": false, ""soa"": false, ""wrt"": false, ""zgr"": false, ""entw"": ""B"", ""gabe"": ""Der Gutachterausschuss für Grundstückswerte in der Stadt Unna"", ""jahr"": ""2025"", ""nuta"": ""W"", ""stag"": ""2022-01-01"", ""farbe"": ""6"", ""anl_txt"": ""UNDEFINED"", ""flaeche"": 179.894745505583, ""prozent"": 100.00, ""entw_txt"": ""Baureifes Land"", ""nuta_txt"": ""Wohnbaufläche"", ""farbe_txt"": ""Außenbereich"", ""flaeche_amtl"": 185.0}]";179.894745505583;NULL
248;DENW12AL0000a6Jr;05140200300384______;NULL;NULL;NULL;NULL;NULL;NULL;Unna;Mühlhausen;051402;"[""0513960000402""]";3;384;NULL;21.0;2023-12-08 09:54:59+01;01.01.2025;Landrat des Kreises Unna;Fachbereich Geoinformation und Kataster;NULL;NULL;NULL;NULL;NULL;NULL;NULL;NULL;NULL;NULL;NULL;NULL;NULL;NULL;65;0.65;21;"[{""m2"": 21, ""emz"": null, ""katasterklassifikation"": ""Bach""}]";"[{""anl"": """", ""bko"": """", ""brw"": 5.8, ""dat"": ""0001-01-01 BC"", ""gsm"": false, ""kor"": false, ""soa"": false, ""wrt"": false, ""zgr"": false, ""entw"": ""LF"", ""gabe"": ""Der Gutachterausschuss für Grundstückswerte in der Stadt Unna"", ""jahr"": ""2025"", ""nuta"": ""L"", ""stag"": ""2022-01-01"", ""farbe"": ""5"", ""anl_txt"": ""UNDEFINED"", ""flaeche"": 21.4658805005415, ""prozent"": 100.00, ""entw_txt"": ""Fläche der Land- und Forstwirtschaft"", ""nuta_txt"": ""landwirtschaftliche Fläche"", ""farbe_txt"": ""Landwirtschaft"", ""flaeche_amtl"": 21.0}, {""anl"": """", ""bko"": """", ""brw"": 1, ""dat"": ""0001-01-01 BC"", ""gsm"": false, ""kor"": false, ""soa"": false, ""wrt"": false, ""zgr"": false, ""entw"": ""LF"", ""gabe"": ""Der Gutachterausschuss für Grundstückswerte in der Stadt Unna"", ""jahr"": ""2025"", ""nuta"": ""F"", ""stag"": ""2022-01-01"", ""farbe"": ""4"", ""anl_txt"": ""UNDEFINED"", ""flaeche"": 21.4658805005415, ""prozent"": 100.00, ""entw_txt"": ""Fläche der Land- und Forstwirtschaft"", ""nuta_txt"": ""forstwirtschaftliche Fläche"", ""farbe_txt"": ""Forstwirtschaft"", ""flaeche_amtl"": 21.0}, {""anl"": """", ""bko"": """", ""brw"": 130, ""dat"": ""0001-01-01 BC"", ""gsm"": false, ""kor"": false, ""soa"": false, ""wrt"": false, ""zgr"": false, ""entw"": ""B"", ""gabe"": ""Der Gutachterausschuss für Grundstückswerte in der Stadt Unna"", ""jahr"": ""2025"", ""nuta"": ""W"", ""stag"": ""2022-01-01"", ""farbe"": ""6"", ""anl_txt"": ""UNDEFINED"", ""flaeche"": 21.4658805005415, ""prozent"": 100.00, ""entw_txt"": ""Baureifes Land"", ""nuta_txt"": ""Wohnbaufläche"", ""farbe_txt"": ""Außenbereich"", ""flaeche_amtl"": 21.0}]";21.4658805005415;NULL
249;DENW07AL0000NNmO;05153500400029______;NULL;NULL;NULL;NULL;NULL;NULL;Schmallenberg;Wormbach;051535;"[""0515350000127""]";4;29;NULL;2819.0;2023-12-20 16:42:14+01;01.01.2025;Landrat des Hochsauerlandkreises;Fachdienst 43, Liegenschaftskataster und Vermessung;NULL;NULL;NULL;NULL;NULL;NULL;NULL;NULL;NULL;NULL;NULL;NULL;NULL;NULL;34;0.34;2819;"[{""m2"": 2819, ""emz"": null, ""katasterklassifikation"": ""Weg""}]";"[{""anl"": """", ""bko"": """", ""brw"": 0.8, ""dat"": ""0001-01-01 BC"", ""gsm"": false, ""kor"": false, ""soa"": false, ""wrt"": false, ""zgr"": false, ""entw"": ""LF"", ""gabe"": ""Der Gutachterausschuss für Grundstückswerte im Hochsauerlandkreis"", ""jahr"": ""2025"", ""nuta"": ""F"", ""stag"": ""2022-01-01"", ""farbe"": ""4"", ""anl_txt"": ""UNDEFINED"", ""flaeche"": 2832.96304895088, ""prozent"": 100.00, ""entw_txt"": ""Fläche der Land- und Forstwirtschaft"", ""nuta_txt"": ""forstwirtschaftliche Fläche"", ""farbe_txt"": ""Forstwirtschaft"", ""flaeche_amtl"": 2819.0}, {""anl"": """", ""bko"": """", ""brw"": 18, ""dat"": ""0001-01-01 BC"", ""gsm"": false, ""kor"": false, ""soa"": false, ""wrt"": false, ""zgr"": false, ""entw"": ""B"", ""gabe"": ""Der Gutachterausschuss für Grundstückswerte im Hochsauerlandkreis"", ""jahr"": ""2025"", ""nuta"": ""W"", ""stag"": ""2022-01-01"", ""farbe"": ""6"", ""anl_txt"": ""UNDEFINED"", ""flaeche"": 2832.96304895088, ""prozent"": 100.00, ""entw_txt"": ""Baureifes Land"", ""nuta_txt"": ""Wohnbaufläche"", ""farbe_txt"": ""Außenbereich"", ""flaeche_amtl"": 2819.0}, {""anl"": """", ""bko"": """", ""brw"": 2.9, ""dat"": ""0001-01-01 BC"", ""gsm"": false, ""kor"": false, ""soa"": false, ""wrt"": false, ""zgr"": false, ""entw"": ""LF"", ""gabe"": ""Der Gutachterausschuss für Grundstückswerte im Hochsauerlandkreis"", ""jahr"": ""2025"", ""nuta"": ""A"", ""stag"": ""2022-01-01"", ""farbe"": ""5"", ""anl_txt"": ""UNDEFINED"", ""flaeche"": 2832.96304895088, ""prozent"": 100.00, ""entw_txt"": ""Fläche der Land- und Forstwirtschaft"", ""nuta_txt"": ""Acker"", ""farbe_txt"": ""Landwirtschaft"", ""flaeche_amtl"": 2819.0}, {""anl"": """", ""bko"": """", ""brw"": 2.4, ""dat"": ""0001-01-01 BC"", ""gsm"": false, ""kor"": false, ""soa"": false, ""wrt"": false, ""zgr"": false, ""entw"": ""LF"", ""gabe"": ""Der Gutachterausschuss für Grundstückswerte im Hochsauerlandkreis"", ""jahr"": ""2025"", ""nuta"": ""GR"", ""stag"": ""2022-01-01"", ""farbe"": ""5"", ""anl_txt"": ""UNDEFINED"", ""flaeche"": 2832.96304895088, ""prozent"": 100.00, ""entw_txt"": ""Fläche der Land- und Forstwirtschaft"", ""nuta_txt"": ""Grünland"", ""farbe_txt"": ""Landwirtschaft"", ""flaeche_amtl"": 2819.0}]";2832.96304895088;NULL
250;DENW53AL0000yX8J;05503501500017______;NULL;NULL;NULL;NULL;NULL;NULL;Tecklenburg;Tecklenburg;055035;"[""0550350000257""]";15;17;NULL;1042.0;2023-10-24 14:20:04+02;01.01.2025;Landrat des Kreises Steinfurt;Vermessungs- und Katasteramt;NULL;NULL;NULL;NULL;NULL;NULL;NULL;NULL;NULL;NULL;NULL;201;NULL;201;44;0.44;1042;"[{""m2"": 77, ""emz"": null, ""katasterklassifikation"": ""Fläche besonderer funktionaler Prägung""}, {""m2"": 764, ""emz"": null, ""katasterklassifikation"": ""Wohnbaufläche""}]";"[{""anl"": """", ""bko"": """", ""brw"": 8, ""dat"": ""0001-01-01 BC"", ""gsm"": false, ""kor"": false, ""soa"": false, ""wrt"": false, ""zgr"": false, ""entw"": ""LF"", ""gabe"": ""Der Gutachterausschuss für Grundstückswerte im Kreis Steinfurt"", ""jahr"": ""2025"", ""nuta"": ""A"", ""stag"": ""2022-01-01"", ""farbe"": ""5"", ""anl_txt"": ""UNDEFINED"", ""flaeche"": 1041.43104750383, ""prozent"": 100.00, ""entw_txt"": ""Fläche der Land- und Forstwirtschaft"", ""nuta_txt"": ""Acker"", ""farbe_txt"": ""Landwirtschaft"", ""flaeche_amtl"": 1042.0}, {""anl"": """", ""bko"": """", ""brw"": 1, ""dat"": ""0001-01-01 BC"", ""gsm"": false, ""kor"": false, ""soa"": false, ""wrt"": false, ""zgr"": false, ""entw"": ""LF"", ""gabe"": ""Der Gutachterausschuss für Grundstückswerte im Kreis Steinfurt"", ""jahr"": ""2025"", ""nuta"": ""F"", ""stag"": ""2022-01-01"", ""farbe"": ""4"", ""anl_txt"": ""UNDEFINED"", ""flaeche"": 1041.43104750383, ""prozent"": 100.00, ""entw_txt"": ""Fläche der Land- und Forstwirtschaft"", ""nuta_txt"": ""forstwirtschaftliche Fläche"", ""farbe_txt"": ""Forstwirtschaft"", ""flaeche_amtl"": 1042.0}, {""anl"": """", ""bko"": """", ""brw"": 105, ""dat"": ""0001-01-01 BC"", ""gsm"": false, ""kor"": false, ""soa"": false, ""wrt"": false, ""zgr"": false, ""entw"": ""B"", ""gabe"": ""Der Gutachterausschuss für Grundstückswerte im Kreis Steinfurt"", ""jahr"": ""2025"", ""nuta"": ""W"", ""stag"": ""2022-01-01"", ""farbe"": ""6"", ""anl_txt"": ""UNDEFINED"", ""flaeche"": 1041.43104750383, ""prozent"": 100.00, ""entw_txt"": ""Baureifes Land"", ""nuta_txt"": ""Wohnbaufläche"", ""farbe_txt"": ""Außenbereich"", ""flaeche_amtl"": 1042.0}, {""anl"": """", ""bko"": """", ""brw"": 3.5, ""dat"": ""0001-01-01 BC"", ""gsm"": false, ""kor"": false, ""soa"": false, ""wrt"": false, ""zgr"": false, ""entw"": ""LF"", ""gabe"": ""Der Gutachterausschuss für Grundstückswerte im Kreis Steinfurt"", ""jahr"": ""2025"", ""nuta"": ""GR"", ""stag"": ""2022-01-01"", ""farbe"": ""5"", ""anl_txt"": ""UNDEFINED"", ""flaeche"": 1041.43104750383, ""prozent"": 100.00, ""entw_txt"": ""Fläche der Land- und Forstwirtschaft"", ""nuta_txt"": ""Grünland"", ""farbe_txt"": ""Landwirtschaft"", ""flaeche_amtl"": 1042.0}]";1041.43104750383;NULL
251;DENW07AL0000GCip;05150702000053______;NULL;NULL;NULL;NULL;NULL;NULL;Schmallenberg;Berghausen;051507;"[""0515070090000""]";20;53;NULL;1059.0;2023-12-20 16:42:14+01;01.01.2025;Landrat des Hochsauerlandkreises;Fachdienst 43, Liegenschaftskataster und Vermessung;53;19;NULL;NULL;NULL;NULL;NULL;NULL;NULL;53;19;27;NULL;27;30;0.30;1059;"[{""m2"": 7, ""emz"": null, ""katasterklassifikation"": ""Weg""}, {""m2"": 972, ""emz"": null, ""katasterklassifikation"": ""Bach""}]";"[{""anl"": """", ""bko"": """", ""brw"": 2.9, ""dat"": ""0001-01-01 BC"", ""gsm"": false, ""kor"": false, ""soa"": false, ""wrt"": false, ""zgr"": false, ""entw"": ""LF"", ""gabe"": ""Der Gutachterausschuss für Grundstückswerte im Hochsauerlandkreis"", ""jahr"": ""2025"", ""nuta"": ""A"", ""stag"": ""2022-01-01"", ""farbe"": ""5"", ""anl_txt"": ""UNDEFINED"", ""flaeche"": 1065.37823600115, ""prozent"": 100.00, ""entw_txt"": ""Fläche der Land- und Forstwirtschaft"", ""nuta_txt"": ""Acker"", ""farbe_txt"": ""Landwirtschaft"", ""flaeche_amtl"": 1059.0}, {""anl"": """", ""bko"": """", ""brw"": 18, ""dat"": ""0001-01-01 BC"", ""gsm"": false, ""kor"": false, ""soa"": false, ""wrt"": false, ""zgr"": false, ""entw"": ""B"", ""gabe"": ""Der Gutachterausschuss für Grundstückswerte im Hochsauerlandkreis"", ""jahr"": ""2025"", ""nuta"": ""W"", ""stag"": ""2022-01-01"", ""farbe"": ""6"", ""anl_txt"": ""UNDEFINED"", ""flaeche"": 1065.37823600115, ""prozent"": 100.00, ""entw_txt"": ""Baureifes Land"", ""nuta_txt"": ""Wohnbaufläche"", ""farbe_txt"": ""Außenbereich"", ""flaeche_amtl"": 1059.0}, {""anl"": """", ""bko"": """", ""brw"": 0.8, ""dat"": ""0001-01-01 BC"", ""gsm"": false, ""kor"": false, ""soa"": false, ""wrt"": false, ""zgr"": false, ""entw"": ""LF"", ""gabe"": ""Der Gutachterausschuss für Grundstückswerte im Hochsauerlandkreis"", ""jahr"": ""2025"", ""nuta"": ""F"", ""stag"": ""2022-01-01"", ""farbe"": ""4"", ""anl_txt"": ""UNDEFINED"", ""flaeche"": 1065.37823600115, ""prozent"": 100.00, ""entw_txt"": ""Fläche der Land- und Forstwirtschaft"", ""nuta_txt"": ""forstwirtschaftliche Fläche"", ""farbe_txt"": ""Forstwirtschaft"", ""flaeche_amtl"": 1059.0}, {""anl"": """", ""bko"": """", ""brw"": 2.4, ""dat"": ""0001-01-01 BC"", ""gsm"": false, ""kor"": false, ""soa"": false, ""wrt"": false, ""zgr"": false, ""entw"": ""LF"", ""gabe"": ""Der Gutachterausschuss für Grundstückswerte im Hochsauerlandkreis"", ""jahr"": ""2025"", ""nuta"": ""GR"", ""stag"": ""2022-01-01"", ""farbe"": ""5"", ""anl_txt"": ""UNDEFINED"", ""flaeche"": 1065.37823600115, ""prozent"": 100.00, ""entw_txt"": ""Fläche der Land- und Forstwirtschaft"", ""nuta_txt"": ""Grünland"", ""farbe_txt"": ""Landwirtschaft"", ""flaeche_amtl"": 1059.0}]";1065.37823600115;NULL
252;DENW07AL0000GjZR;05156002700014______;NULL;NULL;NULL;NULL;NULL;NULL;Schmallenberg;Lenne;051560;"[""0515600000212""]";27;14;NULL;15872.0;2023-12-20 16:42:14+01;01.01.2025;Landrat des Hochsauerlandkreises;Fachdienst 43, Liegenschaftskataster und Vermessung;NULL;NULL;NULL;NULL;NULL;NULL;NULL;NULL;NULL;NULL;NULL;NULL;NULL;NULL;35;0.35;15872;"[{""m2"": 3644, ""emz"": null, ""katasterklassifikation"": ""Weg""}, {""m2"": 12228, ""emz"": null, ""katasterklassifikation"": ""Weg""}]";"[{""anl"": """", ""bko"": """", ""brw"": 0.8, ""dat"": ""0001-01-01 BC"", ""gsm"": false, ""kor"": false, ""soa"": false, ""wrt"": false, ""zgr"": false, ""entw"": ""LF"", ""gabe"": ""Der Gutachterausschuss für Grundstückswerte im Hochsauerlandkreis"", ""jahr"": ""2025"", ""nuta"": ""F"", ""stag"": ""2022-01-01"", ""farbe"": ""4"", ""anl_txt"": ""UNDEFINED"", ""flaeche"": 15861.3921185335, ""prozent"": 100.00, ""entw_txt"": ""Fläche der Land- und Forstwirtschaft"", ""nuta_txt"": ""forstwirtschaftliche Fläche"", ""farbe_txt"": ""Forstwirtschaft"", ""flaeche_amtl"": 15872.0}, {""anl"": """", ""bko"": """", ""brw"": 18, ""dat"": ""0001-01-01 BC"", ""gsm"": false, ""kor"": false, ""soa"": false, ""wrt"": false, ""zgr"": false, ""entw"": ""B"", ""gabe"": ""Der Gutachterausschuss für Grundstückswerte im Hochsauerlandkreis"", ""jahr"": ""2025"", ""nuta"": ""W"", ""stag"": ""2022-01-01"", ""farbe"": ""6"", ""anl_txt"": ""UNDEFINED"", ""flaeche"": 15861.3921185335, ""prozent"": 100.00, ""entw_txt"": ""Baureifes Land"", ""nuta_txt"": ""Wohnbaufläche"", ""farbe_txt"": ""Außenbereich"", ""flaeche_amtl"": 15872.0}, {""anl"": """", ""bko"": """", ""brw"": 2.4, ""dat"": ""0001-01-01 BC"", ""gsm"": false, ""kor"": false, ""soa"": false, ""wrt"": false, ""zgr"": false, ""entw"": ""LF"", ""gabe"": ""Der Gutachterausschuss für Grundstückswerte im Hochsauerlandkreis"", ""jahr"": ""2025"", ""nuta"": ""GR"", ""stag"": ""2022-01-01"", ""farbe"": ""5"", ""anl_txt"": ""UNDEFINED"", ""flaeche"": 15861.3921185335, ""prozent"": 100.00, ""entw_txt"": ""Fläche der Land- und Forstwirtschaft"", ""nuta_txt"": ""Grünland"", ""farbe_txt"": ""Landwirtschaft"", ""flaeche_amtl"": 15872.0}, {""anl"": """", ""bko"": """", ""brw"": 2.9, ""dat"": ""0001-01-01 BC"", ""gsm"": false, ""kor"": false, ""soa"": false, ""wrt"": false, ""zgr"": false, ""entw"": ""LF"", ""gabe"": ""Der Gutachterausschuss für Grundstückswerte im Hochsauerlandkreis"", ""jahr"": ""2025"", ""nuta"": ""A"", ""stag"": ""2022-01-01"", ""farbe"": ""5"", ""anl_txt"": ""UNDEFINED"", ""flaeche"": 15861.3921185335, ""prozent"": 100.00, ""entw_txt"": ""Fläche der Land- und Forstwirtschaft"", ""nuta_txt"": ""Acker"", ""farbe_txt"": ""Landwirtschaft"", ""flaeche_amtl"": 15872.0}]";15861.3921185335;NULL
253;DENW30AL00008iEj;05337000701141______;NULL;NULL;NULL;NULL;NULL;NULL;Emmerich am Rhein;Emmerich;053370;"[""0533700001407""]";7;1141;NULL;7711.0;2023-11-30 14:47:41+01;01.01.2025;Landrat des Kreises Kleve;Abteilung 6.2 - Kataster und Vermessung;NULL;NULL;NULL;NULL;NULL;NULL;NULL;NULL;NULL;NULL;NULL;NULL;NULL;NULL;65;0.65;7711;"[{""m2"": 7711, ""emz"": null, ""katasterklassifikation"": ""Straßenverkehr""}]";"[{""anl"": """", ""bko"": """", ""brw"": 195, ""dat"": ""0001-01-01 BC"", ""gsm"": false, ""kor"": false, ""soa"": false, ""wrt"": false, ""zgr"": false, ""entw"": ""B"", ""gabe"": ""Der Gutachterausschuss für Grundstückswerte im Kreis Kleve"", ""jahr"": ""2025"", ""nuta"": ""W"", ""stag"": ""2022-01-01"", ""farbe"": ""1"", ""anl_txt"": ""UNDEFINED"", ""flaeche"": 7664.67707898377, ""prozent"": 100.00, ""entw_txt"": ""Baureifes Land"", ""nuta_txt"": ""Wohnbaufläche"", ""farbe_txt"": ""Ein-/Zweigeschossig"", ""flaeche_amtl"": 7711.0}]";7664.67707898377;NULL
254;DENW34AL0000PjGf;05306404000720______;NULL;NULL;NULL;NULL;NULL;NULL;Dinslaken;Hiesfeld;053064;"[""0530640000484""]";40;720;NULL;688.0;2023-12-01 08:04:56+01;01.01.2025;Landrat des Kreises Wesel;Vermessungs- und Katasteramt;NULL;NULL;NULL;NULL;NULL;NULL;NULL;NULL;NULL;NULL;NULL;NULL;NULL;NULL;39;0.39;688;"[{""m2"": 239, ""emz"": null, ""katasterklassifikation"": ""Graben""}, {""m2"": 449, ""emz"": null, ""katasterklassifikation"": ""Wohnbaufläche""}]";"[{""anl"": """", ""bko"": """", ""brw"": 280, ""dat"": ""0001-01-01 BC"", ""gsm"": false, ""kor"": false, ""soa"": false, ""wrt"": false, ""zgr"": false, ""entw"": ""B"", ""gabe"": ""Der Gutachterausschuss für Grundstückswerte in der Stadt Dinslaken"", ""jahr"": ""2025"", ""nuta"": ""W"", ""stag"": ""2022-01-01"", ""farbe"": ""2"", ""anl_txt"": ""UNDEFINED"", ""flaeche"": 690.617260523258, ""prozent"": 100.00, ""entw_txt"": ""Baureifes Land"", ""nuta_txt"": ""Wohnbaufläche"", ""farbe_txt"": ""Misch-/Mehrgeschossig"", ""flaeche_amtl"": 688.0}, {""anl"": """", ""bko"": """", ""brw"": 275, ""dat"": ""0001-01-01 BC"", ""gsm"": false, ""kor"": false, ""soa"": false, ""wrt"": false, ""zgr"": false, ""entw"": ""B"", ""gabe"": ""Der Gutachterausschuss für Grundstückswerte in der Stadt Dinslaken"", ""jahr"": ""2025"", ""nuta"": ""W"", ""stag"": ""2022-01-01"", ""farbe"": ""1"", ""anl_txt"": ""UNDEFINED"", ""flaeche"": 690.617260523258, ""prozent"": 100.00, ""entw_txt"": ""Baureifes Land"", ""nuta_txt"": ""Wohnbaufläche"", ""farbe_txt"": ""Ein-/Zweigeschossig"", ""flaeche_amtl"": 688.0}]";690.617260523258;NULL
255;DENW53AL0000yXc8;05503501700197______;NULL;Am Weingarten;31;NULL;49545;Tecklenburg;Tecklenburg;Tecklenburg;055035;"[""055035000404A""]";17;197;NULL;590.0;2023-10-24 14:20:04+02;01.01.2025;Landrat des Kreises Steinfurt;Vermessungs- und Katasteramt;NULL;NULL;NULL;NULL;NULL;NULL;NULL;NULL;NULL;NULL;NULL;NULL;NULL;NULL;44;0.44;590;"[{""m2"": 590, ""emz"": null, ""katasterklassifikation"": ""Wohnbaufläche""}]";"[{""anl"": """", ""bko"": """", ""brw"": 195, ""dat"": ""0001-01-01 BC"", ""gsm"": false, ""kor"": false, ""soa"": false, ""wrt"": false, ""zgr"": false, ""entw"": ""B"", ""gabe"": ""Der Gutachterausschuss für Grundstückswerte im Kreis Steinfurt"", ""jahr"": ""2025"", ""nuta"": ""WA"", ""stag"": ""2022-01-01"", ""farbe"": ""1"", ""anl_txt"": ""UNDEFINED"", ""flaeche"": 589.301197493819, ""prozent"": 100.00, ""entw_txt"": ""Baureifes Land"", ""nuta_txt"": ""allgemeines Wohngebiet"", ""farbe_txt"": ""Ein-/Zweigeschossig"", ""flaeche_amtl"": 590.0}]";589.301197493819;NULL
256;DENW53AL0000yXh1;05503502100045______;NULL;NULL;NULL;NULL;NULL;NULL;Tecklenburg;Tecklenburg;055035;"[""0550350000696""]";21;45;NULL;83.0;2023-10-24 14:20:04+02;01.01.2025;Landrat des Kreises Steinfurt;Vermessungs- und Katasteramt;NULL;NULL;NULL;NULL;NULL;NULL;NULL;NULL;NULL;NULL;NULL;NULL;NULL;NULL;44;0.44;83;"[{""m2"": 83, ""emz"": null, ""katasterklassifikation"": ""Wohnbaufläche""}]";"[{""anl"": """", ""bko"": """", ""brw"": 205, ""dat"": ""0001-01-01 BC"", ""gsm"": false, ""kor"": false, ""soa"": false, ""wrt"": false, ""zgr"": false, ""entw"": ""B"", ""gabe"": ""Der Gutachterausschuss für Grundstückswerte im Kreis Steinfurt"", ""jahr"": ""2025"", ""nuta"": ""WA"", ""stag"": ""2022-01-01"", ""farbe"": ""1"", ""anl_txt"": ""UNDEFINED"", ""flaeche"": 83.2572174987215, ""prozent"": 100.00, ""entw_txt"": ""Baureifes Land"", ""nuta_txt"": ""allgemeines Wohngebiet"", ""farbe_txt"": ""Ein-/Zweigeschossig"", ""flaeche_amtl"": 83.0}]";83.2572174987215;NULL
257;DENW53AL0000zTzM;05504101000099______;NULL;NULL;NULL;NULL;NULL;NULL;Tecklenburg;Brochterbeck;055041;"[""0550410000615""]";10;99;NULL;1063.0;2023-10-24 14:20:04+02;01.01.2025;Landrat des Kreises Steinfurt;Vermessungs- und Katasteramt;NULL;NULL;NULL;NULL;NULL;NULL;NULL;NULL;NULL;NULL;NULL;NULL;NULL;NULL;30;0.30;1063;"[{""m2"": 1063, ""emz"": 361, ""katasterklassifikation"": ""Weihnachtsbaumkultur""}]";"[{""anl"": """", ""bko"": """", ""brw"": 8, ""dat"": ""0001-01-01 BC"", ""gsm"": false, ""kor"": false, ""soa"": false, ""wrt"": false, ""zgr"": false, ""entw"": ""LF"", ""gabe"": ""Der Gutachterausschuss für Grundstückswerte im Kreis Steinfurt"", ""jahr"": ""2025"", ""nuta"": ""A"", ""stag"": ""2022-01-01"", ""farbe"": ""5"", ""anl_txt"": ""UNDEFINED"", ""flaeche"": 1064.768860504, ""prozent"": 100.00, ""entw_txt"": ""Fläche der Land- und Forstwirtschaft"", ""nuta_txt"": ""Acker"", ""farbe_txt"": ""Landwirtschaft"", ""flaeche_amtl"": 1063.0}, {""anl"": """", ""bko"": """", ""brw"": 1, ""dat"": ""0001-01-01 BC"", ""gsm"": false, ""kor"": false, ""soa"": false, ""wrt"": false, ""zgr"": false, ""entw"": ""LF"", ""gabe"": ""Der Gutachterausschuss für Grundstückswerte im Kreis Steinfurt"", ""jahr"": ""2025"", ""nuta"": ""F"", ""stag"": ""2022-01-01"", ""farbe"": ""4"", ""anl_txt"": ""UNDEFINED"", ""flaeche"": 1064.768860504, ""prozent"": 100.00, ""entw_txt"": ""Fläche der Land- und Forstwirtschaft"", ""nuta_txt"": ""forstwirtschaftliche Fläche"", ""farbe_txt"": ""Forstwirtschaft"", ""flaeche_amtl"": 1063.0}, {""anl"": """", ""bko"": """", ""brw"": 105, ""dat"": ""0001-01-01 BC"", ""gsm"": false, ""kor"": false, ""soa"": false, ""wrt"": false, ""zgr"": false, ""entw"": ""B"", ""gabe"": ""Der Gutachterausschuss für Grundstückswerte im Kreis Steinfurt"", ""jahr"": ""2025"", ""nuta"": ""W"", ""stag"": ""2022-01-01"", ""farbe"": ""6"", ""anl_txt"": ""UNDEFINED"", ""flaeche"": 1064.768860504, ""prozent"": 100.00, ""entw_txt"": ""Baureifes Land"", ""nuta_txt"": ""Wohnbaufläche"", ""farbe_txt"": ""Außenbereich"", ""flaeche_amtl"": 1063.0}, {""anl"": """", ""bko"": """", ""brw"": 3.5, ""dat"": ""0001-01-01 BC"", ""gsm"": false, ""kor"": false, ""soa"": false, ""wrt"": false, ""zgr"": false, ""entw"": ""LF"", ""gabe"": ""Der Gutachterausschuss für Grundstückswerte im Kreis Steinfurt"", ""jahr"": ""2025"", ""nuta"": ""GR"", ""stag"": ""2022-01-01"", ""farbe"": ""5"", ""anl_txt"": ""UNDEFINED"", ""flaeche"": 1064.768860504, ""prozent"": 100.00, ""entw_txt"": ""Fläche der Land- und Forstwirtschaft"", ""nuta_txt"": ""Grünland"", ""farbe_txt"": ""Landwirtschaft"", ""flaeche_amtl"": 1063.0}]";1064.768860504;NULL
258;DENW30AL00008ikj;05337000500452______;NULL;NULL;NULL;NULL;NULL;NULL;Emmerich am Rhein;Emmerich;053370;"[""0533700001405""]";5;452;NULL;457.0;2023-11-30 14:47:41+01;01.01.2025;Landrat des Kreises Kleve;Abteilung 6.2 - Kataster und Vermessung;NULL;NULL;NULL;NULL;NULL;NULL;NULL;NULL;NULL;NULL;NULL;NULL;NULL;NULL;65;0.65;457;"[{""m2"": 457, ""emz"": null, ""katasterklassifikation"": ""Straßenverkehr""}]";"[{""anl"": """", ""bko"": """", ""brw"": 195, ""dat"": ""0001-01-01 BC"", ""gsm"": false, ""kor"": false, ""soa"": false, ""wrt"": false, ""zgr"": false, ""entw"": ""B"", ""gabe"": ""Der Gutachterausschuss für Grundstückswerte im Kreis Kleve"", ""jahr"": ""2025"", ""nuta"": ""W"", ""stag"": ""2022-01-01"", ""farbe"": ""1"", ""anl_txt"": ""UNDEFINED"", ""flaeche"": 457.282863711007, ""prozent"": 100.00, ""entw_txt"": ""Baureifes Land"", ""nuta_txt"": ""Wohnbaufläche"", ""farbe_txt"": ""Ein-/Zweigeschossig"", ""flaeche_amtl"": 457.0}]";457.282863711007;NULL
259;DENW41AL2000E6IF;05465800200044______;NULL;NULL;NULL;NULL;NULL;NULL;Erftstadt;Liblar;054658;"[""0546580002399""]";2;44;NULL;3642.0;2024-08-20 10:05:31+02;01.01.2025;Landrat des Rhein-Erft-Kreises;Amt für Liegenschaftskataster und Geoinformation 62;NULL;NULL;NULL;NULL;NULL;NULL;NULL;NULL;NULL;NULL;NULL;NULL;NULL;NULL;69;0.69;3642;"[{""m2"": 3642, ""emz"": null, ""katasterklassifikation"": ""Straßenverkehr""}]";"[{""anl"": """", ""bko"": """", ""brw"": 280, ""dat"": ""0001-01-01 BC"", ""gsm"": false, ""kor"": false, ""soa"": false, ""wrt"": false, ""zgr"": false, ""entw"": ""B"", ""gabe"": ""Der Gutachterausschuss für Grundstückswerte im Rhein-Erft-Kreis"", ""jahr"": ""2025"", ""nuta"": ""MD"", ""stag"": ""2022-01-01"", ""farbe"": ""1"", ""anl_txt"": ""UNDEFINED"", ""flaeche"": 2764.04170354278, ""prozent"": 76.23108174157611859200, ""entw_txt"": ""Baureifes Land"", ""nuta_txt"": ""Dorfgebiet"", ""farbe_txt"": ""Ein-/Zweigeschossig"", ""flaeche_amtl"": 2776.335997028202239120640}, {""anl"": """", ""bko"": """", ""brw"": 290, ""dat"": ""0001-01-01 BC"", ""gsm"": false, ""kor"": false, ""soa"": false, ""wrt"": false, ""zgr"": false, ""entw"": ""B"", ""gabe"": ""Der Gutachterausschuss für Grundstückswerte im Rhein-Erft-Kreis"", ""jahr"": ""2025"", ""nuta"": ""WA"", ""stag"": ""2022-01-01"", ""farbe"": ""1"", ""anl_txt"": ""UNDEFINED"", ""flaeche"": 853.46965967508, ""prozent"": 23.53832625146540417300, ""entw_txt"": ""Baureifes Land"", ""nuta_txt"": ""allgemeines Wohngebiet"", ""farbe_txt"": ""Ein-/Zweigeschossig"", ""flaeche_amtl"": 857.265842078370019980660}]";3625.8723350049;NULL
260;DENW30AL0000oNvE;05337100800243______;NULL;Lise-Meitner-Straße;16;uneindeutig;46446;Emmerich am Rhein;Emmerich am Rhein;Klein-Netterden;053371;"[""0533710001004""]";8;243;NULL;21668.0;2023-11-30 14:47:41+01;01.01.2025;Landrat des Kreises Kleve;Abteilung 6.2 - Kataster und Vermessung;12118;NULL;8119;NULL;NULL;NULL;NULL;NULL;NULL;12118;8119;NULL;NULL;NULL;67;0.67;21668;"[{""m2"": 9550, ""emz"": null, ""katasterklassifikation"": ""Lagerplatz""}]";"[{""anl"": """", ""bko"": """", ""brw"": 58, ""dat"": ""0001-01-01 BC"", ""gsm"": false, ""kor"": false, ""soa"": false, ""wrt"": false, ""zgr"": false, ""entw"": ""B"", ""gabe"": ""Der Gutachterausschuss für Grundstückswerte im Kreis Kleve"", ""jahr"": ""2025"", ""nuta"": ""G"", ""stag"": ""2022-01-01"", ""farbe"": ""3"", ""anl_txt"": ""UNDEFINED"", ""flaeche"": 21707.1441285038, ""prozent"": 100.00, ""entw_txt"": ""Baureifes Land"", ""nuta_txt"": ""gewerbliche Baufläche"", ""farbe_txt"": ""Gewerbe/Industrie/Sondergebiete"", ""flaeche_amtl"": 21668.0}]";21707.1441285038;NULL
261;DENW07AL0000Hu8F;05153301500026______;NULL;NULL;NULL;NULL;NULL;NULL;Schmallenberg;Werpe;051533;"[""051535000050A""]";15;26;NULL;23306.0;2023-12-20 16:42:14+01;01.01.2025;Landrat des Hochsauerlandkreises;Fachdienst 43, Liegenschaftskataster und Vermessung;NULL;NULL;NULL;NULL;NULL;NULL;NULL;NULL;NULL;NULL;NULL;NULL;NULL;NULL;30;0.30;23306;"[{""m2"": 13385, ""emz"": null, ""katasterklassifikation"": ""Verkehrsbegleitfläche Straße""}, {""m2"": 2369, ""emz"": null, ""katasterklassifikation"": ""Weg""}, {""m2"": 7552, ""emz"": null, ""katasterklassifikation"": ""Straßenverkehr""}]";"[{""anl"": """", ""bko"": """", ""brw"": 2.4, ""dat"": ""0001-01-01 BC"", ""gsm"": false, ""kor"": false, ""soa"": false, ""wrt"": false, ""zgr"": false, ""entw"": ""LF"", ""gabe"": ""Der Gutachterausschuss für Grundstückswerte im Hochsauerlandkreis"", ""jahr"": ""2025"", ""nuta"": ""GR"", ""stag"": ""2022-01-01"", ""farbe"": ""5"", ""anl_txt"": ""UNDEFINED"", ""flaeche"": 21885.5343163054, ""prozent"": 93.96821554238975479200, ""entw_txt"": ""Fläche der Land- und Forstwirtschaft"", ""nuta_txt"": ""Grünland"", ""farbe_txt"": ""Landwirtschaft"", ""flaeche_amtl"": 21900.232314309356251823520}, {""anl"": """", ""bko"": """", ""brw"": 2.9, ""dat"": ""0001-01-01 BC"", ""gsm"": false, ""kor"": false, ""soa"": false, ""wrt"": false, ""zgr"": false, ""entw"": ""LF"", ""gabe"": ""Der Gutachterausschuss für Grundstückswerte im Hochsauerlandkreis"", ""jahr"": ""2025"", ""nuta"": ""A"", ""stag"": ""2022-01-01"", ""farbe"": ""5"", ""anl_txt"": ""UNDEFINED"", ""flaeche"": 21885.5343163054, ""prozent"": 93.96821554238975479200, ""entw_txt"": ""Fläche der Land- und Forstwirtschaft"", ""nuta_txt"": ""Acker"", ""farbe_txt"": ""Landwirtschaft"", ""flaeche_amtl"": 21900.232314309356251823520}, {""anl"": """", ""bko"": """", ""brw"": 18, ""dat"": ""0001-01-01 BC"", ""gsm"": false, ""kor"": false, ""soa"": false, ""wrt"": false, ""zgr"": false, ""entw"": ""B"", ""gabe"": ""Der Gutachterausschuss für Grundstückswerte im Hochsauerlandkreis"", ""jahr"": ""2025"", ""nuta"": ""W"", ""stag"": ""2022-01-01"", ""farbe"": ""6"", ""anl_txt"": ""UNDEFINED"", ""flaeche"": 21885.5343163054, ""prozent"": 93.96821554238975479200, ""entw_txt"": ""Baureifes Land"", ""nuta_txt"": ""Wohnbaufläche"", ""farbe_txt"": ""Außenbereich"", ""flaeche_amtl"": 21900.232314309356251823520}, {""anl"": """", ""bko"": """", ""brw"": 0.8, ""dat"": ""0001-01-01 BC"", ""gsm"": false, ""kor"": false, ""soa"": false, ""wrt"": false, ""zgr"": false, ""entw"": ""LF"", ""gabe"": ""Der Gutachterausschuss für Grundstückswerte im Hochsauerlandkreis"", ""jahr"": ""2025"", ""nuta"": ""F"", ""stag"": ""2022-01-01"", ""farbe"": ""4"", ""anl_txt"": ""UNDEFINED"", ""flaeche"": 21885.5343163054, ""prozent"": 93.96821554238975479200, ""entw_txt"": ""Fläche der Land- und Forstwirtschaft"", ""nuta_txt"": ""forstwirtschaftliche Fläche"", ""farbe_txt"": ""Forstwirtschaft"", ""flaeche_amtl"": 21900.232314309356251823520}, {""anl"": """", ""bko"": """", ""brw"": 30, ""dat"": ""0001-01-01 BC"", ""gsm"": false, ""kor"": false, ""soa"": false, ""wrt"": false, ""zgr"": false, ""entw"": ""B"", ""gabe"": ""Der Gutachterausschuss für Grundstückswerte im Hochsauerlandkreis"", ""jahr"": ""2025"", ""nuta"": ""MD"", ""stag"": ""2022-01-01"", ""farbe"": ""1"", ""anl_txt"": ""UNDEFINED"", ""flaeche"": 1404.82421939783, ""prozent"": 6.03178442617204305900, ""entw_txt"": ""Baureifes Land"", ""nuta_txt"": ""Dorfgebiet"", ""farbe_txt"": ""Ein-/Zweigeschossig"", ""flaeche_amtl"": 1405.767678363656355330540}]";23290.3585430253;NULL
262;DENW07AL0000Tfkf;05153103000292______;NULL;Breite Wiese;26;NULL;57392;Schmallenberg;Schmallenberg;Schmallenberg;051531;"[""0515310000077""]";30;292;NULL;37849.0;2023-12-20 16:42:14+01;01.01.2025;Landrat des Hochsauerlandkreises;Fachdienst 43, Liegenschaftskataster und Vermessung;21570;12726;NULL;NULL;NULL;NULL;NULL;NULL;NULL;21570;12726;NULL;NULL;NULL;30;0.30;37849;"[{""m2"": 14631, ""emz"": null, ""katasterklassifikation"": ""Soziales""}, {""m2"": 1641, ""emz"": null, ""katasterklassifikation"": ""Fluss""}, {""m2"": 6, ""emz"": null, ""katasterklassifikation"": ""Straßenverkehr""}]";"[{""anl"": """", ""bko"": """", ""brw"": 2.9, ""dat"": ""0001-01-01 BC"", ""gsm"": false, ""kor"": false, ""soa"": false, ""wrt"": false, ""zgr"": false, ""entw"": ""LF"", ""gabe"": ""Der Gutachterausschuss für Grundstückswerte im Hochsauerlandkreis"", ""jahr"": ""2025"", ""nuta"": ""A"", ""stag"": ""2022-01-01"", ""farbe"": ""5"", ""anl_txt"": ""UNDEFINED"", ""flaeche"": 23307.2723352324, ""prozent"": 60.17972823160273125000, ""entw_txt"": ""Fläche der Land- und Forstwirtschaft"", ""nuta_txt"": ""Acker"", ""farbe_txt"": ""Landwirtschaft"", ""flaeche_amtl"": 22777.425338379317750812500}, {""anl"": """", ""bko"": """", ""brw"": 18, ""dat"": ""0001-01-01 BC"", ""gsm"": false, ""kor"": false, ""soa"": false, ""wrt"": false, ""zgr"": false, ""entw"": ""B"", ""gabe"": ""Der Gutachterausschuss für Grundstückswerte im Hochsauerlandkreis"", ""jahr"": ""2025"", ""nuta"": ""W"", ""stag"": ""2022-01-01"", ""farbe"": ""6"", ""anl_txt"": ""UNDEFINED"", ""flaeche"": 23307.2723352324, ""prozent"": 60.17972823160273125000, ""entw_txt"": ""Baureifes Land"", ""nuta_txt"": ""Wohnbaufläche"", ""farbe_txt"": ""Außenbereich"", ""flaeche_amtl"": 22777.425338379317750812500}, {""anl"": """", ""bko"": """", ""brw"": 0.8, ""dat"": ""0001-01-01 BC"", ""gsm"": false, ""kor"": false, ""soa"": false, ""wrt"": false, ""zgr"": false, ""entw"": ""LF"", ""gabe"": ""Der Gutachterausschuss für Grundstückswerte im Hochsauerlandkreis"", ""jahr"": ""2025"", ""nuta"": ""F"", ""stag"": ""2022-01-01"", ""farbe"": ""4"", ""anl_txt"": ""UNDEFINED"", ""flaeche"": 23307.2723352324, ""prozent"": 60.17972823160273125000, ""entw_txt"": ""Fläche der Land- und Forstwirtschaft"", ""nuta_txt"": ""forstwirtschaftliche Fläche"", ""farbe_txt"": ""Forstwirtschaft"", ""flaeche_amtl"": 22777.425338379317750812500}, {""anl"": """", ""bko"": """", ""brw"": 2.4, ""dat"": ""0001-01-01 BC"", ""gsm"": false, ""kor"": false, ""soa"": false, ""wrt"": false, ""zgr"": false, ""entw"": ""LF"", ""gabe"": ""Der Gutachterausschuss für Grundstückswerte im Hochsauerlandkreis"", ""jahr"": ""2025"", ""nuta"": ""GR"", ""stag"": ""2022-01-01"", ""farbe"": ""5"", ""anl_txt"": ""UNDEFINED"", ""flaeche"": 23307.2723352324, ""prozent"": 60.17972823160273125000, ""entw_txt"": ""Fläche der Land- und Forstwirtschaft"", ""nuta_txt"": ""Grünland"", ""farbe_txt"": ""Landwirtschaft"", ""flaeche_amtl"": 22777.425338379317750812500}, {""anl"": """", ""bko"": """", ""brw"": 40, ""dat"": ""0001-01-01 BC"", ""gsm"": false, ""kor"": false, ""soa"": false, ""wrt"": false, ""zgr"": false, ""entw"": ""B"", ""gabe"": ""Der Gutachterausschuss für Grundstückswerte im Hochsauerlandkreis"", ""jahr"": ""2025"", ""nuta"": ""GE"", ""stag"": ""2022-01-01"", ""farbe"": ""3"", ""anl_txt"": ""UNDEFINED"", ""flaeche"": 15422.1686578093, ""prozent"": 39.82027176839313752600, ""entw_txt"": ""Baureifes Land"", ""nuta_txt"": ""Gewerbegebiet"", ""farbe_txt"": ""Gewerbe/Industrie/Sondergebiete"", ""flaeche_amtl"": 15071.574661619118622215740}]";38729.4409930433;NULL
263;DENW07AL0000KpDW;05153002300036______;NULL;NULL;NULL;NULL;NULL;NULL;Schmallenberg;Oberkirchen;051530;"[""0515300090022""]";23;36;NULL;1909.0;2023-12-20 16:42:14+01;01.01.2025;Landrat des Hochsauerlandkreises;Fachdienst 43, Liegenschaftskataster und Vermessung;NULL;NULL;NULL;NULL;NULL;NULL;NULL;NULL;NULL;NULL;NULL;NULL;NULL;NULL;23;0.23;1909;"[{""m2"": 12, ""emz"": null, ""katasterklassifikation"": ""Weg""}, {""m2"": 1871, ""emz"": null, ""katasterklassifikation"": ""Graben""}, {""m2"": 26, ""emz"": null, ""katasterklassifikation"": ""Weg""}]";"[{""anl"": """", ""bko"": """", ""brw"": 1.6, ""dat"": ""0001-01-01 BC"", ""gsm"": false, ""kor"": false, ""soa"": false, ""wrt"": false, ""zgr"": false, ""entw"": ""LF"", ""gabe"": ""Der Gutachterausschuss für Grundstückswerte im Hochsauerlandkreis"", ""jahr"": ""2025"", ""nuta"": ""GR"", ""stag"": ""2022-01-01"", ""farbe"": ""5"", ""anl_txt"": ""UNDEFINED"", ""flaeche"": 1932.91759102396, ""prozent"": 100.00, ""entw_txt"": ""Fläche der Land- und Forstwirtschaft"", ""nuta_txt"": ""Grünland"", ""farbe_txt"": ""Landwirtschaft"", ""flaeche_amtl"": 1909.0}, {""anl"": """", ""bko"": """", ""brw"": 18, ""dat"": ""0001-01-01 BC"", ""gsm"": false, ""kor"": false, ""soa"": false, ""wrt"": false, ""zgr"": false, ""entw"": ""B"", ""gabe"": ""Der Gutachterausschuss für Grundstückswerte im Hochsauerlandkreis"", ""jahr"": ""2025"", ""nuta"": ""W"", ""stag"": ""2022-01-01"", ""farbe"": ""6"", ""anl_txt"": ""UNDEFINED"", ""flaeche"": 1932.91759102396, ""prozent"": 100.00, ""entw_txt"": ""Baureifes Land"", ""nuta_txt"": ""Wohnbaufläche"", ""farbe_txt"": ""Außenbereich"", ""flaeche_amtl"": 1909.0}, {""anl"": """", ""bko"": """", ""brw"": 1.9, ""dat"": ""0001-01-01 BC"", ""gsm"": false, ""kor"": false, ""soa"": false, ""wrt"": false, ""zgr"": false, ""entw"": ""LF"", ""gabe"": ""Der Gutachterausschuss für Grundstückswerte im Hochsauerlandkreis"", ""jahr"": ""2025"", ""nuta"": ""A"", ""stag"": ""2022-01-01"", ""farbe"": ""5"", ""anl_txt"": ""UNDEFINED"", ""flaeche"": 1932.91759102396, ""prozent"": 100.00, ""entw_txt"": ""Fläche der Land- und Forstwirtschaft"", ""nuta_txt"": ""Acker"", ""farbe_txt"": ""Landwirtschaft"", ""flaeche_amtl"": 1909.0}, {""anl"": """", ""bko"": """", ""brw"": 0.8, ""dat"": ""0001-01-01 BC"", ""gsm"": false, ""kor"": false, ""soa"": false, ""wrt"": false, ""zgr"": false, ""entw"": ""LF"", ""gabe"": ""Der Gutachterausschuss für Grundstückswerte im Hochsauerlandkreis"", ""jahr"": ""2025"", ""nuta"": ""F"", ""stag"": ""2022-01-01"", ""farbe"": ""4"", ""anl_txt"": ""UNDEFINED"", ""flaeche"": 1932.91759102396, ""prozent"": 100.00, ""entw_txt"": ""Fläche der Land- und Forstwirtschaft"", ""nuta_txt"": ""forstwirtschaftliche Fläche"", ""farbe_txt"": ""Forstwirtschaft"", ""flaeche_amtl"": 1909.0}]";1932.91759102396;NULL
264;DENW07AL0000KpG2;05153002400029______;NULL;NULL;NULL;NULL;NULL;NULL;Schmallenberg;Oberkirchen;051530;"[""0515300000967""]";24;29;NULL;10478.0;2023-12-20 16:42:14+01;01.01.2025;Landrat des Hochsauerlandkreises;Fachdienst 43, Liegenschaftskataster und Vermessung;NULL;NULL;NULL;NULL;NULL;NULL;NULL;NULL;NULL;NULL;NULL;NULL;166;166;23;0.23;10478;"[{""m2"": 1623, ""emz"": null, ""katasterklassifikation"": ""Weg""}, {""m2"": 8689, ""emz"": null, ""katasterklassifikation"": ""Weg""}]";"[{""anl"": """", ""bko"": """", ""brw"": 1.6, ""dat"": ""0001-01-01 BC"", ""gsm"": false, ""kor"": false, ""soa"": false, ""wrt"": false, ""zgr"": false, ""entw"": ""LF"", ""gabe"": ""Der Gutachterausschuss für Grundstückswerte im Hochsauerlandkreis"", ""jahr"": ""2025"", ""nuta"": ""GR"", ""stag"": ""2022-01-01"", ""farbe"": ""5"", ""anl_txt"": ""UNDEFINED"", ""flaeche"": 10474.5013830978, ""prozent"": 100.00, ""entw_txt"": ""Fläche der Land- und Forstwirtschaft"", ""nuta_txt"": ""Grünland"", ""farbe_txt"": ""Landwirtschaft"", ""flaeche_amtl"": 10478.0}, {""anl"": """", ""bko"": """", ""brw"": 18, ""dat"": ""0001-01-01 BC"", ""gsm"": false, ""kor"": false, ""soa"": false, ""wrt"": false, ""zgr"": false, ""entw"": ""B"", ""gabe"": ""Der Gutachterausschuss für Grundstückswerte im Hochsauerlandkreis"", ""jahr"": ""2025"", ""nuta"": ""W"", ""stag"": ""2022-01-01"", ""farbe"": ""6"", ""anl_txt"": ""UNDEFINED"", ""flaeche"": 10474.5013830978, ""prozent"": 100.00, ""entw_txt"": ""Baureifes Land"", ""nuta_txt"": ""Wohnbaufläche"", ""farbe_txt"": ""Außenbereich"", ""flaeche_amtl"": 10478.0}, {""anl"": """", ""bko"": """", ""brw"": 1.9, ""dat"": ""0001-01-01 BC"", ""gsm"": false, ""kor"": false, ""soa"": false, ""wrt"": false, ""zgr"": false, ""entw"": ""LF"", ""gabe"": ""Der Gutachterausschuss für Grundstückswerte im Hochsauerlandkreis"", ""jahr"": ""2025"", ""nuta"": ""A"", ""stag"": ""2022-01-01"", ""farbe"": ""5"", ""anl_txt"": ""UNDEFINED"", ""flaeche"": 10474.5013830978, ""prozent"": 100.00, ""entw_txt"": ""Fläche der Land- und Forstwirtschaft"", ""nuta_txt"": ""Acker"", ""farbe_txt"": ""Landwirtschaft"", ""flaeche_amtl"": 10478.0}, {""anl"": """", ""bko"": """", ""brw"": 0.8, ""dat"": ""0001-01-01 BC"", ""gsm"": false, ""kor"": false, ""soa"": false, ""wrt"": false, ""zgr"": false, ""entw"": ""LF"", ""gabe"": ""Der Gutachterausschuss für Grundstückswerte im Hochsauerlandkreis"", ""jahr"": ""2025"", ""nuta"": ""F"", ""stag"": ""2022-01-01"", ""farbe"": ""4"", ""anl_txt"": ""UNDEFINED"", ""flaeche"": 10474.5013830978, ""prozent"": 100.00, ""entw_txt"": ""Fläche der Land- und Forstwirtschaft"", ""nuta_txt"": ""forstwirtschaftliche Fläche"", ""farbe_txt"": ""Forstwirtschaft"", ""flaeche_amtl"": 10478.0}]";10474.5013830978;NULL
265;DENW11AL00007Smi;05173800200309______;NULL;NULL;NULL;NULL;NULL;NULL;Ense;Waltringen;051738;"[""0517380000277""]";2;309;NULL;16979.0;2023-11-28 15:29:19+01;01.01.2025;Landrätin des Kreises Soest;Abteilung Liegenschaftskataster und Vermessung;NULL;NULL;NULL;NULL;NULL;NULL;NULL;NULL;NULL;NULL;NULL;NULL;NULL;NULL;56;0.56;16979;"[{""m2"": 10649, ""emz"": null, ""katasterklassifikation"": ""Verkehrsbegleitfläche Straße""}, {""m2"": 6330, ""emz"": null, ""katasterklassifikation"": ""Straßenverkehr""}]";"[{""anl"": """", ""bko"": """", ""brw"": 1, ""dat"": ""0001-01-01 BC"", ""gsm"": false, ""kor"": false, ""soa"": false, ""wrt"": false, ""zgr"": false, ""entw"": ""LF"", ""gabe"": ""Der Gutachterausschuss für Grundstückswerte im Kreis Soest"", ""jahr"": ""2025"", ""nuta"": ""F"", ""stag"": ""2022-01-01"", ""farbe"": ""4"", ""anl_txt"": ""UNDEFINED"", ""flaeche"": 16816.7186475084, ""prozent"": 100.00, ""entw_txt"": ""Fläche der Land- und Forstwirtschaft"", ""nuta_txt"": ""forstwirtschaftliche Fläche"", ""farbe_txt"": ""Forstwirtschaft"", ""flaeche_amtl"": 16979.0}, {""anl"": """", ""bko"": """", ""brw"": 8.5, ""dat"": ""0001-01-01 BC"", ""gsm"": false, ""kor"": false, ""soa"": false, ""wrt"": false, ""zgr"": false, ""entw"": ""LF"", ""gabe"": ""Der Gutachterausschuss für Grundstückswerte im Kreis Soest"", ""jahr"": ""2025"", ""nuta"": ""A"", ""stag"": ""2022-01-01"", ""farbe"": ""5"", ""anl_txt"": ""UNDEFINED"", ""flaeche"": 16816.7186475084, ""prozent"": 100.00, ""entw_txt"": ""Fläche der Land- und Forstwirtschaft"", ""nuta_txt"": ""Acker"", ""farbe_txt"": ""Landwirtschaft"", ""flaeche_amtl"": 16979.0}, {""anl"": """", ""bko"": """", ""brw"": 2.7, ""dat"": ""0001-01-01 BC"", ""gsm"": false, ""kor"": false, ""soa"": false, ""wrt"": false, ""zgr"": false, ""entw"": ""LF"", ""gabe"": ""Der Gutachterausschuss für Grundstückswerte im Kreis Soest"", ""jahr"": ""2025"", ""nuta"": ""GR"", ""stag"": ""2022-01-01"", ""farbe"": ""5"", ""anl_txt"": ""UNDEFINED"", ""flaeche"": 16816.7186475084, ""prozent"": 100.00, ""entw_txt"": ""Fläche der Land- und Forstwirtschaft"", ""nuta_txt"": ""Grünland"", ""farbe_txt"": ""Landwirtschaft"", ""flaeche_amtl"": 16979.0}, {""anl"": """", ""bko"": """", ""brw"": 35, ""dat"": ""0001-01-01 BC"", ""gsm"": false, ""kor"": false, ""soa"": false, ""wrt"": false, ""zgr"": false, ""entw"": ""B"", ""gabe"": ""Der Gutachterausschuss für Grundstückswerte im Kreis Soest"", ""jahr"": ""2025"", ""nuta"": ""W"", ""stag"": ""2022-01-01"", ""farbe"": ""6"", ""anl_txt"": ""UNDEFINED"", ""flaeche"": 16816.7186475084, ""prozent"": 100.00, ""entw_txt"": ""Baureifes Land"", ""nuta_txt"": ""Wohnbaufläche"", ""farbe_txt"": ""Außenbereich"", ""flaeche_amtl"": 16979.0}]";16816.7186475084;NULL
266;DENW10AL1000900L;05183200200087______;NULL;NULL;NULL;NULL;NULL;NULL;Erndtebrück;Womelsdorf;051832;"[""0518320000001""]";2;87;NULL;7864.0;2024-08-23 13:46:53+02;01.01.2025;Landrat des Kreises Siegen-Wittgenstein;Amt für Liegenschaftskataster und Geoinformation;NULL;NULL;NULL;NULL;NULL;NULL;NULL;NULL;NULL;NULL;NULL;NULL;NULL;NULL;30;0.30;7864;"[{""m2"": 6500, ""emz"": null, ""katasterklassifikation"": ""Weg""}, {""m2"": 1365, ""emz"": null, ""katasterklassifikation"": ""Weg""}]";"[{""anl"": """", ""bko"": """", ""brw"": 1.35, ""dat"": ""0001-01-01 BC"", ""gsm"": false, ""kor"": false, ""soa"": false, ""wrt"": false, ""zgr"": false, ""entw"": ""LF"", ""gabe"": ""Der Gutachterausschuss für Grundstückswerte im Kreis Siegen-Wittgenstein"", ""jahr"": ""2025"", ""nuta"": ""L"", ""stag"": ""2022-01-01"", ""farbe"": ""5"", ""anl_txt"": ""UNDEFINED"", ""flaeche"": 7859.30225253089, ""prozent"": 100.00, ""entw_txt"": ""Fläche der Land- und Forstwirtschaft"", ""nuta_txt"": ""landwirtschaftliche Fläche"", ""farbe_txt"": ""Landwirtschaft"", ""flaeche_amtl"": 7864.0}, {""anl"": """", ""bko"": """", ""brw"": 0.6, ""dat"": ""0001-01-01 BC"", ""gsm"": false, ""kor"": false, ""soa"": false, ""wrt"": false, ""zgr"": false, ""entw"": ""LF"", ""gabe"": ""Der Gutachterausschuss für Grundstückswerte im Kreis Siegen-Wittgenstein"", ""jahr"": ""2025"", ""nuta"": ""F"", ""stag"": ""2022-01-01"", ""farbe"": ""4"", ""anl_txt"": ""UNDEFINED"", ""flaeche"": 7859.30225253089, ""prozent"": 100.00, ""entw_txt"": ""Fläche der Land- und Forstwirtschaft"", ""nuta_txt"": ""forstwirtschaftliche Fläche"", ""farbe_txt"": ""Forstwirtschaft"", ""flaeche_amtl"": 7864.0}, {""anl"": """", ""bko"": """", ""brw"": 20, ""dat"": ""0001-01-01 BC"", ""gsm"": false, ""kor"": false, ""soa"": false, ""wrt"": false, ""zgr"": false, ""entw"": ""B"", ""gabe"": ""Der Gutachterausschuss für Grundstückswerte im Kreis Siegen-Wittgenstein"", ""jahr"": ""2025"", ""nuta"": ""W"", ""stag"": ""2022-01-01"", ""farbe"": ""6"", ""anl_txt"": ""UNDEFINED"", ""flaeche"": 7859.30225253089, ""prozent"": 100.00, ""entw_txt"": ""Baureifes Land"", ""nuta_txt"": ""Wohnbaufläche"", ""farbe_txt"": ""Außenbereich"", ""flaeche_amtl"": 7864.0}]";7859.30225253089;NULL
267;DENW07AL0000KptG;05153001600048______;NULL;NULL;NULL;NULL;NULL;NULL;Schmallenberg;Oberkirchen;051530;"[""0515300000751""]";16;48;NULL;7.0;2023-12-20 16:42:14+01;01.01.2025;Landrat des Hochsauerlandkreises;Fachdienst 43, Liegenschaftskataster und Vermessung;7;2;NULL;NULL;NULL;NULL;NULL;NULL;NULL;7;2;NULL;NULL;NULL;23;0.23;7;NULL;"[{""anl"": """", ""bko"": """", ""brw"": 1.6, ""dat"": ""0001-01-01 BC"", ""gsm"": false, ""kor"": false, ""soa"": false, ""wrt"": false, ""zgr"": false, ""entw"": ""LF"", ""gabe"": ""Der Gutachterausschuss für Grundstückswerte im Hochsauerlandkreis"", ""jahr"": ""2025"", ""nuta"": ""GR"", ""stag"": ""2022-01-01"", ""farbe"": ""5"", ""anl_txt"": ""UNDEFINED"", ""flaeche"": 6.73085150011648, ""prozent"": 100.00, ""entw_txt"": ""Fläche der Land- und Forstwirtschaft"", ""nuta_txt"": ""Grünland"", ""farbe_txt"": ""Landwirtschaft"", ""flaeche_amtl"": 7.0}, {""anl"": """", ""bko"": """", ""brw"": 18, ""dat"": ""0001-01-01 BC"", ""gsm"": false, ""kor"": false, ""soa"": false, ""wrt"": false, ""zgr"": false, ""entw"": ""B"", ""gabe"": ""Der Gutachterausschuss für Grundstückswerte im Hochsauerlandkreis"", ""jahr"": ""2025"", ""nuta"": ""W"", ""stag"": ""2022-01-01"", ""farbe"": ""6"", ""anl_txt"": ""UNDEFINED"", ""flaeche"": 6.73085150011648, ""prozent"": 100.00, ""entw_txt"": ""Baureifes Land"", ""nuta_txt"": ""Wohnbaufläche"", ""farbe_txt"": ""Außenbereich"", ""flaeche_amtl"": 7.0}, {""anl"": """", ""bko"": """", ""brw"": 1.9, ""dat"": ""0001-01-01 BC"", ""gsm"": false, ""kor"": false, ""soa"": false, ""wrt"": false, ""zgr"": false, ""entw"": ""LF"", ""gabe"": ""Der Gutachterausschuss für Grundstückswerte im Hochsauerlandkreis"", ""jahr"": ""2025"", ""nuta"": ""A"", ""stag"": ""2022-01-01"", ""farbe"": ""5"", ""anl_txt"": ""UNDEFINED"", ""flaeche"": 6.73085150011648, ""prozent"": 100.00, ""entw_txt"": ""Fläche der Land- und Forstwirtschaft"", ""nuta_txt"": ""Acker"", ""farbe_txt"": ""Landwirtschaft"", ""flaeche_amtl"": 7.0}, {""anl"": """", ""bko"": """", ""brw"": 0.8, ""dat"": ""0001-01-01 BC"", ""gsm"": false, ""kor"": false, ""soa"": false, ""wrt"": false, ""zgr"": false, ""entw"": ""LF"", ""gabe"": ""Der Gutachterausschuss für Grundstückswerte im Hochsauerlandkreis"", ""jahr"": ""2025"", ""nuta"": ""F"", ""stag"": ""2022-01-01"", ""farbe"": ""4"", ""anl_txt"": ""UNDEFINED"", ""flaeche"": 6.73085150011648, ""prozent"": 100.00, ""entw_txt"": ""Fläche der Land- und Forstwirtschaft"", ""nuta_txt"": ""forstwirtschaftliche Fläche"", ""farbe_txt"": ""Forstwirtschaft"", ""flaeche_amtl"": 7.0}]";6.73085150011648;NULL
268;DENW10AL10004tuR;05182200100191______;NULL;Zu den Gründen;8;a;57319;Bad Berleburg;Bad Berleburg;Aue;051822;"[""0518220000366"",""0518220000367""]";1;191;NULL;32878.0;2024-08-23 13:46:53+02;01.01.2025;Landrat des Kreises Siegen-Wittgenstein;Amt für Liegenschaftskataster und Geoinformation;25550;5917;394;NULL;NULL;NULL;NULL;NULL;NULL;25550;6311;5735;NULL;5735;29;0.29;32878;"[{""m2"": 1469, ""emz"": null, ""katasterklassifikation"": ""Wohnbaufläche""}, {""m2"": 114, ""emz"": null, ""katasterklassifikation"": ""Graben""}, {""m2"": 12, ""emz"": null, ""katasterklassifikation"": ""Weg""}]";"[{""anl"": """", ""bko"": """", ""brw"": 20, ""dat"": ""0001-01-01 BC"", ""gsm"": false, ""kor"": false, ""soa"": false, ""wrt"": false, ""zgr"": false, ""entw"": ""B"", ""gabe"": ""Der Gutachterausschuss für Grundstückswerte im Kreis Siegen-Wittgenstein"", ""jahr"": ""2025"", ""nuta"": ""W"", ""stag"": ""2022-01-01"", ""farbe"": ""6"", ""anl_txt"": ""UNDEFINED"", ""flaeche"": 31626.9749716611, ""prozent"": 95.84422528425117927100, ""entw_txt"": ""Baureifes Land"", ""nuta_txt"": ""Wohnbaufläche"", ""farbe_txt"": ""Außenbereich"", ""flaeche_amtl"": 31511.664388956102720719380}, {""anl"": """", ""bko"": """", ""brw"": 0.6, ""dat"": ""0001-01-01 BC"", ""gsm"": false, ""kor"": false, ""soa"": false, ""wrt"": false, ""zgr"": false, ""entw"": ""LF"", ""gabe"": ""Der Gutachterausschuss für Grundstückswerte im Kreis Siegen-Wittgenstein"", ""jahr"": ""2025"", ""nuta"": ""F"", ""stag"": ""2022-01-01"", ""farbe"": ""4"", ""anl_txt"": ""UNDEFINED"", ""flaeche"": 31626.9749716611, ""prozent"": 95.84422528425117927100, ""entw_txt"": ""Fläche der Land- und Forstwirtschaft"", ""nuta_txt"": ""forstwirtschaftliche Fläche"", ""farbe_txt"": ""Forstwirtschaft"", ""flaeche_amtl"": 31511.664388956102720719380}, {""anl"": """", ""bko"": """", ""brw"": 1.25, ""dat"": ""0001-01-01 BC"", ""gsm"": false, ""kor"": false, ""soa"": false, ""wrt"": false, ""zgr"": false, ""entw"": ""LF"", ""gabe"": ""Der Gutachterausschuss für Grundstückswerte im Kreis Siegen-Wittgenstein"", ""jahr"": ""2025"", ""nuta"": ""L"", ""stag"": ""2022-01-01"", ""farbe"": ""5"", ""anl_txt"": ""UNDEFINED"", ""flaeche"": 31626.9749716611, ""prozent"": 95.84422528425117927100, ""entw_txt"": ""Fläche der Land- und Forstwirtschaft"", ""nuta_txt"": ""landwirtschaftliche Fläche"", ""farbe_txt"": ""Landwirtschaft"", ""flaeche_amtl"": 31511.664388956102720719380}, {""anl"": """", ""bko"": """", ""brw"": 30, ""dat"": ""0001-01-01 BC"", ""gsm"": false, ""kor"": false, ""soa"": false, ""wrt"": false, ""zgr"": false, ""entw"": ""B"", ""gabe"": ""Der Gutachterausschuss für Grundstückswerte im Kreis Siegen-Wittgenstein"", ""jahr"": ""2025"", ""nuta"": ""W"", ""stag"": ""2022-01-01"", ""farbe"": ""1"", ""anl_txt"": ""UNDEFINED"", ""flaeche"": 1371.33544073597, ""prozent"": 4.15577471572751660800, ""entw_txt"": ""Baureifes Land"", ""nuta_txt"": ""Wohnbaufläche"", ""farbe_txt"": ""Ein-/Zweigeschossig"", ""flaeche_amtl"": 1366.335611036892910378240}]";32998.3104124041;NULL
269;DENW06AL0004Vie0;05108402700596______;NULL;Frackmannsfeld;48;NULL;58455;Witten;Witten;Heven;051084;"[""0510840002560""]";27;596;NULL;357.0;2024-12-05 17:00:00+01;01.01.2025;Landrat des Ennepe-Ruhr-Kreises;Abteilung Liegenschaftskataster und Geoinformationen;NULL;NULL;NULL;NULL;NULL;NULL;NULL;NULL;NULL;NULL;NULL;NULL;NULL;NULL;66;0.66;357;"[{""m2"": 357, ""emz"": null, ""katasterklassifikation"": ""Wohnbaufläche""}]";"[{""anl"": """", ""bko"": """", ""brw"": 270, ""dat"": ""0001-01-01 BC"", ""gsm"": false, ""kor"": false, ""soa"": false, ""wrt"": false, ""zgr"": false, ""entw"": ""B"", ""gabe"": ""Der Gutachterausschuss für Grundstückswerte im Ennepe-Ruhr-Kreis mit der Stadt Witten"", ""jahr"": ""2025"", ""nuta"": ""W"", ""stag"": ""2022-01-01"", ""farbe"": ""1"", ""anl_txt"": ""UNDEFINED"", ""flaeche"": 356.643528007736, ""prozent"": 100.00, ""entw_txt"": ""Baureifes Land"", ""nuta_txt"": ""Wohnbaufläche"", ""farbe_txt"": ""Ein-/Zweigeschossig"", ""flaeche_amtl"": 357.0}]";356.643528007736;NULL
270;DENW10AL10008Tao;05182300100262______;NULL;NULL;NULL;NULL;NULL;NULL;Erndtebrück;Balde;051823;"[""0518230000141""]";1;262;NULL;105.0;2024-08-23 13:46:53+02;01.01.2025;Landrat des Kreises Siegen-Wittgenstein;Amt für Liegenschaftskataster und Geoinformation;NULL;NULL;NULL;NULL;NULL;NULL;NULL;NULL;NULL;NULL;NULL;NULL;NULL;NULL;30;0.30;105;"[{""m2"": 105, ""emz"": null, ""katasterklassifikation"": ""Landwirtschaftliche Betriebsfläche""}]";"[{""anl"": """", ""bko"": """", ""brw"": 0.6, ""dat"": ""0001-01-01 BC"", ""gsm"": false, ""kor"": false, ""soa"": false, ""wrt"": false, ""zgr"": false, ""entw"": ""LF"", ""gabe"": ""Der Gutachterausschuss für Grundstückswerte im Kreis Siegen-Wittgenstein"", ""jahr"": ""2025"", ""nuta"": ""F"", ""stag"": ""2022-01-01"", ""farbe"": ""4"", ""anl_txt"": ""UNDEFINED"", ""flaeche"": 104.295467486301, ""prozent"": 100.00, ""entw_txt"": ""Fläche der Land- und Forstwirtschaft"", ""nuta_txt"": ""forstwirtschaftliche Fläche"", ""farbe_txt"": ""Forstwirtschaft"", ""flaeche_amtl"": 105.0}, {""anl"": """", ""bko"": """", ""brw"": 1.35, ""dat"": ""0001-01-01 BC"", ""gsm"": false, ""kor"": false, ""soa"": false, ""wrt"": false, ""zgr"": false, ""entw"": ""LF"", ""gabe"": ""Der Gutachterausschuss für Grundstückswerte im Kreis Siegen-Wittgenstein"", ""jahr"": ""2025"", ""nuta"": ""L"", ""stag"": ""2022-01-01"", ""farbe"": ""5"", ""anl_txt"": ""UNDEFINED"", ""flaeche"": 104.295467486301, ""prozent"": 100.00, ""entw_txt"": ""Fläche der Land- und Forstwirtschaft"", ""nuta_txt"": ""landwirtschaftliche Fläche"", ""farbe_txt"": ""Landwirtschaft"", ""flaeche_amtl"": 105.0}, {""anl"": """", ""bko"": """", ""brw"": 15, ""dat"": ""0001-01-01 BC"", ""gsm"": false, ""kor"": false, ""soa"": false, ""wrt"": false, ""zgr"": false, ""entw"": ""B"", ""gabe"": ""Der Gutachterausschuss für Grundstückswerte im Kreis Siegen-Wittgenstein"", ""jahr"": ""2025"", ""nuta"": ""W"", ""stag"": ""2022-01-01"", ""farbe"": ""6"", ""anl_txt"": ""UNDEFINED"", ""flaeche"": 104.295467486301, ""prozent"": 100.00, ""entw_txt"": ""Baureifes Land"", ""nuta_txt"": ""Wohnbaufläche"", ""farbe_txt"": ""Außenbereich"", ""flaeche_amtl"": 105.0}]";104.295467486301;NULL
271;DENW11AL00001icS;05175200200340______;NULL;NULL;NULL;NULL;NULL;NULL;Soest;Müllingsen;051752;"[""0517850000650""]";2;340;NULL;24946.0;2023-11-28 15:29:19+01;01.01.2025;Landrätin des Kreises Soest;Abteilung Liegenschaftskataster und Vermessung;NULL;NULL;NULL;NULL;NULL;NULL;NULL;NULL;NULL;NULL;NULL;NULL;NULL;NULL;64;0.64;24946;"[{""m2"": 12128, ""emz"": null, ""katasterklassifikation"": ""Straßenverkehr""}, {""m2"": 79, ""emz"": null, ""katasterklassifikation"": ""Graben""}, {""m2"": 12738, ""emz"": null, ""katasterklassifikation"": ""Verkehrsbegleitfläche Straße""}]";"[{""anl"": """", ""bko"": """", ""brw"": 10.5, ""dat"": ""0001-01-01 BC"", ""gsm"": false, ""kor"": false, ""soa"": false, ""wrt"": false, ""zgr"": false, ""entw"": ""LF"", ""gabe"": ""Der Gutachterausschuss für Grundstückswerte im Kreis Soest"", ""jahr"": ""2025"", ""nuta"": ""A"", ""stag"": ""2022-01-01"", ""farbe"": ""5"", ""anl_txt"": ""UNDEFINED"", ""flaeche"": 22247.9764417331, ""prozent"": 90.23496324332953394300, ""entw_txt"": ""Fläche der Land- und Forstwirtschaft"", ""nuta_txt"": ""Acker"", ""farbe_txt"": ""Landwirtschaft"", ""flaeche_amtl"": 22510.013930680985537420780}, {""anl"": """", ""bko"": """", ""brw"": 5.5, ""dat"": ""0001-01-01 BC"", ""gsm"": false, ""kor"": false, ""soa"": false, ""wrt"": false, ""zgr"": false, ""entw"": ""LF"", ""gabe"": ""Der Gutachterausschuss für Grundstückswerte im Kreis Soest"", ""jahr"": ""2025"", ""nuta"": ""GR"", ""stag"": ""2022-01-01"", ""farbe"": ""5"", ""anl_txt"": ""UNDEFINED"", ""flaeche"": 22247.974542222, ""prozent"": 90.23495553915406712300, ""entw_txt"": ""Fläche der Land- und Forstwirtschaft"", ""nuta_txt"": ""Grünland"", ""farbe_txt"": ""Landwirtschaft"", ""flaeche_amtl"": 22510.012008797373584503580}, {""anl"": """", ""bko"": """", ""brw"": 40, ""dat"": ""0001-01-01 BC"", ""gsm"": false, ""kor"": false, ""soa"": false, ""wrt"": false, ""zgr"": false, ""entw"": ""B"", ""gabe"": ""Der Gutachterausschuss für Grundstückswerte im Kreis Soest"", ""jahr"": ""2025"", ""nuta"": ""W"", ""stag"": ""2022-01-01"", ""farbe"": ""6"", ""anl_txt"": ""UNDEFINED"", ""flaeche"": 22247.9745421941, ""prozent"": 90.23495553904090827100, ""entw_txt"": ""Baureifes Land"", ""nuta_txt"": ""Wohnbaufläche"", ""farbe_txt"": ""Außenbereich"", ""flaeche_amtl"": 22510.012008769144977283660}, {""anl"": """", ""bko"": """", ""brw"": 80, ""dat"": ""0001-01-01 BC"", ""gsm"": false, ""kor"": false, ""soa"": false, ""wrt"": false, ""zgr"": false, ""entw"": ""B"", ""gabe"": ""Der Gutachterausschuss für Grundstückswerte im Kreis Soest"", ""jahr"": ""2025"", ""nuta"": ""MD"", ""stag"": ""2022-01-01"", ""farbe"": ""1"", ""anl_txt"": ""UNDEFINED"", ""flaeche"": 2407.63082640248, ""prozent"": 9.76504446114071371500, ""entw_txt"": ""Baureifes Land"", ""nuta_txt"": ""Dorfgebiet"", ""farbe_txt"": ""Ein-/Zweigeschossig"", ""flaeche_amtl"": 2435.987991276162443343900}]";24655.6053685518;NULL
272;DENW53AL0000zTmR;05504100700189______;NULL;NULL;NULL;NULL;NULL;NULL;Tecklenburg;Brochterbeck;055041;"[""0550410000550""]";7;189;NULL;43.0;2023-10-24 14:20:04+02;01.01.2025;Landrat des Kreises Steinfurt;Vermessungs- und Katasteramt;NULL;NULL;NULL;NULL;NULL;NULL;NULL;NULL;NULL;NULL;NULL;NULL;NULL;NULL;30;0.30;43;"[{""m2"": 43, ""emz"": null, ""katasterklassifikation"": ""Wohnbaufläche""}]";"[{""anl"": """", ""bko"": """", ""brw"": 80, ""dat"": ""0001-01-01 BC"", ""gsm"": false, ""kor"": false, ""soa"": false, ""wrt"": false, ""zgr"": false, ""entw"": ""B"", ""gabe"": ""Der Gutachterausschuss für Grundstückswerte im Kreis Steinfurt"", ""jahr"": ""2025"", ""nuta"": ""W"", ""stag"": ""2022-01-01"", ""farbe"": ""1"", ""anl_txt"": ""UNDEFINED"", ""flaeche"": 35.8485525005244, ""prozent"": 100.00, ""entw_txt"": ""Baureifes Land"", ""nuta_txt"": ""Wohnbaufläche"", ""farbe_txt"": ""Ein-/Zweigeschossig"", ""flaeche_amtl"": 43.0}]";35.8485525005244;NULL
273;DENW53AL0000zgix;05503600800251______;NULL;NULL;NULL;NULL;NULL;NULL;Tecklenburg;Ledde;055036;"[""0550360000626""]";8;251;NULL;3.0;2023-10-24 14:20:04+02;01.01.2025;Landrat des Kreises Steinfurt;Vermessungs- und Katasteramt;NULL;NULL;NULL;NULL;NULL;NULL;NULL;NULL;NULL;NULL;NULL;NULL;NULL;NULL;40;0.40;3;"[{""m2"": 3, ""emz"": null, ""katasterklassifikation"": ""Wohnbaufläche""}]";"[{""anl"": """", ""bko"": """", ""brw"": 105, ""dat"": ""0001-01-01 BC"", ""gsm"": false, ""kor"": false, ""soa"": false, ""wrt"": false, ""zgr"": false, ""entw"": ""B"", ""gabe"": ""Der Gutachterausschuss für Grundstückswerte im Kreis Steinfurt"", ""jahr"": ""2025"", ""nuta"": ""W"", ""stag"": ""2022-01-01"", ""farbe"": ""6"", ""anl_txt"": ""UNDEFINED"", ""flaeche"": 1.62934800107649, ""prozent"": 100.00, ""entw_txt"": ""Baureifes Land"", ""nuta_txt"": ""Wohnbaufläche"", ""farbe_txt"": ""Außenbereich"", ""flaeche_amtl"": 3.0}, {""anl"": """", ""bko"": """", ""brw"": 3.5, ""dat"": ""0001-01-01 BC"", ""gsm"": false, ""kor"": false, ""soa"": false, ""wrt"": false, ""zgr"": false, ""entw"": ""LF"", ""gabe"": ""Der Gutachterausschuss für Grundstückswerte im Kreis Steinfurt"", ""jahr"": ""2025"", ""nuta"": ""GR"", ""stag"": ""2022-01-01"", ""farbe"": ""5"", ""anl_txt"": ""UNDEFINED"", ""flaeche"": 1.62934800107649, ""prozent"": 100.00, ""entw_txt"": ""Fläche der Land- und Forstwirtschaft"", ""nuta_txt"": ""Grünland"", ""farbe_txt"": ""Landwirtschaft"", ""flaeche_amtl"": 3.0}, {""anl"": """", ""bko"": """", ""brw"": 8, ""dat"": ""0001-01-01 BC"", ""gsm"": false, ""kor"": false, ""soa"": false, ""wrt"": false, ""zgr"": false, ""entw"": ""LF"", ""gabe"": ""Der Gutachterausschuss für Grundstückswerte im Kreis Steinfurt"", ""jahr"": ""2025"", ""nuta"": ""A"", ""stag"": ""2022-01-01"", ""farbe"": ""5"", ""anl_txt"": ""UNDEFINED"", ""flaeche"": 1.62934800107649, ""prozent"": 100.00, ""entw_txt"": ""Fläche der Land- und Forstwirtschaft"", ""nuta_txt"": ""Acker"", ""farbe_txt"": ""Landwirtschaft"", ""flaeche_amtl"": 3.0}, {""anl"": """", ""bko"": """", ""brw"": 1, ""dat"": ""0001-01-01 BC"", ""gsm"": false, ""kor"": false, ""soa"": false, ""wrt"": false, ""zgr"": false, ""entw"": ""LF"", ""gabe"": ""Der Gutachterausschuss für Grundstückswerte im Kreis Steinfurt"", ""jahr"": ""2025"", ""nuta"": ""F"", ""stag"": ""2022-01-01"", ""farbe"": ""4"", ""anl_txt"": ""UNDEFINED"", ""flaeche"": 1.62934800107649, ""prozent"": 100.00, ""entw_txt"": ""Fläche der Land- und Forstwirtschaft"", ""nuta_txt"": ""forstwirtschaftliche Fläche"", ""farbe_txt"": ""Forstwirtschaft"", ""flaeche_amtl"": 3.0}]";1.62934800107649;NULL
274;DENW53AL0000zgpA;05503601100081______;NULL;NULL;NULL;NULL;NULL;NULL;Tecklenburg;Ledde;055036;"[""0550410000957""]";11;81;NULL;28.0;2023-10-24 14:20:04+02;01.01.2025;Landrat des Kreises Steinfurt;Vermessungs- und Katasteramt;NULL;NULL;NULL;NULL;NULL;NULL;NULL;NULL;NULL;NULL;NULL;NULL;NULL;NULL;40;0.40;28;"[{""m2"": 28, ""emz"": null, ""katasterklassifikation"": ""Weg""}]";"[{""anl"": """", ""bko"": """", ""brw"": 3.5, ""dat"": ""0001-01-01 BC"", ""gsm"": false, ""kor"": false, ""soa"": false, ""wrt"": false, ""zgr"": false, ""entw"": ""LF"", ""gabe"": ""Der Gutachterausschuss für Grundstückswerte im Kreis Steinfurt"", ""jahr"": ""2025"", ""nuta"": ""GR"", ""stag"": ""2022-01-01"", ""farbe"": ""5"", ""anl_txt"": ""UNDEFINED"", ""flaeche"": 28.1467890015544, ""prozent"": 100.00, ""entw_txt"": ""Fläche der Land- und Forstwirtschaft"", ""nuta_txt"": ""Grünland"", ""farbe_txt"": ""Landwirtschaft"", ""flaeche_amtl"": 28.0}, {""anl"": """", ""bko"": """", ""brw"": 105, ""dat"": ""0001-01-01 BC"", ""gsm"": false, ""kor"": false, ""soa"": false, ""wrt"": false, ""zgr"": false, ""entw"": ""B"", ""gabe"": ""Der Gutachterausschuss für Grundstückswerte im Kreis Steinfurt"", ""jahr"": ""2025"", ""nuta"": ""W"", ""stag"": ""2022-01-01"", ""farbe"": ""6"", ""anl_txt"": ""UNDEFINED"", ""flaeche"": 28.1467890015544, ""prozent"": 100.00, ""entw_txt"": ""Baureifes Land"", ""nuta_txt"": ""Wohnbaufläche"", ""farbe_txt"": ""Außenbereich"", ""flaeche_amtl"": 28.0}, {""anl"": """", ""bko"": """", ""brw"": 1, ""dat"": ""0001-01-01 BC"", ""gsm"": false, ""kor"": false, ""soa"": false, ""wrt"": false, ""zgr"": false, ""entw"": ""LF"", ""gabe"": ""Der Gutachterausschuss für Grundstückswerte im Kreis Steinfurt"", ""jahr"": ""2025"", ""nuta"": ""F"", ""stag"": ""2022-01-01"", ""farbe"": ""4"", ""anl_txt"": ""UNDEFINED"", ""flaeche"": 28.1467890015544, ""prozent"": 100.00, ""entw_txt"": ""Fläche der Land- und Forstwirtschaft"", ""nuta_txt"": ""forstwirtschaftliche Fläche"", ""farbe_txt"": ""Forstwirtschaft"", ""flaeche_amtl"": 28.0}, {""anl"": """", ""bko"": """", ""brw"": 8, ""dat"": ""0001-01-01 BC"", ""gsm"": false, ""kor"": false, ""soa"": false, ""wrt"": false, ""zgr"": false, ""entw"": ""LF"", ""gabe"": ""Der Gutachterausschuss für Grundstückswerte im Kreis Steinfurt"", ""jahr"": ""2025"", ""nuta"": ""A"", ""stag"": ""2022-01-01"", ""farbe"": ""5"", ""anl_txt"": ""UNDEFINED"", ""flaeche"": 28.1467890015544, ""prozent"": 100.00, ""entw_txt"": ""Fläche der Land- und Forstwirtschaft"", ""nuta_txt"": ""Acker"", ""farbe_txt"": ""Landwirtschaft"", ""flaeche_amtl"": 28.0}]";28.1467890015544;NULL
275;DENW11AL0000pmSw;05171800700147______;NULL;NULL;NULL;NULL;NULL;NULL;Möhnesee;Echtrop;051718;"[""059126001201B""]";7;147;NULL;23386.0;2023-11-28 15:29:19+01;01.01.2025;Landrätin des Kreises Soest;Abteilung Liegenschaftskataster und Vermessung;NULL;NULL;NULL;NULL;NULL;NULL;NULL;NULL;NULL;NULL;NULL;NULL;NULL;NULL;52;0.52;23386;"[{""m2"": 9339, ""emz"": null, ""katasterklassifikation"": ""Verkehrsbegleitfläche Straße""}, {""m2"": 14047, ""emz"": null, ""katasterklassifikation"": ""Straßenverkehr""}]";"[{""anl"": """", ""bko"": """", ""brw"": 5.5, ""dat"": ""0001-01-01 BC"", ""gsm"": false, ""kor"": false, ""soa"": false, ""wrt"": false, ""zgr"": false, ""entw"": ""LF"", ""gabe"": ""Der Gutachterausschuss für Grundstückswerte im Kreis Soest"", ""jahr"": ""2025"", ""nuta"": ""GR"", ""stag"": ""2022-01-01"", ""farbe"": ""5"", ""anl_txt"": ""UNDEFINED"", ""flaeche"": 23109.428350998, ""prozent"": 100.00, ""entw_txt"": ""Fläche der Land- und Forstwirtschaft"", ""nuta_txt"": ""Grünland"", ""farbe_txt"": ""Landwirtschaft"", ""flaeche_amtl"": 23386.0}, {""anl"": """", ""bko"": """", ""brw"": 1, ""dat"": ""0001-01-01 BC"", ""gsm"": false, ""kor"": false, ""soa"": false, ""wrt"": false, ""zgr"": false, ""entw"": ""LF"", ""gabe"": ""Der Gutachterausschuss für Grundstückswerte im Kreis Soest"", ""jahr"": ""2025"", ""nuta"": ""F"", ""stag"": ""2022-01-01"", ""farbe"": ""4"", ""anl_txt"": ""UNDEFINED"", ""flaeche"": 23109.428350998, ""prozent"": 100.00, ""entw_txt"": ""Fläche der Land- und Forstwirtschaft"", ""nuta_txt"": ""forstwirtschaftliche Fläche"", ""farbe_txt"": ""Forstwirtschaft"", ""flaeche_amtl"": 23386.0}, {""anl"": """", ""bko"": """", ""brw"": 8.5, ""dat"": ""0001-01-01 BC"", ""gsm"": false, ""kor"": false, ""soa"": false, ""wrt"": false, ""zgr"": false, ""entw"": ""LF"", ""gabe"": ""Der Gutachterausschuss für Grundstückswerte im Kreis Soest"", ""jahr"": ""2025"", ""nuta"": ""A"", ""stag"": ""2022-01-01"", ""farbe"": ""5"", ""anl_txt"": ""UNDEFINED"", ""flaeche"": 23109.428350998, ""prozent"": 100.00, ""entw_txt"": ""Fläche der Land- und Forstwirtschaft"", ""nuta_txt"": ""Acker"", ""farbe_txt"": ""Landwirtschaft"", ""flaeche_amtl"": 23386.0}, {""anl"": """", ""bko"": """", ""brw"": 40, ""dat"": ""0001-01-01 BC"", ""gsm"": false, ""kor"": false, ""soa"": false, ""wrt"": false, ""zgr"": false, ""entw"": ""B"", ""gabe"": ""Der Gutachterausschuss für Grundstückswerte im Kreis Soest"", ""jahr"": ""2025"", ""nuta"": ""W"", ""stag"": ""2022-01-01"", ""farbe"": ""6"", ""anl_txt"": ""UNDEFINED"", ""flaeche"": 23109.428350998, ""prozent"": 100.00, ""entw_txt"": ""Baureifes Land"", ""nuta_txt"": ""Wohnbaufläche"", ""farbe_txt"": ""Außenbereich"", ""flaeche_amtl"": 23386.0}]";23109.428350998;NULL
276;DENW33AL0000h1Ms;05337903500158______;NULL;NULL;NULL;NULL;NULL;NULL;Niederkrüchten;Niederkrüchten;053379;"[""0533790000009""]";35;158;NULL;32088.0;2023-11-30 09:46:25+01;01.01.2025;Landrat des Kreises Viersen;Amt für Kataster und Geoinformation;NULL;NULL;NULL;NULL;NULL;NULL;NULL;NULL;NULL;NULL;NULL;NULL;NULL;NULL;54;0.54;32088;"[{""m2"": 11381, ""emz"": null, ""katasterklassifikation"": ""Straßenverkehr""}, {""m2"": 20707, ""emz"": null, ""katasterklassifikation"": ""Verkehrsbegleitfläche Straße""}]";"[{""anl"": """", ""bko"": """", ""brw"": 5, ""dat"": ""0001-01-01 BC"", ""gsm"": false, ""kor"": false, ""soa"": false, ""wrt"": false, ""zgr"": false, ""entw"": ""LF"", ""gabe"": ""Der Gutachterausschuss für Grundstückswerte im Kreis Viersen"", ""jahr"": ""2025"", ""nuta"": ""GR"", ""stag"": ""2022-01-01"", ""farbe"": ""5"", ""anl_txt"": ""UNDEFINED"", ""flaeche"": 32174.3103540161, ""prozent"": 100.00, ""entw_txt"": ""Fläche der Land- und Forstwirtschaft"", ""nuta_txt"": ""Grünland"", ""farbe_txt"": ""Landwirtschaft"", ""flaeche_amtl"": 32088.0}, {""anl"": """", ""bko"": """", ""brw"": 0.6, ""dat"": ""0001-01-01 BC"", ""gsm"": false, ""kor"": false, ""soa"": false, ""wrt"": false, ""zgr"": false, ""entw"": ""LF"", ""gabe"": ""Der Gutachterausschuss für Grundstückswerte im Kreis Viersen"", ""jahr"": ""2025"", ""nuta"": ""F"", ""stag"": ""2022-01-01"", ""farbe"": ""4"", ""anl_txt"": ""UNDEFINED"", ""flaeche"": 32174.3103540161, ""prozent"": 100.00, ""entw_txt"": ""Fläche der Land- und Forstwirtschaft"", ""nuta_txt"": ""forstwirtschaftliche Fläche"", ""farbe_txt"": ""Forstwirtschaft"", ""flaeche_amtl"": 32088.0}, {""anl"": """", ""bko"": """", ""brw"": 6.8, ""dat"": ""0001-01-01 BC"", ""gsm"": false, ""kor"": false, ""soa"": false, ""wrt"": false, ""zgr"": false, ""entw"": ""LF"", ""gabe"": ""Der Gutachterausschuss für Grundstückswerte im Kreis Viersen"", ""jahr"": ""2025"", ""nuta"": ""A"", ""stag"": ""2022-01-01"", ""farbe"": ""5"", ""anl_txt"": ""UNDEFINED"", ""flaeche"": 32174.3103540161, ""prozent"": 100.00, ""entw_txt"": ""Fläche der Land- und Forstwirtschaft"", ""nuta_txt"": ""Acker"", ""farbe_txt"": ""Landwirtschaft"", ""flaeche_amtl"": 32088.0}, {""anl"": """", ""bko"": """", ""brw"": 105, ""dat"": ""0001-01-01 BC"", ""gsm"": false, ""kor"": false, ""soa"": false, ""wrt"": false, ""zgr"": false, ""entw"": ""B"", ""gabe"": ""Der Gutachterausschuss für Grundstückswerte im Kreis Viersen"", ""jahr"": ""2025"", ""nuta"": ""W"", ""stag"": ""2022-01-01"", ""farbe"": ""6"", ""anl_txt"": ""UNDEFINED"", ""flaeche"": 32174.3103540161, ""prozent"": 100.00, ""entw_txt"": ""Baureifes Land"", ""nuta_txt"": ""Wohnbaufläche"", ""farbe_txt"": ""Außenbereich"", ""flaeche_amtl"": 32088.0}]";32174.3103540161;NULL
277;DENW50AL000072TB;05514201200523______;NULL;NULL;NULL;NULL;NULL;NULL;Bocholt;Bocholt;055142;"[""0551420016512""]";12;523;NULL;5880.0;2023-11-13 11:13:19+01;01.01.2025;Landrat des Kreises Borken;Fachbereich 62 - Geoinformation und Liegenschaftskataster;NULL;NULL;NULL;NULL;NULL;NULL;NULL;NULL;NULL;NULL;NULL;NULL;NULL;NULL;29;0.29;5880;"[{""m2"": 5880, ""emz"": null, ""katasterklassifikation"": ""Straßenverkehr""}]";"[{""anl"": """", ""bko"": """", ""brw"": 230, ""dat"": ""0001-01-01 BC"", ""gsm"": false, ""kor"": false, ""soa"": false, ""wrt"": false, ""zgr"": false, ""entw"": ""B"", ""gabe"": ""Der Gutachterausschuss für Grundstückswerte in der Stadt Bocholt"", ""jahr"": ""2025"", ""nuta"": ""W"", ""stag"": ""2022-01-01"", ""farbe"": ""1"", ""anl_txt"": ""UNDEFINED"", ""flaeche"": 5591.40242837166, ""prozent"": 94.75497628830945524600, ""entw_txt"": ""Baureifes Land"", ""nuta_txt"": ""Wohnbaufläche"", ""farbe_txt"": ""Ein-/Zweigeschossig"", ""flaeche_amtl"": 5571.592605752595968464800}, {""anl"": """", ""bko"": """", ""brw"": 260, ""dat"": ""0001-01-01 BC"", ""gsm"": false, ""kor"": false, ""soa"": false, ""wrt"": false, ""zgr"": false, ""entw"": ""B"", ""gabe"": ""Der Gutachterausschuss für Grundstückswerte in der Stadt Bocholt"", ""jahr"": ""2025"", ""nuta"": ""W"", ""stag"": ""2022-01-01"", ""farbe"": ""1"", ""anl_txt"": ""UNDEFINED"", ""flaeche"": 309.502565480553, ""prozent"": 5.24500045006086032400, ""entw_txt"": ""Baureifes Land"", ""nuta_txt"": ""Wohnbaufläche"", ""farbe_txt"": ""Ein-/Zweigeschossig"", ""flaeche_amtl"": 308.406026463578587051200}]";5900.9063664992;NULL
278;DENW50AL0000kMse;05523300401239______;NULL;NULL;NULL;NULL;NULL;NULL;Bocholt;Stenern;055233;"[""0552330001474""]";4;1239;NULL;5308.0;2023-11-13 11:13:19+01;01.01.2025;Landrat des Kreises Borken;Fachbereich 62 - Geoinformation und Liegenschaftskataster;NULL;NULL;NULL;NULL;NULL;NULL;NULL;NULL;NULL;NULL;NULL;NULL;NULL;NULL;30;0.30;5308;"[{""m2"": 4199, ""emz"": null, ""katasterklassifikation"": ""Weg""}, {""m2"": 756, ""emz"": null, ""katasterklassifikation"": ""Verkehrsbegleitfläche Straße""}, {""m2"": 295, ""emz"": null, ""katasterklassifikation"": ""Graben""}, {""m2"": 58, ""emz"": null, ""katasterklassifikation"": ""Straßenverkehr""}]";"[{""anl"": """", ""bko"": """", ""brw"": 1, ""dat"": ""0001-01-01 BC"", ""gsm"": false, ""kor"": false, ""soa"": false, ""wrt"": false, ""zgr"": false, ""entw"": ""LF"", ""gabe"": ""Der Gutachterausschuss für Grundstückswerte in der Stadt Bocholt"", ""jahr"": ""2025"", ""nuta"": ""F"", ""stag"": ""2022-01-01"", ""farbe"": ""4"", ""anl_txt"": ""UNDEFINED"", ""flaeche"": 5490.75185703865, ""prozent"": 100.00, ""entw_txt"": ""Fläche der Land- und Forstwirtschaft"", ""nuta_txt"": ""forstwirtschaftliche Fläche"", ""farbe_txt"": ""Forstwirtschaft"", ""flaeche_amtl"": 5308.0}, {""anl"": """", ""bko"": """", ""brw"": 110, ""dat"": ""0001-01-01 BC"", ""gsm"": false, ""kor"": false, ""soa"": false, ""wrt"": false, ""zgr"": false, ""entw"": ""B"", ""gabe"": ""Der Gutachterausschuss für Grundstückswerte in der Stadt Bocholt"", ""jahr"": ""2025"", ""nuta"": ""W"", ""stag"": ""2022-01-01"", ""farbe"": ""6"", ""anl_txt"": ""UNDEFINED"", ""flaeche"": 5490.75185703865, ""prozent"": 100.00, ""entw_txt"": ""Baureifes Land"", ""nuta_txt"": ""Wohnbaufläche"", ""farbe_txt"": ""Außenbereich"", ""flaeche_amtl"": 5308.0}, {""anl"": """", ""bko"": """", ""brw"": 36, ""dat"": ""0001-01-01 BC"", ""gsm"": false, ""kor"": false, ""soa"": false, ""wrt"": false, ""zgr"": false, ""entw"": ""B"", ""gabe"": ""Der Gutachterausschuss für Grundstückswerte in der Stadt Bocholt"", ""jahr"": ""2025"", ""nuta"": ""G"", ""stag"": ""2022-01-01"", ""farbe"": ""6"", ""anl_txt"": ""UNDEFINED"", ""flaeche"": 5490.75185703865, ""prozent"": 100.00, ""entw_txt"": ""Baureifes Land"", ""nuta_txt"": ""gewerbliche Baufläche"", ""farbe_txt"": ""Außenbereich"", ""flaeche_amtl"": 5308.0}, {""anl"": """", ""bko"": """", ""brw"": 10.2, ""dat"": ""0001-01-01 BC"", ""gsm"": false, ""kor"": false, ""soa"": false, ""wrt"": false, ""zgr"": false, ""entw"": ""LF"", ""gabe"": ""Der Gutachterausschuss für Grundstückswerte in der Stadt Bocholt"", ""jahr"": ""2025"", ""nuta"": ""A"", ""stag"": ""2022-01-01"", ""farbe"": ""5"", ""anl_txt"": ""UNDEFINED"", ""flaeche"": 5490.75185703865, ""prozent"": 100.00, ""entw_txt"": ""Fläche der Land- und Forstwirtschaft"", ""nuta_txt"": ""Acker"", ""farbe_txt"": ""Landwirtschaft"", ""flaeche_amtl"": 5308.0}]";5490.75185703865;NULL
279;DENW41AL30009eWZ;05465801300465______;NULL;NULL;NULL;NULL;NULL;NULL;Erftstadt;Liblar;054658;"[""0546580004313""]";13;465;NULL;2565.0;2024-08-20 10:05:31+02;01.01.2025;Landrat des Rhein-Erft-Kreises;Amt für Liegenschaftskataster und Geoinformation 62;NULL;NULL;NULL;NULL;NULL;NULL;NULL;NULL;NULL;NULL;NULL;NULL;NULL;NULL;69;0.69;2565;"[{""m2"": 2537, ""emz"": null, ""katasterklassifikation"": ""Straßenverkehr""}, {""m2"": 28, ""emz"": null, ""katasterklassifikation"": ""Grünanlage""}]";"[{""anl"": """", ""bko"": """", ""brw"": 400, ""dat"": ""0001-01-01 BC"", ""gsm"": false, ""kor"": false, ""soa"": false, ""wrt"": false, ""zgr"": false, ""entw"": ""B"", ""gabe"": ""Der Gutachterausschuss für Grundstückswerte im Rhein-Erft-Kreis"", ""jahr"": ""2025"", ""nuta"": ""WA"", ""stag"": ""2022-01-01"", ""farbe"": ""1"", ""anl_txt"": ""UNDEFINED"", ""flaeche"": 2565.15177499464, ""prozent"": 100.00, ""entw_txt"": ""Baureifes Land"", ""nuta_txt"": ""allgemeines Wohngebiet"", ""farbe_txt"": ""Ein-/Zweigeschossig"", ""flaeche_amtl"": 2565.0}]";2565.15177499464;NULL
280;DENW10ALBx00003I;05182500400391______;NULL;NULL;NULL;NULL;NULL;NULL;Erndtebrück;Birkefehl;051825;"[""0518250000001""]";4;391;NULL;7214.0;2024-08-23 13:46:53+02;01.01.2025;Landrat des Kreises Siegen-Wittgenstein;Amt für Liegenschaftskataster und Geoinformation;NULL;NULL;NULL;NULL;NULL;NULL;NULL;NULL;NULL;NULL;NULL;NULL;NULL;NULL;32;0.32;7214;"[{""m2"": 3285, ""emz"": null, ""katasterklassifikation"": ""Straßenverkehr""}, {""m2"": 3929, ""emz"": null, ""katasterklassifikation"": ""Verkehrsbegleitfläche Straße""}]";"[{""anl"": """", ""bko"": """", ""brw"": 20, ""dat"": ""0001-01-01 BC"", ""gsm"": false, ""kor"": false, ""soa"": false, ""wrt"": false, ""zgr"": false, ""entw"": ""B"", ""gabe"": ""Der Gutachterausschuss für Grundstückswerte im Kreis Siegen-Wittgenstein"", ""jahr"": ""2025"", ""nuta"": ""W"", ""stag"": ""2022-01-01"", ""farbe"": ""6"", ""anl_txt"": ""UNDEFINED"", ""flaeche"": 4188.04697688689, ""prozent"": 59.57795978727912783800, ""entw_txt"": ""Baureifes Land"", ""nuta_txt"": ""Wohnbaufläche"", ""farbe_txt"": ""Außenbereich"", ""flaeche_amtl"": 4297.954019054316282233320}, {""anl"": """", ""bko"": """", ""brw"": 1.35, ""dat"": ""0001-01-01 BC"", ""gsm"": false, ""kor"": false, ""soa"": false, ""wrt"": false, ""zgr"": false, ""entw"": ""LF"", ""gabe"": ""Der Gutachterausschuss für Grundstückswerte im Kreis Siegen-Wittgenstein"", ""jahr"": ""2025"", ""nuta"": ""L"", ""stag"": ""2022-01-01"", ""farbe"": ""5"", ""anl_txt"": ""UNDEFINED"", ""flaeche"": 4188.04697688689, ""prozent"": 59.57795978727912783800, ""entw_txt"": ""Fläche der Land- und Forstwirtschaft"", ""nuta_txt"": ""landwirtschaftliche Fläche"", ""farbe_txt"": ""Landwirtschaft"", ""flaeche_amtl"": 4297.954019054316282233320}, {""anl"": """", ""bko"": """", ""brw"": 0.6, ""dat"": ""0001-01-01 BC"", ""gsm"": false, ""kor"": false, ""soa"": false, ""wrt"": false, ""zgr"": false, ""entw"": ""LF"", ""gabe"": ""Der Gutachterausschuss für Grundstückswerte im Kreis Siegen-Wittgenstein"", ""jahr"": ""2025"", ""nuta"": ""F"", ""stag"": ""2022-01-01"", ""farbe"": ""4"", ""anl_txt"": ""UNDEFINED"", ""flaeche"": 4188.04697688689, ""prozent"": 59.57795978727912783800, ""entw_txt"": ""Fläche der Land- und Forstwirtschaft"", ""nuta_txt"": ""forstwirtschaftliche Fläche"", ""farbe_txt"": ""Forstwirtschaft"", ""flaeche_amtl"": 4297.954019054316282233320}, {""anl"": """", ""bko"": """", ""brw"": 35, ""dat"": ""0001-01-01 BC"", ""gsm"": false, ""kor"": false, ""soa"": false, ""wrt"": false, ""zgr"": false, ""entw"": ""B"", ""gabe"": ""Der Gutachterausschuss für Grundstückswerte im Kreis Siegen-Wittgenstein"", ""jahr"": ""2025"", ""nuta"": ""W"", ""stag"": ""2022-01-01"", ""farbe"": ""1"", ""anl_txt"": ""UNDEFINED"", ""flaeche"": 2618.66771537551, ""prozent"": 37.25241877751312065400, ""entw_txt"": ""Baureifes Land"", ""nuta_txt"": ""Wohnbaufläche"", ""farbe_txt"": ""Ein-/Zweigeschossig"", ""flaeche_amtl"": 2687.389490609796523979560}, {""anl"": """", ""bko"": """", ""brw"": 30, ""dat"": ""0001-01-01 BC"", ""gsm"": false, ""kor"": false, ""soa"": false, ""wrt"": false, ""zgr"": false, ""entw"": ""B"", ""gabe"": ""Der Gutachterausschuss für Grundstückswerte im Kreis Siegen-Wittgenstein"", ""jahr"": ""2025"", ""nuta"": ""MD"", ""stag"": ""2022-01-01"", ""farbe"": ""1"", ""anl_txt"": ""UNDEFINED"", ""flaeche"": 222.809299227794, ""prozent"": 3.16962143521435223900, ""entw_txt"": ""Baureifes Land"", ""nuta_txt"": ""Dorfgebiet"", ""farbe_txt"": ""Ein-/Zweigeschossig"", ""flaeche_amtl"": 228.656490336363370521460}]";7029.52399148973;NULL
281;DENW33AL0000dxAE;05323908300066______;NULL;NULL;NULL;NULL;NULL;NULL;Schwalmtal;Waldniel;053239;"[""0532390000208""]";83;66;NULL;20717.0;2023-11-30 09:46:25+01;01.01.2025;Landrat des Kreises Viersen;Amt für Kataster und Geoinformation;NULL;NULL;NULL;NULL;NULL;NULL;NULL;NULL;NULL;NULL;NULL;NULL;NULL;NULL;63;0.63;20717;"[{""m2"": 294, ""emz"": null, ""katasterklassifikation"": ""Graben""}, {""m2"": 12063, ""emz"": null, ""katasterklassifikation"": ""Verkehrsbegleitfläche Straße""}, {""m2"": 8361, ""emz"": null, ""katasterklassifikation"": ""Straßenverkehr""}]";"[{""anl"": """", ""bko"": """", ""brw"": 6.5, ""dat"": ""0001-01-01 BC"", ""gsm"": false, ""kor"": false, ""soa"": false, ""wrt"": false, ""zgr"": false, ""entw"": ""LF"", ""gabe"": ""Der Gutachterausschuss für Grundstückswerte im Kreis Viersen"", ""jahr"": ""2025"", ""nuta"": ""A"", ""stag"": ""2022-01-01"", ""farbe"": ""5"", ""anl_txt"": ""UNDEFINED"", ""flaeche"": 20716.6006325371, ""prozent"": 100.00, ""entw_txt"": ""Fläche der Land- und Forstwirtschaft"", ""nuta_txt"": ""Acker"", ""farbe_txt"": ""Landwirtschaft"", ""flaeche_amtl"": 20717.0}, {""anl"": """", ""bko"": """", ""brw"": 5, ""dat"": ""0001-01-01 BC"", ""gsm"": false, ""kor"": false, ""soa"": false, ""wrt"": false, ""zgr"": false, ""entw"": ""LF"", ""gabe"": ""Der Gutachterausschuss für Grundstückswerte im Kreis Viersen"", ""jahr"": ""2025"", ""nuta"": ""GR"", ""stag"": ""2022-01-01"", ""farbe"": ""5"", ""anl_txt"": ""UNDEFINED"", ""flaeche"": 20716.6006325371, ""prozent"": 100.00, ""entw_txt"": ""Fläche der Land- und Forstwirtschaft"", ""nuta_txt"": ""Grünland"", ""farbe_txt"": ""Landwirtschaft"", ""flaeche_amtl"": 20717.0}, {""anl"": """", ""bko"": """", ""brw"": 0.6, ""dat"": ""0001-01-01 BC"", ""gsm"": false, ""kor"": false, ""soa"": false, ""wrt"": false, ""zgr"": false, ""entw"": ""LF"", ""gabe"": ""Der Gutachterausschuss für Grundstückswerte im Kreis Viersen"", ""jahr"": ""2025"", ""nuta"": ""F"", ""stag"": ""2022-01-01"", ""farbe"": ""4"", ""anl_txt"": ""UNDEFINED"", ""flaeche"": 20716.6006325371, ""prozent"": 100.00, ""entw_txt"": ""Fläche der Land- und Forstwirtschaft"", ""nuta_txt"": ""forstwirtschaftliche Fläche"", ""farbe_txt"": ""Forstwirtschaft"", ""flaeche_amtl"": 20717.0}, {""anl"": """", ""bko"": """", ""brw"": 100, ""dat"": ""0001-01-01 BC"", ""gsm"": false, ""kor"": false, ""soa"": false, ""wrt"": false, ""zgr"": false, ""entw"": ""B"", ""gabe"": ""Der Gutachterausschuss für Grundstückswerte im Kreis Viersen"", ""jahr"": ""2025"", ""nuta"": ""W"", ""stag"": ""2022-01-01"", ""farbe"": ""6"", ""anl_txt"": ""UNDEFINED"", ""flaeche"": 20716.6006325371, ""prozent"": 100.00, ""entw_txt"": ""Baureifes Land"", ""nuta_txt"": ""Wohnbaufläche"", ""farbe_txt"": ""Außenbereich"", ""flaeche_amtl"": 20717.0}]";20716.6006325371;NULL
282;DENW20AL00003HxK;05346601100146______;NULL;NULL;NULL;NULL;NULL;NULL;Düsseldorf;Unterbilk;053466;"[""053466004790A""]";11;146;NULL;115.0;2024-02-26 14:13:38+01;01.01.2025;Oberbürgermeister der Stadt Düsseldorf;Vermessungs- und Katasteramt;NULL;NULL;NULL;NULL;NULL;NULL;NULL;NULL;NULL;NULL;NULL;NULL;NULL;NULL;72;0.72;115;"[{""m2"": 115, ""emz"": null, ""katasterklassifikation"": ""Gebäude- und Freifläche Mischnutzung mit Wohnen""}]";"[{""anl"": """", ""bko"": """", ""brw"": 2900, ""dat"": ""0001-01-01 BC"", ""gsm"": false, ""kor"": false, ""soa"": false, ""wrt"": false, ""zgr"": false, ""entw"": ""B"", ""gabe"": ""Der Gutachterausschuss für Grundstückswerte in der Landeshauptstadt Düsseldorf"", ""jahr"": ""2025"", ""nuta"": ""MI"", ""stag"": ""2022-01-01"", ""farbe"": ""2"", ""anl_txt"": ""UNDEFINED"", ""flaeche"": 116.310821000786, ""prozent"": 100.00, ""entw_txt"": ""Baureifes Land"", ""nuta_txt"": ""Mischgebiet"", ""farbe_txt"": ""Misch-/Mehrgeschossig"", ""flaeche_amtl"": 115.0}]";116.310821000786;NULL
283;DENW41AL40007zJd;05468101200517______;NULL;NULL;NULL;NULL;NULL;NULL;Kerpen;Buir;054681;"[""0546810000106"",""0546810001076""]";12;517;NULL;423.0;2024-08-20 10:05:31+02;01.01.2025;Landrat des Rhein-Erft-Kreises;Amt für Liegenschaftskataster und Geoinformation 62;NULL;NULL;NULL;NULL;NULL;NULL;NULL;NULL;NULL;NULL;NULL;NULL;NULL;NULL;80;0.80;423;"[{""m2"": 423, ""emz"": null, ""katasterklassifikation"": ""Wohnbaufläche""}]";"[{""anl"": """", ""bko"": """", ""brw"": 260, ""dat"": ""0001-01-01 BC"", ""gsm"": false, ""kor"": false, ""soa"": false, ""wrt"": false, ""zgr"": false, ""entw"": ""B"", ""gabe"": ""Der Gutachterausschuss für Grundstückswerte im Rhein-Erft-Kreis"", ""jahr"": ""2025"", ""nuta"": ""W"", ""stag"": ""2022-01-01"", ""farbe"": ""1"", ""anl_txt"": ""UNDEFINED"", ""flaeche"": 424.462850497669, ""prozent"": 100.00, ""entw_txt"": ""Baureifes Land"", ""nuta_txt"": ""Wohnbaufläche"", ""farbe_txt"": ""Ein-/Zweigeschossig"", ""flaeche_amtl"": 423.0}]";424.462850497669;NULL
284;DENW36AL1000EzZ9;05431600901159______;NULL;NULL;NULL;NULL;NULL;NULL;Bonn;Muffendorf;054316;"[""0543160010748""]";9;1159;NULL;15.0;2013-03-11 12:15:29+01;01.01.2025;Oberbürgermeisterin der Bundesstadt Bonn;Amt für Bodenmanagement und Geoinformation;NULL;NULL;NULL;NULL;NULL;NULL;NULL;NULL;NULL;NULL;NULL;NULL;NULL;NULL;63;0.63;15;"[{""m2"": 15, ""emz"": null, ""katasterklassifikation"": ""Fläche besonderer funktionaler Prägung""}]";"[{""anl"": """", ""bko"": """", ""brw"": 1050, ""dat"": ""0001-01-01 BC"", ""gsm"": false, ""kor"": false, ""soa"": false, ""wrt"": false, ""zgr"": false, ""entw"": ""B"", ""gabe"": ""Der Gutachterausschuss für Grundstückswerte in der Bundesstadt Bonn"", ""jahr"": ""2025"", ""nuta"": ""W"", ""stag"": ""2022-01-01"", ""farbe"": ""1"", ""anl_txt"": ""UNDEFINED"", ""flaeche"": 15.3926189997011, ""prozent"": 100.00, ""entw_txt"": ""Baureifes Land"", ""nuta_txt"": ""Wohnbaufläche"", ""farbe_txt"": ""Ein-/Zweigeschossig"", ""flaeche_amtl"": 15.0}, {""anl"": """", ""bko"": """", ""brw"": 890, ""dat"": ""0001-01-01 BC"", ""gsm"": false, ""kor"": false, ""soa"": false, ""wrt"": false, ""zgr"": false, ""entw"": ""B"", ""gabe"": ""Der Gutachterausschuss für Grundstückswerte in der Bundesstadt Bonn"", ""jahr"": ""2025"", ""nuta"": ""W"", ""stag"": ""2022-01-01"", ""farbe"": ""2"", ""anl_txt"": ""UNDEFINED"", ""flaeche"": 15.3926189997011, ""prozent"": 100.00, ""entw_txt"": ""Baureifes Land"", ""nuta_txt"": ""Wohnbaufläche"", ""farbe_txt"": ""Misch-/Mehrgeschossig"", ""flaeche_amtl"": 15.0}]";15.3926189997011;NULL
285;DENW02AL100032fl;05128800300029______;NULL;Eichlinghofer Straße;17;NULL;44227;Dortmund;Dortmund;Eichlinghofen;051288;"[""0591170068337"",""0591170068338"",""0591170068339"",""0591170068340"",""0591170068341"",""0591170068342"",""0591170068343""]";3;29;NULL;1765.0;2024-12-30 10:48:29+01;01.01.2025;Oberbürgermeister der Stadt Dortmund;Vermessungs- und Katasteramt;NULL;NULL;NULL;NULL;NULL;NULL;NULL;NULL;NULL;NULL;NULL;NULL;NULL;NULL;71;0.71;1765;"[{""m2"": 1765, ""emz"": null, ""katasterklassifikation"": ""Wohnbaufläche""}]";"[{""anl"": """", ""bko"": """", ""brw"": 400, ""dat"": ""0001-01-01 BC"", ""gsm"": false, ""kor"": false, ""soa"": false, ""wrt"": false, ""zgr"": false, ""entw"": ""B"", ""gabe"": ""Der Gutachterausschuss für Grundstückswerte in der Stadt Dortmund"", ""jahr"": ""2025"", ""nuta"": ""W"", ""stag"": ""2022-01-01"", ""farbe"": ""2"", ""anl_txt"": ""UNDEFINED"", ""flaeche"": 1752.64359595366, ""prozent"": 100.00, ""entw_txt"": ""Baureifes Land"", ""nuta_txt"": ""Wohnbaufläche"", ""farbe_txt"": ""Misch-/Mehrgeschossig"", ""flaeche_amtl"": 1765.0}, {""anl"": """", ""bko"": """", ""brw"": 410, ""dat"": ""0001-01-01 BC"", ""gsm"": false, ""kor"": false, ""soa"": false, ""wrt"": false, ""zgr"": false, ""entw"": ""B"", ""gabe"": ""Der Gutachterausschuss für Grundstückswerte in der Stadt Dortmund"", ""jahr"": ""2025"", ""nuta"": ""W"", ""stag"": ""2022-01-01"", ""farbe"": ""1"", ""anl_txt"": ""UNDEFINED"", ""flaeche"": 1752.64359595366, ""prozent"": 100.00, ""entw_txt"": ""Baureifes Land"", ""nuta_txt"": ""Wohnbaufläche"", ""farbe_txt"": ""Ein-/Zweigeschossig"", ""flaeche_amtl"": 1765.0}]";1752.64359595366;NULL
286;DENW53AL0001X1pt;05503500900219______;NULL;NULL;NULL;NULL;NULL;NULL;Tecklenburg;Tecklenburg;055035;"[""0550350002042""]";9;219;NULL;19.0;2023-10-24 14:20:04+02;01.01.2025;Landrat des Kreises Steinfurt;Vermessungs- und Katasteramt;NULL;NULL;NULL;NULL;NULL;NULL;NULL;NULL;NULL;NULL;NULL;NULL;NULL;NULL;44;0.44;19;"[{""m2"": 19, ""emz"": null, ""katasterklassifikation"": ""Wohnbaufläche""}]";"[{""anl"": """", ""bko"": """", ""brw"": 230, ""dat"": ""0001-01-01 BC"", ""gsm"": false, ""kor"": false, ""soa"": false, ""wrt"": false, ""zgr"": false, ""entw"": ""B"", ""gabe"": ""Der Gutachterausschuss für Grundstückswerte im Kreis Steinfurt"", ""jahr"": ""2025"", ""nuta"": ""W"", ""stag"": ""2022-01-01"", ""farbe"": ""1"", ""anl_txt"": ""UNDEFINED"", ""flaeche"": 19.005718000271, ""prozent"": 100.00, ""entw_txt"": ""Baureifes Land"", ""nuta_txt"": ""Wohnbaufläche"", ""farbe_txt"": ""Ein-/Zweigeschossig"", ""flaeche_amtl"": 19.0}]";19.005718000271;NULL
287;DENW53AL0002p14P;05503500800140______;NULL;NULL;NULL;NULL;NULL;NULL;Tecklenburg;Tecklenburg;055035;"[""0550350000920""]";8;140;NULL;27.0;2024-02-05 08:42:01+01;01.01.2025;Landrat des Kreises Steinfurt;Vermessungs- und Katasteramt;NULL;NULL;NULL;NULL;NULL;NULL;NULL;NULL;NULL;NULL;NULL;NULL;NULL;NULL;44;0.44;27;"[{""m2"": 27, ""emz"": null, ""katasterklassifikation"": ""Wohnbaufläche""}]";"[{""anl"": """", ""bko"": """", ""brw"": 1, ""dat"": ""0001-01-01 BC"", ""gsm"": false, ""kor"": false, ""soa"": false, ""wrt"": false, ""zgr"": false, ""entw"": ""LF"", ""gabe"": ""Der Gutachterausschuss für Grundstückswerte im Kreis Steinfurt"", ""jahr"": ""2025"", ""nuta"": ""F"", ""stag"": ""2022-01-01"", ""farbe"": ""4"", ""anl_txt"": ""UNDEFINED"", ""flaeche"": 27.2586719990249, ""prozent"": 100.00, ""entw_txt"": ""Fläche der Land- und Forstwirtschaft"", ""nuta_txt"": ""forstwirtschaftliche Fläche"", ""farbe_txt"": ""Forstwirtschaft"", ""flaeche_amtl"": 27.0}, {""anl"": """", ""bko"": """", ""brw"": 3.5, ""dat"": ""0001-01-01 BC"", ""gsm"": false, ""kor"": false, ""soa"": false, ""wrt"": false, ""zgr"": false, ""entw"": ""LF"", ""gabe"": ""Der Gutachterausschuss für Grundstückswerte im Kreis Steinfurt"", ""jahr"": ""2025"", ""nuta"": ""GR"", ""stag"": ""2022-01-01"", ""farbe"": ""5"", ""anl_txt"": ""UNDEFINED"", ""flaeche"": 27.2586719990249, ""prozent"": 100.00, ""entw_txt"": ""Fläche der Land- und Forstwirtschaft"", ""nuta_txt"": ""Grünland"", ""farbe_txt"": ""Landwirtschaft"", ""flaeche_amtl"": 27.0}, {""anl"": """", ""bko"": """", ""brw"": 8, ""dat"": ""0001-01-01 BC"", ""gsm"": false, ""kor"": false, ""soa"": false, ""wrt"": false, ""zgr"": false, ""entw"": ""LF"", ""gabe"": ""Der Gutachterausschuss für Grundstückswerte im Kreis Steinfurt"", ""jahr"": ""2025"", ""nuta"": ""A"", ""stag"": ""2022-01-01"", ""farbe"": ""5"", ""anl_txt"": ""UNDEFINED"", ""flaeche"": 27.2586719990249, ""prozent"": 100.00, ""entw_txt"": ""Fläche der Land- und Forstwirtschaft"", ""nuta_txt"": ""Acker"", ""farbe_txt"": ""Landwirtschaft"", ""flaeche_amtl"": 27.0}, {""anl"": """", ""bko"": """", ""brw"": 105, ""dat"": ""0001-01-01 BC"", ""gsm"": false, ""kor"": false, ""soa"": false, ""wrt"": false, ""zgr"": false, ""entw"": ""B"", ""gabe"": ""Der Gutachterausschuss für Grundstückswerte im Kreis Steinfurt"", ""jahr"": ""2025"", ""nuta"": ""W"", ""stag"": ""2022-01-01"", ""farbe"": ""6"", ""anl_txt"": ""UNDEFINED"", ""flaeche"": 27.2586719990249, ""prozent"": 100.00, ""entw_txt"": ""Baureifes Land"", ""nuta_txt"": ""Wohnbaufläche"", ""farbe_txt"": ""Außenbereich"", ""flaeche_amtl"": 27.0}]";27.2586719990249;NULL
288;DENW11AL00002wFh;05147700600320______;NULL;NULL;NULL;NULL;NULL;NULL;Rüthen;Kneblinghausen;051477;"[""0514770000106""]";6;320;NULL;764.0;2023-11-28 15:29:19+01;01.01.2025;Landrätin des Kreises Soest;Abteilung Liegenschaftskataster und Vermessung;NULL;NULL;NULL;NULL;NULL;NULL;NULL;NULL;NULL;NULL;NULL;NULL;NULL;NULL;38;0.38;764;"[{""m2"": 764, ""emz"": null, ""katasterklassifikation"": ""Straßenverkehr""}]";"[{""anl"": """", ""bko"": """", ""brw"": 40, ""dat"": ""0001-01-01 BC"", ""gsm"": false, ""kor"": false, ""soa"": false, ""wrt"": false, ""zgr"": false, ""entw"": ""B"", ""gabe"": ""Der Gutachterausschuss für Grundstückswerte im Kreis Soest"", ""jahr"": ""2025"", ""nuta"": ""MD"", ""stag"": ""2022-01-01"", ""farbe"": ""1"", ""anl_txt"": ""UNDEFINED"", ""flaeche"": 774.019386004606, ""prozent"": 100.00, ""entw_txt"": ""Baureifes Land"", ""nuta_txt"": ""Dorfgebiet"", ""farbe_txt"": ""Ein-/Zweigeschossig"", ""flaeche_amtl"": 764.0}]";774.019386004606;NULL
289;DENW19AL0000dFX3;05295800400885______;NULL;NULL;NULL;NULL;NULL;NULL;Büren;Siddinghausen;052958;"[""0529580000380""]";4;885;NULL;2092.0;2023-10-09 15:30:48+02;01.01.2025;Landrat des Kreises Paderborn;Amt für Geoinformation, Kataster und Vermessung;NULL;NULL;NULL;NULL;NULL;NULL;NULL;NULL;NULL;NULL;NULL;NULL;NULL;NULL;40;0.40;2092;"[{""m2"": 2092, ""emz"": null, ""katasterklassifikation"": ""Straßenverkehr""}]";"[{""anl"": """", ""bko"": """", ""brw"": 70, ""dat"": ""0001-01-01 BC"", ""gsm"": false, ""kor"": false, ""soa"": false, ""wrt"": false, ""zgr"": false, ""entw"": ""B"", ""gabe"": ""Der Gutachterausschuss für Grundstückswerte im Kreis Paderborn"", ""jahr"": ""2025"", ""nuta"": ""MD"", ""stag"": ""2022-01-01"", ""farbe"": ""2"", ""anl_txt"": ""UNDEFINED"", ""flaeche"": 2090.88398351228, ""prozent"": 100.00, ""entw_txt"": ""Baureifes Land"", ""nuta_txt"": ""Dorfgebiet"", ""farbe_txt"": ""Misch-/Mehrgeschossig"", ""flaeche_amtl"": 2092.0}]";2090.88398351228;NULL
290;DENW19AL0000dFX4;05295800400901______;NULL;Brüggengärten;16;NULL;33142;Büren;Büren;Siddinghausen;052958;"[""0529580000366""]";4;901;NULL;597.0;2013-01-25 12:38:00+01;01.01.2025;Landrat des Kreises Paderborn;Amt für Geoinformation, Kataster und Vermessung;NULL;NULL;NULL;NULL;NULL;NULL;NULL;NULL;NULL;NULL;NULL;NULL;NULL;NULL;40;0.40;597;"[{""m2"": 597, ""emz"": null, ""katasterklassifikation"": ""Wohnbaufläche""}]";"[{""anl"": """", ""bko"": """", ""brw"": 70, ""dat"": ""0001-01-01 BC"", ""gsm"": false, ""kor"": false, ""soa"": false, ""wrt"": false, ""zgr"": false, ""entw"": ""B"", ""gabe"": ""Der Gutachterausschuss für Grundstückswerte im Kreis Paderborn"", ""jahr"": ""2025"", ""nuta"": ""MD"", ""stag"": ""2022-01-01"", ""farbe"": ""2"", ""anl_txt"": ""UNDEFINED"", ""flaeche"": 596.287003502124, ""prozent"": 100.00, ""entw_txt"": ""Baureifes Land"", ""nuta_txt"": ""Dorfgebiet"", ""farbe_txt"": ""Misch-/Mehrgeschossig"", ""flaeche_amtl"": 597.0}]";596.287003502124;NULL
291;DENW19AL0000dG1z;05295800500146______;NULL;NULL;NULL;NULL;NULL;NULL;Büren;Siddinghausen;052958;"[""0529580099998""]";5;146;NULL;525.0;2023-10-09 15:30:48+02;01.01.2025;Landrat des Kreises Paderborn;Amt für Geoinformation, Kataster und Vermessung;NULL;NULL;NULL;NULL;NULL;NULL;NULL;NULL;NULL;NULL;NULL;NULL;NULL;NULL;40;0.40;525;"[{""m2"": 525, ""emz"": null, ""katasterklassifikation"": ""Bach""}]";"[{""anl"": """", ""bko"": """", ""brw"": 40, ""dat"": ""0001-01-01 BC"", ""gsm"": false, ""kor"": false, ""soa"": false, ""wrt"": false, ""zgr"": false, ""entw"": ""B"", ""gabe"": ""Der Gutachterausschuss für Grundstückswerte im Kreis Paderborn"", ""jahr"": ""2025"", ""nuta"": ""W"", ""stag"": ""2022-01-01"", ""farbe"": ""6"", ""anl_txt"": ""UNDEFINED"", ""flaeche"": 438.705974989355, ""prozent"": 100.00, ""entw_txt"": ""Baureifes Land"", ""nuta_txt"": ""Wohnbaufläche"", ""farbe_txt"": ""Außenbereich"", ""flaeche_amtl"": 525.0}, {""anl"": """", ""bko"": """", ""brw"": 0.8, ""dat"": ""0001-01-01 BC"", ""gsm"": false, ""kor"": false, ""soa"": false, ""wrt"": false, ""zgr"": false, ""entw"": ""LF"", ""gabe"": ""Der Gutachterausschuss für Grundstückswerte im Kreis Paderborn"", ""jahr"": ""2025"", ""nuta"": ""F"", ""stag"": ""2022-01-01"", ""farbe"": ""4"", ""anl_txt"": ""UNDEFINED"", ""flaeche"": 438.705974989355, ""prozent"": 100.00, ""entw_txt"": ""Fläche der Land- und Forstwirtschaft"", ""nuta_txt"": ""forstwirtschaftliche Fläche"", ""farbe_txt"": ""Forstwirtschaft"", ""flaeche_amtl"": 525.0}, {""anl"": """", ""bko"": """", ""brw"": 3.9, ""dat"": ""0001-01-01 BC"", ""gsm"": false, ""kor"": false, ""soa"": false, ""wrt"": false, ""zgr"": false, ""entw"": ""LF"", ""gabe"": ""Der Gutachterausschuss für Grundstückswerte im Kreis Paderborn"", ""jahr"": ""2025"", ""nuta"": ""GR"", ""stag"": ""2022-01-01"", ""farbe"": ""5"", ""anl_txt"": ""UNDEFINED"", ""flaeche"": 438.705974989355, ""prozent"": 100.00, ""entw_txt"": ""Fläche der Land- und Forstwirtschaft"", ""nuta_txt"": ""Grünland"", ""farbe_txt"": ""Landwirtschaft"", ""flaeche_amtl"": 525.0}, {""anl"": """", ""bko"": """", ""brw"": 6.2, ""dat"": ""0001-01-01 BC"", ""gsm"": false, ""kor"": false, ""soa"": false, ""wrt"": false, ""zgr"": false, ""entw"": ""LF"", ""gabe"": ""Der Gutachterausschuss für Grundstückswerte im Kreis Paderborn"", ""jahr"": ""2025"", ""nuta"": ""A"", ""stag"": ""2022-01-01"", ""farbe"": ""5"", ""anl_txt"": ""UNDEFINED"", ""flaeche"": 438.705974989355, ""prozent"": 100.00, ""entw_txt"": ""Fläche der Land- und Forstwirtschaft"", ""nuta_txt"": ""Acker"", ""farbe_txt"": ""Landwirtschaft"", ""flaeche_amtl"": 525.0}]";438.705974989355;NULL
292;DENW02AL1000Nr0X;05127100300390______;NULL;NULL;NULL;NULL;NULL;NULL;Dortmund;Westerfilde;051271;"[""0591170042725""]";3;390;NULL;48.0;2024-12-30 10:48:29+01;01.01.2025;Oberbürgermeister der Stadt Dortmund;Vermessungs- und Katasteramt;NULL;NULL;NULL;NULL;NULL;NULL;NULL;NULL;NULL;NULL;NULL;NULL;NULL;NULL;59;0.59;48;"[{""m2"": 48, ""emz"": null, ""katasterklassifikation"": ""Weg""}]";"[{""anl"": """", ""bko"": """", ""brw"": 290, ""dat"": ""0001-01-01 BC"", ""gsm"": false, ""kor"": false, ""soa"": false, ""wrt"": false, ""zgr"": false, ""entw"": ""B"", ""gabe"": ""Der Gutachterausschuss für Grundstückswerte in der Stadt Dortmund"", ""jahr"": ""2025"", ""nuta"": ""W"", ""stag"": ""2022-01-01"", ""farbe"": ""2"", ""anl_txt"": ""UNDEFINED"", ""flaeche"": 45.7575840012091, ""prozent"": 100.00, ""entw_txt"": ""Baureifes Land"", ""nuta_txt"": ""Wohnbaufläche"", ""farbe_txt"": ""Misch-/Mehrgeschossig"", ""flaeche_amtl"": 48.0}, {""anl"": """", ""bko"": """", ""brw"": 280, ""dat"": ""0001-01-01 BC"", ""gsm"": false, ""kor"": false, ""soa"": false, ""wrt"": false, ""zgr"": false, ""entw"": ""B"", ""gabe"": ""Der Gutachterausschuss für Grundstückswerte in der Stadt Dortmund"", ""jahr"": ""2025"", ""nuta"": ""W"", ""stag"": ""2022-01-01"", ""farbe"": ""1"", ""anl_txt"": ""UNDEFINED"", ""flaeche"": 45.7575840012091, ""prozent"": 100.00, ""entw_txt"": ""Baureifes Land"", ""nuta_txt"": ""Wohnbaufläche"", ""farbe_txt"": ""Ein-/Zweigeschossig"", ""flaeche_amtl"": 48.0}]";45.7575840012091;NULL
293;DENW02AL1000Nr1r;05124900102228______;NULL;NULL;NULL;NULL;NULL;NULL;Dortmund;Bodelschwingh;051249;"[""0591010066075""]";1;2228;NULL;11.0;2024-12-30 10:48:29+01;01.01.2025;Oberbürgermeister der Stadt Dortmund;Vermessungs- und Katasteramt;NULL;NULL;NULL;NULL;NULL;NULL;NULL;NULL;NULL;NULL;NULL;NULL;NULL;NULL;64;0.64;11;"[{""m2"": 11, ""emz"": null, ""katasterklassifikation"": ""Fläche besonderer funktionaler Prägung""}]";"[{""anl"": """", ""bko"": """", ""brw"": 290, ""dat"": ""0001-01-01 BC"", ""gsm"": false, ""kor"": false, ""soa"": false, ""wrt"": false, ""zgr"": false, ""entw"": ""B"", ""gabe"": ""Der Gutachterausschuss für Grundstückswerte in der Stadt Dortmund"", ""jahr"": ""2025"", ""nuta"": ""W"", ""stag"": ""2022-01-01"", ""farbe"": ""2"", ""anl_txt"": ""UNDEFINED"", ""flaeche"": 10.8423045008866, ""prozent"": 100.00, ""entw_txt"": ""Baureifes Land"", ""nuta_txt"": ""Wohnbaufläche"", ""farbe_txt"": ""Misch-/Mehrgeschossig"", ""flaeche_amtl"": 11.0}, {""anl"": """", ""bko"": """", ""brw"": 270, ""dat"": ""0001-01-01 BC"", ""gsm"": false, ""kor"": false, ""soa"": false, ""wrt"": false, ""zgr"": false, ""entw"": ""B"", ""gabe"": ""Der Gutachterausschuss für Grundstückswerte in der Stadt Dortmund"", ""jahr"": ""2025"", ""nuta"": ""W"", ""stag"": ""2022-01-01"", ""farbe"": ""1"", ""anl_txt"": ""UNDEFINED"", ""flaeche"": 10.8423045008866, ""prozent"": 100.00, ""entw_txt"": ""Baureifes Land"", ""nuta_txt"": ""Wohnbaufläche"", ""farbe_txt"": ""Ein-/Zweigeschossig"", ""flaeche_amtl"": 11.0}]";10.8423045008866;NULL
294;DENW54AL0000muJu;05521801900365______;NULL;NULL;NULL;NULL;NULL;NULL;Ahlen;Ahlen;055218;"[""0552180016654""]";19;365;NULL;11.0;2023-11-17 09:51:39+01;01.01.2025;Landrat des Kreises Warendorf;Amt für Geoinformation und Kataster;NULL;NULL;NULL;NULL;NULL;NULL;NULL;NULL;NULL;NULL;NULL;NULL;NULL;NULL;46;0.46;11;"[{""m2"": 11, ""emz"": null, ""katasterklassifikation"": ""Wohnbaufläche""}]";"[{""anl"": """", ""bko"": """", ""brw"": 80, ""dat"": ""0001-01-01 BC"", ""gsm"": false, ""kor"": false, ""soa"": false, ""wrt"": false, ""zgr"": false, ""entw"": ""B"", ""gabe"": ""Der Gutachterausschuss für Grundstückswerte im Kreis Warendorf"", ""jahr"": ""2025"", ""nuta"": ""W"", ""stag"": ""2022-01-01"", ""farbe"": ""1"", ""anl_txt"": ""UNDEFINED"", ""flaeche"": 10.8201310011211, ""prozent"": 100.00, ""entw_txt"": ""Baureifes Land"", ""nuta_txt"": ""Wohnbaufläche"", ""farbe_txt"": ""Ein-/Zweigeschossig"", ""flaeche_amtl"": 11.0}]";10.8201310011211;NULL
295;DENW54AL0000GddZ;05521830200100______;NULL;NULL;NULL;NULL;NULL;NULL;Ahlen;Ahlen;055218;"[""0552180005737""]";302;100;NULL;45.0;2023-11-17 09:51:39+01;01.01.2025;Landrat des Kreises Warendorf;Amt für Geoinformation und Kataster;45;22;NULL;NULL;NULL;NULL;NULL;NULL;NULL;45;22;NULL;NULL;NULL;46;0.46;45;NULL;"[{""anl"": """", ""bko"": """", ""brw"": 18, ""dat"": ""0001-01-01 BC"", ""gsm"": false, ""kor"": false, ""soa"": false, ""wrt"": false, ""zgr"": false, ""entw"": ""B"", ""gabe"": ""Der Gutachterausschuss für Grundstückswerte im Kreis Warendorf"", ""jahr"": ""2025"", ""nuta"": ""G"", ""stag"": ""2022-01-01"", ""farbe"": ""6"", ""anl_txt"": ""UNDEFINED"", ""flaeche"": 44.8633424992165, ""prozent"": 100.00, ""entw_txt"": ""Baureifes Land"", ""nuta_txt"": ""gewerbliche Baufläche"", ""farbe_txt"": ""Außenbereich"", ""flaeche_amtl"": 45.0}, {""anl"": """", ""bko"": """", ""brw"": 8.8, ""dat"": ""0001-01-01 BC"", ""gsm"": false, ""kor"": false, ""soa"": false, ""wrt"": false, ""zgr"": false, ""entw"": ""LF"", ""gabe"": ""Der Gutachterausschuss für Grundstückswerte im Kreis Warendorf"", ""jahr"": ""2025"", ""nuta"": ""GR"", ""stag"": ""2022-01-01"", ""farbe"": ""5"", ""anl_txt"": ""UNDEFINED"", ""flaeche"": 44.8633424992165, ""prozent"": 100.00, ""entw_txt"": ""Fläche der Land- und Forstwirtschaft"", ""nuta_txt"": ""Grünland"", ""farbe_txt"": ""Landwirtschaft"", ""flaeche_amtl"": 45.0}, {""anl"": """", ""bko"": """", ""brw"": 0.6, ""dat"": ""0001-01-01 BC"", ""gsm"": false, ""kor"": false, ""soa"": false, ""wrt"": false, ""zgr"": false, ""entw"": ""LF"", ""gabe"": ""Der Gutachterausschuss für Grundstückswerte im Kreis Warendorf"", ""jahr"": ""2025"", ""nuta"": ""F"", ""stag"": ""2022-01-01"", ""farbe"": ""4"", ""anl_txt"": ""UNDEFINED"", ""flaeche"": 44.8633424992165, ""prozent"": 100.00, ""entw_txt"": ""Fläche der Land- und Forstwirtschaft"", ""nuta_txt"": ""forstwirtschaftliche Fläche"", ""farbe_txt"": ""Forstwirtschaft"", ""flaeche_amtl"": 45.0}, {""anl"": """", ""bko"": """", ""brw"": 11, ""dat"": ""0001-01-01 BC"", ""gsm"": false, ""kor"": false, ""soa"": false, ""wrt"": false, ""zgr"": false, ""entw"": ""LF"", ""gabe"": ""Der Gutachterausschuss für Grundstückswerte im Kreis Warendorf"", ""jahr"": ""2025"", ""nuta"": ""A"", ""stag"": ""2022-01-01"", ""farbe"": ""5"", ""anl_txt"": ""UNDEFINED"", ""flaeche"": 44.8633424992165, ""prozent"": 100.00, ""entw_txt"": ""Fläche der Land- und Forstwirtschaft"", ""nuta_txt"": ""Acker"", ""farbe_txt"": ""Landwirtschaft"", ""flaeche_amtl"": 45.0}, {""anl"": """", ""bko"": """", ""brw"": 80, ""dat"": ""0001-01-01 BC"", ""gsm"": false, ""kor"": false, ""soa"": false, ""wrt"": false, ""zgr"": false, ""entw"": ""B"", ""gabe"": ""Der Gutachterausschuss für Grundstückswerte im Kreis Warendorf"", ""jahr"": ""2025"", ""nuta"": ""W"", ""stag"": ""2022-01-01"", ""farbe"": ""6"", ""anl_txt"": ""UNDEFINED"", ""flaeche"": 44.8633424992165, ""prozent"": 100.00, ""entw_txt"": ""Baureifes Land"", ""nuta_txt"": ""Wohnbaufläche"", ""farbe_txt"": ""Außenbereich"", ""flaeche_amtl"": 45.0}]";44.8633424992165;NULL
296;DENW34AL0000KnH9;05332501900296______;NULL;NULL;NULL;NULL;NULL;NULL;Rheinberg;Rheinberg;053325;"[""0533250002951"",""0533250002952"",""0533250002953"",""0533250002954"",""0533250002955"",""0533250002956"",""0533250002957"",""0533250002958""]";19;296;NULL;3.0;2023-12-01 08:04:56+01;01.01.2025;Landrat des Kreises Wesel;Vermessungs- und Katasteramt;NULL;NULL;NULL;NULL;NULL;NULL;NULL;NULL;NULL;NULL;NULL;NULL;NULL;NULL;49;0.49;3;"[{""m2"": 3, ""emz"": null, ""katasterklassifikation"": ""Wohnbaufläche""}]";"[{""anl"": """", ""bko"": """", ""brw"": 200, ""dat"": ""0001-01-01 BC"", ""gsm"": false, ""kor"": false, ""soa"": false, ""wrt"": false, ""zgr"": false, ""entw"": ""B"", ""gabe"": ""Der Gutachterausschuss für Grundstückswerte im Kreis Wesel"", ""jahr"": ""2025"", ""nuta"": ""MI/W"", ""stag"": ""2022-01-01"", ""farbe"": ""1"", ""anl_txt"": ""UNDEFINED"", ""flaeche"": 3.97049900032506, ""prozent"": 100.00, ""entw_txt"": ""Baureifes Land"", ""nuta_txt"": ""Mischgebiet; Wohnbaufläche"", ""farbe_txt"": ""Ein-/Zweigeschossig"", ""flaeche_amtl"": 3.0}]";3.97049900032506;NULL
297;DENW19AL0000gKi5;05293201100198______;NULL;NULL;NULL;NULL;NULL;NULL;Büren;Hegensdorf;052932;"[""0529320000084""]";11;198;NULL;15150.0;2023-10-09 15:30:48+02;01.01.2025;Landrat des Kreises Paderborn;Amt für Geoinformation, Kataster und Vermessung;459;121;NULL;NULL;NULL;NULL;NULL;NULL;NULL;459;121;6995;135;7130;39;0.39;15150;"[{""m2"": 7544, ""emz"": null, ""katasterklassifikation"": ""Weg""}, {""m2"": 17, ""emz"": null, ""katasterklassifikation"": ""Graben""}]";"[{""anl"": """", ""bko"": """", ""brw"": 6.2, ""dat"": ""0001-01-01 BC"", ""gsm"": false, ""kor"": false, ""soa"": false, ""wrt"": false, ""zgr"": false, ""entw"": ""LF"", ""gabe"": ""Der Gutachterausschuss für Grundstückswerte im Kreis Paderborn"", ""jahr"": ""2025"", ""nuta"": ""A"", ""stag"": ""2022-01-01"", ""farbe"": ""5"", ""anl_txt"": ""UNDEFINED"", ""flaeche"": 15793.2779010717, ""prozent"": 100.00, ""entw_txt"": ""Fläche der Land- und Forstwirtschaft"", ""nuta_txt"": ""Acker"", ""farbe_txt"": ""Landwirtschaft"", ""flaeche_amtl"": 15150.0}, {""anl"": """", ""bko"": """", ""brw"": 40, ""dat"": ""0001-01-01 BC"", ""gsm"": false, ""kor"": false, ""soa"": false, ""wrt"": false, ""zgr"": false, ""entw"": ""B"", ""gabe"": ""Der Gutachterausschuss für Grundstückswerte im Kreis Paderborn"", ""jahr"": ""2025"", ""nuta"": ""W"", ""stag"": ""2022-01-01"", ""farbe"": ""6"", ""anl_txt"": ""UNDEFINED"", ""flaeche"": 15793.2779010717, ""prozent"": 100.00, ""entw_txt"": ""Baureifes Land"", ""nuta_txt"": ""Wohnbaufläche"", ""farbe_txt"": ""Außenbereich"", ""flaeche_amtl"": 15150.0}, {""anl"": """", ""bko"": """", ""brw"": 0.8, ""dat"": ""0001-01-01 BC"", ""gsm"": false, ""kor"": false, ""soa"": false, ""wrt"": false, ""zgr"": false, ""entw"": ""LF"", ""gabe"": ""Der Gutachterausschuss für Grundstückswerte im Kreis Paderborn"", ""jahr"": ""2025"", ""nuta"": ""F"", ""stag"": ""2022-01-01"", ""farbe"": ""4"", ""anl_txt"": ""UNDEFINED"", ""flaeche"": 15793.2779010717, ""prozent"": 100.00, ""entw_txt"": ""Fläche der Land- und Forstwirtschaft"", ""nuta_txt"": ""forstwirtschaftliche Fläche"", ""farbe_txt"": ""Forstwirtschaft"", ""flaeche_amtl"": 15150.0}, {""anl"": """", ""bko"": """", ""brw"": 3.9, ""dat"": ""0001-01-01 BC"", ""gsm"": false, ""kor"": false, ""soa"": false, ""wrt"": false, ""zgr"": false, ""entw"": ""LF"", ""gabe"": ""Der Gutachterausschuss für Grundstückswerte im Kreis Paderborn"", ""jahr"": ""2025"", ""nuta"": ""GR"", ""stag"": ""2022-01-01"", ""farbe"": ""5"", ""anl_txt"": ""UNDEFINED"", ""flaeche"": 15793.2779010717, ""prozent"": 100.00, ""entw_txt"": ""Fläche der Land- und Forstwirtschaft"", ""nuta_txt"": ""Grünland"", ""farbe_txt"": ""Landwirtschaft"", ""flaeche_amtl"": 15150.0}]";15793.2779010717;NULL
298;DENW19AL0000gKju;05293201200010______;NULL;NULL;NULL;NULL;NULL;NULL;Büren;Hegensdorf;052932;"[""0529320099998""]";12;10;NULL;1276.0;2023-10-09 15:30:48+02;01.01.2025;Landrat des Kreises Paderborn;Amt für Geoinformation, Kataster und Vermessung;NULL;NULL;NULL;NULL;NULL;NULL;NULL;NULL;NULL;NULL;NULL;3;4;6;39;0.39;1276;"[{""m2"": 6, ""emz"": null, ""katasterklassifikation"": ""Weg""}, {""m2"": 1263, ""emz"": null, ""katasterklassifikation"": ""Bach""}]";"[{""anl"": """", ""bko"": """", ""brw"": 6.2, ""dat"": ""0001-01-01 BC"", ""gsm"": false, ""kor"": false, ""soa"": false, ""wrt"": false, ""zgr"": false, ""entw"": ""LF"", ""gabe"": ""Der Gutachterausschuss für Grundstückswerte im Kreis Paderborn"", ""jahr"": ""2025"", ""nuta"": ""A"", ""stag"": ""2022-01-01"", ""farbe"": ""5"", ""anl_txt"": ""UNDEFINED"", ""flaeche"": 1274.76434350127, ""prozent"": 100.00, ""entw_txt"": ""Fläche der Land- und Forstwirtschaft"", ""nuta_txt"": ""Acker"", ""farbe_txt"": ""Landwirtschaft"", ""flaeche_amtl"": 1276.0}, {""anl"": """", ""bko"": """", ""brw"": 40, ""dat"": ""0001-01-01 BC"", ""gsm"": false, ""kor"": false, ""soa"": false, ""wrt"": false, ""zgr"": false, ""entw"": ""B"", ""gabe"": ""Der Gutachterausschuss für Grundstückswerte im Kreis Paderborn"", ""jahr"": ""2025"", ""nuta"": ""W"", ""stag"": ""2022-01-01"", ""farbe"": ""6"", ""anl_txt"": ""UNDEFINED"", ""flaeche"": 1274.76434350127, ""prozent"": 100.00, ""entw_txt"": ""Baureifes Land"", ""nuta_txt"": ""Wohnbaufläche"", ""farbe_txt"": ""Außenbereich"", ""flaeche_amtl"": 1276.0}, {""anl"": """", ""bko"": """", ""brw"": 0.8, ""dat"": ""0001-01-01 BC"", ""gsm"": false, ""kor"": false, ""soa"": false, ""wrt"": false, ""zgr"": false, ""entw"": ""LF"", ""gabe"": ""Der Gutachterausschuss für Grundstückswerte im Kreis Paderborn"", ""jahr"": ""2025"", ""nuta"": ""F"", ""stag"": ""2022-01-01"", ""farbe"": ""4"", ""anl_txt"": ""UNDEFINED"", ""flaeche"": 1274.76434350127, ""prozent"": 100.00, ""entw_txt"": ""Fläche der Land- und Forstwirtschaft"", ""nuta_txt"": ""forstwirtschaftliche Fläche"", ""farbe_txt"": ""Forstwirtschaft"", ""flaeche_amtl"": 1276.0}, {""anl"": """", ""bko"": """", ""brw"": 3.9, ""dat"": ""0001-01-01 BC"", ""gsm"": false, ""kor"": false, ""soa"": false, ""wrt"": false, ""zgr"": false, ""entw"": ""LF"", ""gabe"": ""Der Gutachterausschuss für Grundstückswerte im Kreis Paderborn"", ""jahr"": ""2025"", ""nuta"": ""GR"", ""stag"": ""2022-01-01"", ""farbe"": ""5"", ""anl_txt"": ""UNDEFINED"", ""flaeche"": 1274.76434350127, ""prozent"": 100.00, ""entw_txt"": ""Fläche der Land- und Forstwirtschaft"", ""nuta_txt"": ""Grünland"", ""farbe_txt"": ""Landwirtschaft"", ""flaeche_amtl"": 1276.0}]";1274.76434350127;NULL
299;DENW19AL00019DCu;05296400400460______;NULL;NULL;NULL;NULL;NULL;NULL;Büren;Weiberg;052964;"[""0529640000263""]";4;460;NULL;792.0;2023-10-09 15:30:48+02;01.01.2025;Landrat des Kreises Paderborn;Amt für Geoinformation, Kataster und Vermessung;NULL;NULL;NULL;NULL;NULL;NULL;NULL;NULL;NULL;NULL;NULL;NULL;NULL;NULL;45;0.45;792;"[{""m2"": 792, ""emz"": null, ""katasterklassifikation"": ""Wohnbaufläche""}]";"[{""anl"": """", ""bko"": """", ""brw"": 60, ""dat"": ""0001-01-01 BC"", ""gsm"": false, ""kor"": false, ""soa"": false, ""wrt"": false, ""zgr"": false, ""entw"": ""B"", ""gabe"": ""Der Gutachterausschuss für Grundstückswerte im Kreis Paderborn"", ""jahr"": ""2025"", ""nuta"": ""WA"", ""stag"": ""2022-01-01"", ""farbe"": ""1"", ""anl_txt"": ""UNDEFINED"", ""flaeche"": 791.733020995388, ""prozent"": 100.00, ""entw_txt"": ""Baureifes Land"", ""nuta_txt"": ""allgemeines Wohngebiet"", ""farbe_txt"": ""Ein-/Zweigeschossig"", ""flaeche_amtl"": 792.0}]";791.733020995388;NULL
300;DENW20AL0000Aq13;05312000700124______;NULL;NULL;NULL;NULL;NULL;NULL;Düsseldorf;Lierenfeld;053120;"[""0531200001307""]";7;124;NULL;967.0;2024-02-26 14:13:38+01;01.01.2025;Oberbürgermeister der Stadt Düsseldorf;Vermessungs- und Katasteramt;NULL;NULL;NULL;NULL;NULL;NULL;NULL;NULL;NULL;NULL;NULL;NULL;NULL;NULL;60;0.60;967;"[{""m2"": 207, ""emz"": null, ""katasterklassifikation"": ""Straßenverkehr""}, {""m2"": 759, ""emz"": null, ""katasterklassifikation"": ""Kleingarten""}]";"[{""anl"": """", ""bko"": """", ""brw"": 1300, ""dat"": ""0001-01-01 BC"", ""gsm"": false, ""kor"": false, ""soa"": false, ""wrt"": false, ""zgr"": false, ""entw"": ""B"", ""gabe"": ""Der Gutachterausschuss für Grundstückswerte in der Landeshauptstadt Düsseldorf"", ""jahr"": ""2025"", ""nuta"": ""W"", ""stag"": ""2022-01-01"", ""farbe"": ""2"", ""anl_txt"": ""UNDEFINED"", ""flaeche"": 961.175105041285, ""prozent"": 94.41914291346490984800, ""entw_txt"": ""Baureifes Land"", ""nuta_txt"": ""Wohnbaufläche"", ""farbe_txt"": ""Misch-/Mehrgeschossig"", ""flaeche_amtl"": 913.033111973205678230160}, {""anl"": """", ""bko"": """", ""brw"": 15, ""dat"": ""0001-01-01 BC"", ""gsm"": false, ""kor"": false, ""soa"": false, ""wrt"": false, ""zgr"": false, ""entw"": ""SF"", ""gabe"": ""Der Gutachterausschuss für Grundstückswerte in der Landeshauptstadt Düsseldorf"", ""jahr"": ""2025"", ""nuta"": ""SN"", ""stag"": ""2022-01-01"", ""farbe"": ""7"", ""anl_txt"": ""UNDEFINED"", ""flaeche"": 56.8124294586408, ""prozent"": 5.58085708647868474600, ""entw_txt"": ""Sonstige Fläche"", ""nuta_txt"": ""Sondernutzungsfläche"", ""farbe_txt"": ""Sonstige Fläche"", ""flaeche_amtl"": 53.966888026248881493820}]";1017.9875345005;NULL
301;DENW20AL0000DpLC;05310801200362______;NULL;NULL;NULL;NULL;NULL;NULL;Düsseldorf;Itter-Holthausen;053108;"[""0531080002312""]";12;362;NULL;10271.0;2024-02-26 14:13:38+01;01.01.2025;Oberbürgermeister der Stadt Düsseldorf;Vermessungs- und Katasteramt;NULL;NULL;NULL;NULL;NULL;NULL;NULL;NULL;NULL;NULL;NULL;NULL;NULL;NULL;65;0.65;10271;"[{""m2"": 10271, ""emz"": null, ""katasterklassifikation"": ""Straßenverkehr""}]";"[{""anl"": """", ""bko"": """", ""brw"": 1150, ""dat"": ""0001-01-01 BC"", ""gsm"": false, ""kor"": false, ""soa"": false, ""wrt"": false, ""zgr"": false, ""entw"": ""B"", ""gabe"": ""Der Gutachterausschuss für Grundstückswerte in der Landeshauptstadt Düsseldorf"", ""jahr"": ""2025"", ""nuta"": ""W"", ""stag"": ""2022-01-01"", ""farbe"": ""2"", ""anl_txt"": ""UNDEFINED"", ""flaeche"": 8553.14245365918, ""prozent"": 81.41679878147283577000, ""entw_txt"": ""Baureifes Land"", ""nuta_txt"": ""Wohnbaufläche"", ""farbe_txt"": ""Misch-/Mehrgeschossig"", ""flaeche_amtl"": 8362.319402845074961936700}, {""anl"": """", ""bko"": """", ""brw"": 970, ""dat"": ""0001-01-01 BC"", ""gsm"": false, ""kor"": false, ""soa"": false, ""wrt"": false, ""zgr"": false, ""entw"": ""B"", ""gabe"": ""Der Gutachterausschuss für Grundstückswerte in der Landeshauptstadt Düsseldorf"", ""jahr"": ""2025"", ""nuta"": ""MI"", ""stag"": ""2022-01-01"", ""farbe"": ""2"", ""anl_txt"": ""UNDEFINED"", ""flaeche"": 1821.55732692306, ""prozent"": 17.33928403022970183500, ""entw_txt"": ""Baureifes Land"", ""nuta_txt"": ""Mischgebiet"", ""farbe_txt"": ""Misch-/Mehrgeschossig"", ""flaeche_amtl"": 1780.917862744892675472850}, {""anl"": """", ""bko"": """", ""brw"": 10, ""dat"": ""0001-01-01 BC"", ""gsm"": false, ""kor"": false, ""soa"": false, ""wrt"": false, ""zgr"": false, ""entw"": ""LF"", ""gabe"": ""Der Gutachterausschuss für Grundstückswerte in der Landeshauptstadt Düsseldorf"", ""jahr"": ""2025"", ""nuta"": ""GR"", ""stag"": ""2022-01-01"", ""farbe"": ""5"", ""anl_txt"": ""UNDEFINED"", ""flaeche"": 128.023144337983, ""prozent"": 1.21864386550440043600, ""entw_txt"": ""Fläche der Land- und Forstwirtschaft"", ""nuta_txt"": ""Grünland"", ""farbe_txt"": ""Landwirtschaft"", ""flaeche_amtl"": 125.166911425956968781560}]";10505.3779830085;NULL
302;DENW20AL0000UELl;05311902100774______;NULL;Zeppelinstraße;23;NULL;40231;Düsseldorf;Düsseldorf;Eller;053119;"[""0531190013469"",""0531190013470"",""0531190013471"",""0531190013472"",""0531190013473"",""0531190013474"",""0531190013475"",""0531190013476"",""0531190013477"",""0531190013478"",""0531190013479"",""0531190013480"",""0531190013481"",""0531190013482"",""0531190013483"",""0531190013484"",""0531190013485"",""0531190013486"",""0531190013487"",""0531190013488"",""0531190013489"",""0531190013490"",""0531190013491"",""0531190013492"",""0531190013493"",""0531190013494"",""0531190013495"",""0531190013496"",""0531190013497"",""0531190013498"",""0531190013499"",""0531190013500"",""0531190013501"",""0531190013502""]";21;774;NULL;1114.0;2024-02-26 14:13:38+01;01.01.2025;Oberbürgermeister der Stadt Düsseldorf;Vermessungs- und Katasteramt;NULL;NULL;NULL;NULL;NULL;NULL;NULL;NULL;NULL;NULL;NULL;NULL;NULL;NULL;60;0.60;1114;"[{""m2"": 1114, ""emz"": null, ""katasterklassifikation"": ""Wohnbaufläche""}]";"[{""anl"": """", ""bko"": """", ""brw"": 1150, ""dat"": ""0001-01-01 BC"", ""gsm"": false, ""kor"": false, ""soa"": false, ""wrt"": false, ""zgr"": false, ""entw"": ""B"", ""gabe"": ""Der Gutachterausschuss für Grundstückswerte in der Landeshauptstadt Düsseldorf"", ""jahr"": ""2025"", ""nuta"": ""MI"", ""stag"": ""2022-01-01"", ""farbe"": ""2"", ""anl_txt"": ""UNDEFINED"", ""flaeche"": 1113.49980751567, ""prozent"": 100.00, ""entw_txt"": ""Baureifes Land"", ""nuta_txt"": ""Mischgebiet"", ""farbe_txt"": ""Misch-/Mehrgeschossig"", ""flaeche_amtl"": 1114.0}]";1113.49980751567;NULL
303;DENW20AL0000eQNL;05311902100533______;NULL;NULL;NULL;NULL;NULL;NULL;Düsseldorf;Eller;053119;"[""0531190005321""]";21;533;NULL;1342.0;2024-02-26 14:13:38+01;01.01.2025;Oberbürgermeister der Stadt Düsseldorf;Vermessungs- und Katasteramt;NULL;NULL;NULL;NULL;NULL;NULL;NULL;NULL;NULL;NULL;NULL;NULL;NULL;NULL;60;0.60;1342;"[{""m2"": 1342, ""emz"": null, ""katasterklassifikation"": ""Straßenverkehr""}]";"[{""anl"": """", ""bko"": """", ""brw"": 270, ""dat"": ""0001-01-01 BC"", ""gsm"": false, ""kor"": false, ""soa"": false, ""wrt"": false, ""zgr"": false, ""entw"": ""B"", ""gabe"": ""Der Gutachterausschuss für Grundstückswerte in der Landeshauptstadt Düsseldorf"", ""jahr"": ""2025"", ""nuta"": ""GE"", ""stag"": ""2022-01-01"", ""farbe"": ""3"", ""anl_txt"": ""UNDEFINED"", ""flaeche"": 1326.34214749634, ""prozent"": 100.00, ""entw_txt"": ""Baureifes Land"", ""nuta_txt"": ""Gewerbegebiet"", ""farbe_txt"": ""Gewerbe/Industrie/Sondergebiete"", ""flaeche_amtl"": 1342.0}]";1326.34214749634;NULL
304;DENW20AL0000mcmx;05347101300025______;NULL;uneindeutig;uneindeutig;uneindeutig;40225;Düsseldorf;Düsseldorf;Stoffeln;053471;"[""0534710000713""]";13;25;NULL;355208.0;2024-02-29 14:32:16+01;01.01.2025;Oberbürgermeister der Stadt Düsseldorf;Vermessungs- und Katasteramt;NULL;NULL;NULL;NULL;NULL;NULL;NULL;NULL;NULL;NULL;NULL;NULL;NULL;NULL;47;0.47;355208;"[{""m2"": 59, ""emz"": null, ""katasterklassifikation"": ""Verkehrsbegleitfläche Straße""}, {""m2"": 251, ""emz"": null, ""katasterklassifikation"": ""Industrie und Gewerbe""}, {""m2"": 354621, ""emz"": null, ""katasterklassifikation"": ""Friedhof""}, {""m2"": 277, ""emz"": null, ""katasterklassifikation"": ""Wohnbaufläche""}]";"[{""anl"": """", ""bko"": """", ""brw"": 20, ""dat"": ""0001-01-01 BC"", ""gsm"": false, ""kor"": false, ""soa"": false, ""wrt"": false, ""zgr"": false, ""entw"": ""SF"", ""gabe"": ""Der Gutachterausschuss für Grundstückswerte in der Landeshauptstadt Düsseldorf"", ""jahr"": ""2025"", ""nuta"": ""FH"", ""stag"": ""2022-01-01"", ""farbe"": ""7"", ""anl_txt"": ""UNDEFINED"", ""flaeche"": 355108.869141383, ""prozent"": 100.00, ""entw_txt"": ""Sonstige Fläche"", ""nuta_txt"": ""Friedhof"", ""farbe_txt"": ""Sonstige Fläche"", ""flaeche_amtl"": 355208.0}]";355108.869141383;NULL
305;DENW20AL0000zaBO;05310801500179______;NULL;NULL;NULL;NULL;NULL;NULL;Düsseldorf;Itter-Holthausen;053108;"[""0531080001233"",""0531080008779""]";15;179;NULL;14812.0;2024-02-26 14:13:38+01;01.01.2025;Oberbürgermeister der Stadt Düsseldorf;Vermessungs- und Katasteramt;NULL;NULL;NULL;NULL;NULL;NULL;NULL;NULL;NULL;NULL;NULL;NULL;NULL;NULL;65;0.65;14812;"[{""m2"": 14812, ""emz"": null, ""katasterklassifikation"": ""Industrie und Gewerbe""}]";"[{""anl"": """", ""bko"": """", ""brw"": 260, ""dat"": ""0001-01-01 BC"", ""gsm"": false, ""kor"": false, ""soa"": false, ""wrt"": false, ""zgr"": false, ""entw"": ""B"", ""gabe"": ""Der Gutachterausschuss für Grundstückswerte in der Landeshauptstadt Düsseldorf"", ""jahr"": ""2025"", ""nuta"": ""GI/GE"", ""stag"": ""2022-01-01"", ""farbe"": ""3"", ""anl_txt"": ""UNDEFINED"", ""flaeche"": 14807.7399415424, ""prozent"": 100.00, ""entw_txt"": ""Baureifes Land"", ""nuta_txt"": ""Industriegebiet; Gewerbegebiet"", ""farbe_txt"": ""Gewerbe/Industrie/Sondergebiete"", ""flaeche_amtl"": 14812.0}]";14807.7399415424;NULL
306;DENW19AL0000iLtM;05294200900360______;NULL;NULL;NULL;NULL;NULL;NULL;Bad Wünnenberg;Leiberg;052942;"[""0529420000487""]";9;360;NULL;382.0;2023-10-09 15:30:48+02;01.01.2025;Landrat des Kreises Paderborn;Amt für Geoinformation, Kataster und Vermessung;NULL;NULL;NULL;NULL;NULL;NULL;NULL;NULL;NULL;NULL;NULL;NULL;NULL;NULL;43;0.43;382;"[{""m2"": 382, ""emz"": null, ""katasterklassifikation"": ""Garten""}]";"[{""anl"": """", ""bko"": """", ""brw"": 85, ""dat"": ""0001-01-01 BC"", ""gsm"": false, ""kor"": false, ""soa"": false, ""wrt"": false, ""zgr"": false, ""entw"": ""B"", ""gabe"": ""Der Gutachterausschuss für Grundstückswerte im Kreis Paderborn"", ""jahr"": ""2025"", ""nuta"": ""MD"", ""stag"": ""2022-01-01"", ""farbe"": ""2"", ""anl_txt"": ""UNDEFINED"", ""flaeche"": 381.663914506676, ""prozent"": 100.00, ""entw_txt"": ""Baureifes Land"", ""nuta_txt"": ""Dorfgebiet"", ""farbe_txt"": ""Misch-/Mehrgeschossig"", ""flaeche_amtl"": 382.0}]";381.663914506676;NULL
307;DENW50AL00008ZLK;05514502000671______;NULL;NULL;NULL;NULL;NULL;NULL;Borken;Borken;055145;"[""0551450001320""]";20;671;NULL;7423.0;2023-11-13 11:13:19+01;01.01.2025;Landrat des Kreises Borken;Fachbereich 62 - Geoinformation und Liegenschaftskataster;NULL;NULL;NULL;NULL;NULL;NULL;NULL;NULL;NULL;NULL;NULL;NULL;NULL;NULL;32;0.32;7423;"[{""m2"": 7423, ""emz"": null, ""katasterklassifikation"": ""Straßenverkehr""}]";"[{""anl"": """", ""bko"": """", ""brw"": 230, ""dat"": ""0001-01-01 BC"", ""gsm"": false, ""kor"": false, ""soa"": false, ""wrt"": false, ""zgr"": false, ""entw"": ""B"", ""gabe"": ""Der Gutachterausschuss für Grundstückswerte im Kreis Borken"", ""jahr"": ""2025"", ""nuta"": ""W"", ""stag"": ""2022-01-01"", ""farbe"": ""1"", ""anl_txt"": ""UNDEFINED"", ""flaeche"": 7421.49025500187, ""prozent"": 100.00, ""entw_txt"": ""Baureifes Land"", ""nuta_txt"": ""Wohnbaufläche"", ""farbe_txt"": ""Ein-/Zweigeschossig"", ""flaeche_amtl"": 7423.0}]";7421.49025500187;NULL
308;DENW50AL0000CKQG;05514502800389______;NULL;NULL;NULL;NULL;NULL;NULL;Borken;Borken;055145;"[""0551450001328""]";28;389;NULL;4798.0;2023-11-13 11:13:19+01;01.01.2025;Landrat des Kreises Borken;Fachbereich 62 - Geoinformation und Liegenschaftskataster;NULL;NULL;NULL;NULL;NULL;NULL;NULL;NULL;NULL;NULL;NULL;NULL;NULL;NULL;32;0.32;4798;"[{""m2"": 4798, ""emz"": null, ""katasterklassifikation"": ""Straßenverkehr""}]";"[{""anl"": """", ""bko"": """", ""brw"": 80, ""dat"": ""0001-01-01 BC"", ""gsm"": false, ""kor"": false, ""soa"": false, ""wrt"": false, ""zgr"": false, ""entw"": ""B"", ""gabe"": ""Der Gutachterausschuss für Grundstückswerte im Kreis Borken"", ""jahr"": ""2025"", ""nuta"": ""G"", ""stag"": ""2022-01-01"", ""farbe"": ""3"", ""anl_txt"": ""UNDEFINED"", ""flaeche"": 4796.6359498046, ""prozent"": 100.00, ""entw_txt"": ""Baureifes Land"", ""nuta_txt"": ""gewerbliche Baufläche"", ""farbe_txt"": ""Gewerbe/Industrie/Sondergebiete"", ""flaeche_amtl"": 4798.0}]";4796.6359498046;NULL
309;DENW50AL0000CKQM;05514502800395______;NULL;Landwehr;85;NULL;46325;Borken;Borken;Borken;055145;"[""0551450012711""]";28;395;NULL;6041.0;2023-11-13 11:13:19+01;01.01.2025;Landrat des Kreises Borken;Fachbereich 62 - Geoinformation und Liegenschaftskataster;NULL;NULL;NULL;NULL;NULL;NULL;NULL;NULL;NULL;NULL;NULL;NULL;NULL;NULL;32;0.32;6041;"[{""m2"": 6041, ""emz"": null, ""katasterklassifikation"": ""Industrie und Gewerbe""}]";"[{""anl"": """", ""bko"": """", ""brw"": 80, ""dat"": ""0001-01-01 BC"", ""gsm"": false, ""kor"": false, ""soa"": false, ""wrt"": false, ""zgr"": false, ""entw"": ""B"", ""gabe"": ""Der Gutachterausschuss für Grundstückswerte im Kreis Borken"", ""jahr"": ""2025"", ""nuta"": ""G"", ""stag"": ""2022-01-01"", ""farbe"": ""3"", ""anl_txt"": ""UNDEFINED"", ""flaeche"": 6039.09443899478, ""prozent"": 100.00, ""entw_txt"": ""Baureifes Land"", ""nuta_txt"": ""gewerbliche Baufläche"", ""farbe_txt"": ""Gewerbe/Industrie/Sondergebiete"", ""flaeche_amtl"": 6041.0}]";6039.09443899478;NULL
310;DENW54AL0000HvXs;05521830500071______;NULL;NULL;NULL;NULL;NULL;NULL;Ahlen;Ahlen;055218;"[""0552180004805""]";305;71;NULL;4985.0;2023-11-17 09:51:39+01;01.01.2025;Landrat des Kreises Warendorf;Amt für Geoinformation und Kataster;4566;1872;NULL;NULL;NULL;NULL;NULL;NULL;NULL;4566;1872;419;NULL;419;46;0.46;4985;NULL;"[{""anl"": """", ""bko"": """", ""brw"": 11, ""dat"": ""0001-01-01 BC"", ""gsm"": false, ""kor"": false, ""soa"": false, ""wrt"": false, ""zgr"": false, ""entw"": ""LF"", ""gabe"": ""Der Gutachterausschuss für Grundstückswerte im Kreis Warendorf"", ""jahr"": ""2025"", ""nuta"": ""A"", ""stag"": ""2022-01-01"", ""farbe"": ""5"", ""anl_txt"": ""UNDEFINED"", ""flaeche"": 4983.12312547366, ""prozent"": 100.00, ""entw_txt"": ""Fläche der Land- und Forstwirtschaft"", ""nuta_txt"": ""Acker"", ""farbe_txt"": ""Landwirtschaft"", ""flaeche_amtl"": 4985.0}, {""anl"": """", ""bko"": """", ""brw"": 8.8, ""dat"": ""0001-01-01 BC"", ""gsm"": false, ""kor"": false, ""soa"": false, ""wrt"": false, ""zgr"": false, ""entw"": ""LF"", ""gabe"": ""Der Gutachterausschuss für Grundstückswerte im Kreis Warendorf"", ""jahr"": ""2025"", ""nuta"": ""GR"", ""stag"": ""2022-01-01"", ""farbe"": ""5"", ""anl_txt"": ""UNDEFINED"", ""flaeche"": 4983.12312547366, ""prozent"": 100.00, ""entw_txt"": ""Fläche der Land- und Forstwirtschaft"", ""nuta_txt"": ""Grünland"", ""farbe_txt"": ""Landwirtschaft"", ""flaeche_amtl"": 4985.0}, {""anl"": """", ""bko"": """", ""brw"": 0.6, ""dat"": ""0001-01-01 BC"", ""gsm"": false, ""kor"": false, ""soa"": false, ""wrt"": false, ""zgr"": false, ""entw"": ""LF"", ""gabe"": ""Der Gutachterausschuss für Grundstückswerte im Kreis Warendorf"", ""jahr"": ""2025"", ""nuta"": ""F"", ""stag"": ""2022-01-01"", ""farbe"": ""4"", ""anl_txt"": ""UNDEFINED"", ""flaeche"": 4983.12312547366, ""prozent"": 100.00, ""entw_txt"": ""Fläche der Land- und Forstwirtschaft"", ""nuta_txt"": ""forstwirtschaftliche Fläche"", ""farbe_txt"": ""Forstwirtschaft"", ""flaeche_amtl"": 4985.0}, {""anl"": """", ""bko"": """", ""brw"": 80, ""dat"": ""0001-01-01 BC"", ""gsm"": false, ""kor"": false, ""soa"": false, ""wrt"": false, ""zgr"": false, ""entw"": ""B"", ""gabe"": ""Der Gutachterausschuss für Grundstückswerte im Kreis Warendorf"", ""jahr"": ""2025"", ""nuta"": ""W"", ""stag"": ""2022-01-01"", ""farbe"": ""6"", ""anl_txt"": ""UNDEFINED"", ""flaeche"": 4983.12312547366, ""prozent"": 100.00, ""entw_txt"": ""Baureifes Land"", ""nuta_txt"": ""Wohnbaufläche"", ""farbe_txt"": ""Außenbereich"", ""flaeche_amtl"": 4985.0}, {""anl"": """", ""bko"": """", ""brw"": 18, ""dat"": ""0001-01-01 BC"", ""gsm"": false, ""kor"": false, ""soa"": false, ""wrt"": false, ""zgr"": false, ""entw"": ""B"", ""gabe"": ""Der Gutachterausschuss für Grundstückswerte im Kreis Warendorf"", ""jahr"": ""2025"", ""nuta"": ""G"", ""stag"": ""2022-01-01"", ""farbe"": ""6"", ""anl_txt"": ""UNDEFINED"", ""flaeche"": 4983.12312547366, ""prozent"": 100.00, ""entw_txt"": ""Baureifes Land"", ""nuta_txt"": ""gewerbliche Baufläche"", ""farbe_txt"": ""Außenbereich"", ""flaeche_amtl"": 4985.0}]";4983.12312547366;NULL
311;DENW54AL0000mOBg;05521800200519______;NULL;NULL;NULL;NULL;NULL;NULL;Ahlen;Ahlen;055218;"[""0552180006489""]";2;519;NULL;70.0;2023-11-17 09:51:39+01;01.01.2025;Landrat des Kreises Warendorf;Amt für Geoinformation und Kataster;NULL;NULL;NULL;NULL;NULL;NULL;NULL;NULL;NULL;NULL;NULL;NULL;NULL;NULL;46;0.46;70;"[{""m2"": 70, ""emz"": null, ""katasterklassifikation"": ""Weg""}]";"[{""anl"": """", ""bko"": """", ""brw"": 210, ""dat"": ""0001-01-01 BC"", ""gsm"": false, ""kor"": false, ""soa"": false, ""wrt"": false, ""zgr"": false, ""entw"": ""B"", ""gabe"": ""Der Gutachterausschuss für Grundstückswerte im Kreis Warendorf"", ""jahr"": ""2025"", ""nuta"": ""W"", ""stag"": ""2022-01-01"", ""farbe"": ""1"", ""anl_txt"": ""UNDEFINED"", ""flaeche"": 70.1056205013916, ""prozent"": 100.00, ""entw_txt"": ""Baureifes Land"", ""nuta_txt"": ""Wohnbaufläche"", ""farbe_txt"": ""Ein-/Zweigeschossig"", ""flaeche_amtl"": 70.0}]";70.1056205013916;NULL
312;DENW54AL0000mOuV;05521800200172______;NULL;Richard-Wagner-Straße;43;NULL;59227;Ahlen;Ahlen;Ahlen;055218;"[""0552180007376""]";2;172;NULL;750.0;2023-11-17 09:51:39+01;01.01.2025;Landrat des Kreises Warendorf;Amt für Geoinformation und Kataster;NULL;NULL;NULL;NULL;NULL;NULL;NULL;NULL;NULL;NULL;NULL;NULL;NULL;NULL;46;0.46;750;"[{""m2"": 750, ""emz"": null, ""katasterklassifikation"": ""Wohnbaufläche""}]";"[{""anl"": """", ""bko"": """", ""brw"": 210, ""dat"": ""0001-01-01 BC"", ""gsm"": false, ""kor"": false, ""soa"": false, ""wrt"": false, ""zgr"": false, ""entw"": ""B"", ""gabe"": ""Der Gutachterausschuss für Grundstückswerte im Kreis Warendorf"", ""jahr"": ""2025"", ""nuta"": ""W"", ""stag"": ""2022-01-01"", ""farbe"": ""1"", ""anl_txt"": ""UNDEFINED"", ""flaeche"": 751.603816003504, ""prozent"": 100.00, ""entw_txt"": ""Baureifes Land"", ""nuta_txt"": ""Wohnbaufläche"", ""farbe_txt"": ""Ein-/Zweigeschossig"", ""flaeche_amtl"": 750.0}]";751.603816003504;NULL
313;DENW49AL000025QO;05500601500308______;NULL;NULL;NULL;NULL;NULL;NULL;Münster;Amelsbüren;055006;"[""0550060003938""]";15;308;NULL;10065.0;2023-12-12 11:25:47+01;01.01.2025;Oberbürgermeister der Stadt Münster;Vermessungs- und Katasteramt;6315;2631;NULL;NULL;NULL;NULL;NULL;NULL;NULL;6315;2631;NULL;1514;1514;44;0.44;10065;"[{""m2"": 1942, ""emz"": null, ""katasterklassifikation"": ""Weg""}, {""m2"": 80, ""emz"": null, ""katasterklassifikation"": ""Gewässerbegleitfläche""}, {""m2"": 156, ""emz"": null, ""katasterklassifikation"": ""Graben""}, {""m2"": 57, ""emz"": null, ""katasterklassifikation"": ""Gebäude- und Freifläche Land- und Forstwirtschaft""}]";"[{""anl"": """", ""bko"": """", ""brw"": 220, ""dat"": ""0001-01-01 BC"", ""gsm"": false, ""kor"": false, ""soa"": false, ""wrt"": false, ""zgr"": false, ""entw"": ""B"", ""gabe"": ""Der Gutachterausschuss für Grundstückswerte in der Stadt Münster"", ""jahr"": ""2025"", ""nuta"": ""W"", ""stag"": ""2022-01-01"", ""farbe"": ""6"", ""anl_txt"": ""UNDEFINED"", ""flaeche"": 10298.6267015393, ""prozent"": 100.00, ""entw_txt"": ""Baureifes Land"", ""nuta_txt"": ""Wohnbaufläche"", ""farbe_txt"": ""Außenbereich"", ""flaeche_amtl"": 10065.0}, {""anl"": """", ""bko"": """", ""brw"": 1, ""dat"": ""0001-01-01 BC"", ""gsm"": false, ""kor"": false, ""soa"": false, ""wrt"": false, ""zgr"": false, ""entw"": ""LF"", ""gabe"": ""Der Gutachterausschuss für Grundstückswerte in der Stadt Münster"", ""jahr"": ""2025"", ""nuta"": ""F"", ""stag"": ""2022-01-01"", ""farbe"": ""4"", ""anl_txt"": ""UNDEFINED"", ""flaeche"": 10298.6267015393, ""prozent"": 100.00, ""entw_txt"": ""Fläche der Land- und Forstwirtschaft"", ""nuta_txt"": ""forstwirtschaftliche Fläche"", ""farbe_txt"": ""Forstwirtschaft"", ""flaeche_amtl"": 10065.0}, {""anl"": """", ""bko"": """", ""brw"": 8.5, ""dat"": ""0001-01-01 BC"", ""gsm"": false, ""kor"": false, ""soa"": false, ""wrt"": false, ""zgr"": false, ""entw"": ""LF"", ""gabe"": ""Der Gutachterausschuss für Grundstückswerte in der Stadt Münster"", ""jahr"": ""2025"", ""nuta"": ""A"", ""stag"": ""2022-01-01"", ""farbe"": ""5"", ""anl_txt"": ""UNDEFINED"", ""flaeche"": 10298.6267015393, ""prozent"": 100.00, ""entw_txt"": ""Fläche der Land- und Forstwirtschaft"", ""nuta_txt"": ""Acker"", ""farbe_txt"": ""Landwirtschaft"", ""flaeche_amtl"": 10065.0}, {""anl"": """", ""bko"": """", ""brw"": 50, ""dat"": ""0001-01-01 BC"", ""gsm"": false, ""kor"": false, ""soa"": false, ""wrt"": false, ""zgr"": false, ""entw"": ""B"", ""gabe"": ""Der Gutachterausschuss für Grundstückswerte in der Stadt Münster"", ""jahr"": ""2025"", ""nuta"": ""GE"", ""stag"": ""2022-01-01"", ""farbe"": ""3"", ""anl_txt"": ""UNDEFINED"", ""flaeche"": 10298.6267015393, ""prozent"": 100.00, ""entw_txt"": ""Baureifes Land"", ""nuta_txt"": ""Gewerbegebiet"", ""farbe_txt"": ""Gewerbe/Industrie/Sondergebiete"", ""flaeche_amtl"": 10065.0}, {""anl"": """", ""bko"": """", ""brw"": 5.7, ""dat"": ""0001-01-01 BC"", ""gsm"": false, ""kor"": false, ""soa"": false, ""wrt"": false, ""zgr"": false, ""entw"": ""LF"", ""gabe"": ""Der Gutachterausschuss für Grundstückswerte in der Stadt Münster"", ""jahr"": ""2025"", ""nuta"": ""GR"", ""stag"": ""2022-01-01"", ""farbe"": ""5"", ""anl_txt"": ""UNDEFINED"", ""flaeche"": 10298.6267015393, ""prozent"": 100.00, ""entw_txt"": ""Fläche der Land- und Forstwirtschaft"", ""nuta_txt"": ""Grünland"", ""farbe_txt"": ""Landwirtschaft"", ""flaeche_amtl"": 10065.0}]";10298.6267015393;NULL
314;DENW49AL000025Qo;05500601500078______;NULL;NULL;NULL;NULL;NULL;NULL;Münster;Amelsbüren;055006;"[""0550060001015""]";15;78;NULL;124.0;2023-12-12 11:25:47+01;01.01.2025;Oberbürgermeister der Stadt Münster;Vermessungs- und Katasteramt;124;63;NULL;NULL;NULL;NULL;NULL;NULL;NULL;124;63;NULL;NULL;NULL;44;0.44;124;NULL;"[{""anl"": """", ""bko"": """", ""brw"": 1, ""dat"": ""0001-01-01 BC"", ""gsm"": false, ""kor"": false, ""soa"": false, ""wrt"": false, ""zgr"": false, ""entw"": ""LF"", ""gabe"": ""Der Gutachterausschuss für Grundstückswerte in der Stadt Münster"", ""jahr"": ""2025"", ""nuta"": ""F"", ""stag"": ""2022-01-01"", ""farbe"": ""4"", ""anl_txt"": ""UNDEFINED"", ""flaeche"": 123.699302001367, ""prozent"": 100.00, ""entw_txt"": ""Fläche der Land- und Forstwirtschaft"", ""nuta_txt"": ""forstwirtschaftliche Fläche"", ""farbe_txt"": ""Forstwirtschaft"", ""flaeche_amtl"": 124.0}, {""anl"": """", ""bko"": """", ""brw"": 8.5, ""dat"": ""0001-01-01 BC"", ""gsm"": false, ""kor"": false, ""soa"": false, ""wrt"": false, ""zgr"": false, ""entw"": ""LF"", ""gabe"": ""Der Gutachterausschuss für Grundstückswerte in der Stadt Münster"", ""jahr"": ""2025"", ""nuta"": ""A"", ""stag"": ""2022-01-01"", ""farbe"": ""5"", ""anl_txt"": ""UNDEFINED"", ""flaeche"": 123.699302001367, ""prozent"": 100.00, ""entw_txt"": ""Fläche der Land- und Forstwirtschaft"", ""nuta_txt"": ""Acker"", ""farbe_txt"": ""Landwirtschaft"", ""flaeche_amtl"": 124.0}, {""anl"": """", ""bko"": """", ""brw"": 5.7, ""dat"": ""0001-01-01 BC"", ""gsm"": false, ""kor"": false, ""soa"": false, ""wrt"": false, ""zgr"": false, ""entw"": ""LF"", ""gabe"": ""Der Gutachterausschuss für Grundstückswerte in der Stadt Münster"", ""jahr"": ""2025"", ""nuta"": ""GR"", ""stag"": ""2022-01-01"", ""farbe"": ""5"", ""anl_txt"": ""UNDEFINED"", ""flaeche"": 123.699302001367, ""prozent"": 100.00, ""entw_txt"": ""Fläche der Land- und Forstwirtschaft"", ""nuta_txt"": ""Grünland"", ""farbe_txt"": ""Landwirtschaft"", ""flaeche_amtl"": 124.0}, {""anl"": """", ""bko"": """", ""brw"": 50, ""dat"": ""0001-01-01 BC"", ""gsm"": false, ""kor"": false, ""soa"": false, ""wrt"": false, ""zgr"": false, ""entw"": ""B"", ""gabe"": ""Der Gutachterausschuss für Grundstückswerte in der Stadt Münster"", ""jahr"": ""2025"", ""nuta"": ""GE"", ""stag"": ""2022-01-01"", ""farbe"": ""3"", ""anl_txt"": ""UNDEFINED"", ""flaeche"": 123.699302001367, ""prozent"": 100.00, ""entw_txt"": ""Baureifes Land"", ""nuta_txt"": ""Gewerbegebiet"", ""farbe_txt"": ""Gewerbe/Industrie/Sondergebiete"", ""flaeche_amtl"": 124.0}, {""anl"": """", ""bko"": """", ""brw"": 220, ""dat"": ""0001-01-01 BC"", ""gsm"": false, ""kor"": false, ""soa"": false, ""wrt"": false, ""zgr"": false, ""entw"": ""B"", ""gabe"": ""Der Gutachterausschuss für Grundstückswerte in der Stadt Münster"", ""jahr"": ""2025"", ""nuta"": ""W"", ""stag"": ""2022-01-01"", ""farbe"": ""6"", ""anl_txt"": ""UNDEFINED"", ""flaeche"": 123.699302001367, ""prozent"": 100.00, ""entw_txt"": ""Baureifes Land"", ""nuta_txt"": ""Wohnbaufläche"", ""farbe_txt"": ""Außenbereich"", ""flaeche_amtl"": 124.0}]";123.699302001367;NULL
315;DENW49AL000025uf;05500601200465______;NULL;NULL;NULL;NULL;NULL;NULL;Münster;Amelsbüren;055006;"[""0550060002412""]";12;465;NULL;1204.0;2023-11-24 15:37:55+01;01.01.2025;Oberbürgermeister der Stadt Münster;Vermessungs- und Katasteramt;NULL;NULL;NULL;NULL;NULL;NULL;NULL;NULL;NULL;NULL;NULL;NULL;NULL;NULL;44;0.44;1204;"[{""m2"": 1204, ""emz"": null, ""katasterklassifikation"": ""Straßenverkehr""}]";"[{""anl"": """", ""bko"": """", ""brw"": 490, ""dat"": ""0001-01-01 BC"", ""gsm"": false, ""kor"": false, ""soa"": false, ""wrt"": false, ""zgr"": false, ""entw"": ""B"", ""gabe"": ""Der Gutachterausschuss für Grundstückswerte in der Stadt Münster"", ""jahr"": ""2025"", ""nuta"": ""W"", ""stag"": ""2022-01-01"", ""farbe"": ""1"", ""anl_txt"": ""UNDEFINED"", ""flaeche"": 1201.44648800041, ""prozent"": 100.00, ""entw_txt"": ""Baureifes Land"", ""nuta_txt"": ""Wohnbaufläche"", ""farbe_txt"": ""Ein-/Zweigeschossig"", ""flaeche_amtl"": 1204.0}]";1201.44648800041;NULL
316;DENW28AL000020jE;05343001600609______;NULL;NULL;NULL;NULL;NULL;NULL;Solingen;Wald;053430;"[""0534300000016""]";16;609;NULL;5397.0;2024-02-05 10:33:03+01;01.01.2025;Oberbürgermeister der Klingenstadt Solingen;Stadtdienst Vermessung und Kataster;172;105;NULL;NULL;NULL;NULL;NULL;NULL;NULL;172;105;NULL;NULL;NULL;57;0.57;5397;"[{""m2"": 4063, ""emz"": null, ""katasterklassifikation"": ""Straßenverkehr""}, {""m2"": 708, ""emz"": null, ""katasterklassifikation"": ""Verkehrsbegleitfläche Straße""}, {""m2"": 4, ""emz"": null, ""katasterklassifikation"": ""Weg""}, {""m2"": 450, ""emz"": null, ""katasterklassifikation"": ""Wohnbaufläche""}]";"[{""anl"": """", ""bko"": """", ""brw"": 55, ""dat"": ""0001-01-01 BC"", ""gsm"": false, ""kor"": false, ""soa"": false, ""wrt"": false, ""zgr"": false, ""entw"": ""B"", ""gabe"": ""Der Gutachterausschuss für Grundstückswerte in der Klingenstadt Solingen"", ""jahr"": ""2025"", ""nuta"": ""GE"", ""stag"": ""2022-01-01"", ""farbe"": ""6"", ""anl_txt"": ""UNDEFINED"", ""flaeche"": 3941.29558960422, ""prozent"": 72.55657047143689762800, ""entw_txt"": ""Baureifes Land"", ""nuta_txt"": ""Gewerbegebiet"", ""farbe_txt"": ""Außenbereich"", ""flaeche_amtl"": 3915.878108343449364983160}, {""anl"": """", ""bko"": """", ""brw"": 2.3, ""dat"": ""0001-01-01 BC"", ""gsm"": false, ""kor"": false, ""soa"": false, ""wrt"": false, ""zgr"": false, ""entw"": ""LF"", ""gabe"": ""Der Gutachterausschuss für Grundstückswerte in der Klingenstadt Solingen"", ""jahr"": ""2025"", ""nuta"": ""L"", ""stag"": ""2022-01-01"", ""farbe"": ""5"", ""anl_txt"": ""UNDEFINED"", ""flaeche"": 3941.29558960422, ""prozent"": 72.55657047143689762800, ""entw_txt"": ""Fläche der Land- und Forstwirtschaft"", ""nuta_txt"": ""landwirtschaftliche Fläche"", ""farbe_txt"": ""Landwirtschaft"", ""flaeche_amtl"": 3915.878108343449364983160}, {""anl"": """", ""bko"": """", ""brw"": 0.5, ""dat"": ""0001-01-01 BC"", ""gsm"": false, ""kor"": false, ""soa"": false, ""wrt"": false, ""zgr"": false, ""entw"": ""LF"", ""gabe"": ""Der Gutachterausschuss für Grundstückswerte in der Klingenstadt Solingen"", ""jahr"": ""2025"", ""nuta"": ""F"", ""stag"": ""2022-01-01"", ""farbe"": ""4"", ""anl_txt"": ""UNDEFINED"", ""flaeche"": 3941.29558960422, ""prozent"": 72.55657047143689762800, ""entw_txt"": ""Fläche der Land- und Forstwirtschaft"", ""nuta_txt"": ""forstwirtschaftliche Fläche"", ""farbe_txt"": ""Forstwirtschaft"", ""flaeche_amtl"": 3915.878108343449364983160}, {""anl"": """", ""bko"": """", ""brw"": 15, ""dat"": ""0001-01-01 BC"", ""gsm"": false, ""kor"": false, ""soa"": false, ""wrt"": false, ""zgr"": false, ""entw"": ""SF"", ""gabe"": ""Der Gutachterausschuss für Grundstückswerte in der Klingenstadt Solingen"", ""jahr"": ""2025"", ""nuta"": ""FGA"", ""stag"": ""2022-01-01"", ""farbe"": ""7"", ""anl_txt"": ""UNDEFINED"", ""flaeche"": 3941.29558960422, ""prozent"": 72.55657047143689762800, ""entw_txt"": ""Sonstige Fläche"", ""nuta_txt"": ""Freizeitgartenfläche"", ""farbe_txt"": ""Sonstige Fläche"", ""flaeche_amtl"": 3915.878108343449364983160}, {""anl"": """", ""bko"": """", ""brw"": 240, ""dat"": ""0001-01-01 BC"", ""gsm"": false, ""kor"": false, ""soa"": false, ""wrt"": false, ""zgr"": false, ""entw"": ""B"", ""gabe"": ""Der Gutachterausschuss für Grundstückswerte in der Klingenstadt Solingen"", ""jahr"": ""2025"", ""nuta"": ""W"", ""stag"": ""2022-01-01"", ""farbe"": ""6"", ""anl_txt"": ""UNDEFINED"", ""flaeche"": 3941.29558960422, ""prozent"": 72.55657047143689762800, ""entw_txt"": ""Baureifes Land"", ""nuta_txt"": ""Wohnbaufläche"", ""farbe_txt"": ""Außenbereich"", ""flaeche_amtl"": 3915.878108343449364983160}, {""anl"": """", ""bko"": """", ""brw"": 395, ""dat"": ""0001-01-01 BC"", ""gsm"": false, ""kor"": false, ""soa"": false, ""wrt"": false, ""zgr"": false, ""entw"": ""B"", ""gabe"": ""Der Gutachterausschuss für Grundstückswerte in der Klingenstadt Solingen"", ""jahr"": ""2025"", ""nuta"": ""W"", ""stag"": ""2022-01-01"", ""farbe"": ""1"", ""anl_txt"": ""UNDEFINED"", ""flaeche"": 950.658886211689, ""prozent"": 17.50098334508391007400, ""entw_txt"": ""Baureifes Land"", ""nuta_txt"": ""Wohnbaufläche"", ""farbe_txt"": ""Ein-/Zweigeschossig"", ""flaeche_amtl"": 944.528071134178626693780}, {""anl"": """", ""bko"": """", ""brw"": 415, ""dat"": ""0001-01-01 BC"", ""gsm"": false, ""kor"": false, ""soa"": false, ""wrt"": false, ""zgr"": false, ""entw"": ""B"", ""gabe"": ""Der Gutachterausschuss für Grundstückswerte in der Klingenstadt Solingen"", ""jahr"": ""2025"", ""nuta"": ""W"", ""stag"": ""2022-01-01"", ""farbe"": ""1"", ""anl_txt"": ""UNDEFINED"", ""flaeche"": 540.076784759043, ""prozent"": 9.94244618361435352300, ""entw_txt"": ""Baureifes Land"", ""nuta_txt"": ""Wohnbaufläche"", ""farbe_txt"": ""Ein-/Zweigeschossig"", ""flaeche_amtl"": 536.593820529666659636310}]";5432.03126056761;NULL
317;DENW54AL0000mOvk;05521800200176______;NULL;Richard-Wagner-Straße;45;NULL;59227;Ahlen;Ahlen;Ahlen;055218;"[""0552180007670""]";2;176;NULL;755.0;2023-11-17 09:51:39+01;01.01.2025;Landrat des Kreises Warendorf;Amt für Geoinformation und Kataster;NULL;NULL;NULL;NULL;NULL;NULL;NULL;NULL;NULL;NULL;NULL;NULL;NULL;NULL;46;0.46;755;"[{""m2"": 755, ""emz"": null, ""katasterklassifikation"": ""Wohnbaufläche""}]";"[{""anl"": """", ""bko"": """", ""brw"": 210, ""dat"": ""0001-01-01 BC"", ""gsm"": false, ""kor"": false, ""soa"": false, ""wrt"": false, ""zgr"": false, ""entw"": ""B"", ""gabe"": ""Der Gutachterausschuss für Grundstückswerte im Kreis Warendorf"", ""jahr"": ""2025"", ""nuta"": ""W"", ""stag"": ""2022-01-01"", ""farbe"": ""1"", ""anl_txt"": ""UNDEFINED"", ""flaeche"": 753.756813498207, ""prozent"": 100.00, ""entw_txt"": ""Baureifes Land"", ""nuta_txt"": ""Wohnbaufläche"", ""farbe_txt"": ""Ein-/Zweigeschossig"", ""flaeche_amtl"": 755.0}]";753.756813498207;NULL
318;DENW54AL0000mQpB;05521801100555______;NULL;NULL;NULL;NULL;NULL;NULL;Ahlen;Ahlen;055218;"[""0552180013361"",""0552180013362"",""0552180013363""]";11;555;NULL;79.0;2023-11-17 09:51:39+01;01.01.2025;Landrat des Kreises Warendorf;Amt für Geoinformation und Kataster;NULL;NULL;NULL;NULL;NULL;NULL;NULL;NULL;NULL;NULL;NULL;NULL;NULL;NULL;46;0.46;79;"[{""m2"": 79, ""emz"": null, ""katasterklassifikation"": ""Fläche besonderer funktionaler Prägung""}]";"[{""anl"": """", ""bko"": """", ""brw"": 150, ""dat"": ""0001-01-01 BC"", ""gsm"": false, ""kor"": false, ""soa"": false, ""wrt"": false, ""zgr"": false, ""entw"": ""B"", ""gabe"": ""Der Gutachterausschuss für Grundstückswerte im Kreis Warendorf"", ""jahr"": ""2025"", ""nuta"": ""W"", ""stag"": ""2022-01-01"", ""farbe"": ""1"", ""anl_txt"": ""UNDEFINED"", ""flaeche"": 79.0836429999182, ""prozent"": 100.00, ""entw_txt"": ""Baureifes Land"", ""nuta_txt"": ""Wohnbaufläche"", ""farbe_txt"": ""Ein-/Zweigeschossig"", ""flaeche_amtl"": 79.0}]";79.0836429999182;NULL
319;DENW54AL0000mQr5;05521801100644______;NULL;NULL;NULL;NULL;NULL;NULL;Ahlen;Ahlen;055218;"[""0552180012781""]";11;644;NULL;257.0;2023-11-17 09:51:39+01;01.01.2025;Landrat des Kreises Warendorf;Amt für Geoinformation und Kataster;NULL;NULL;NULL;NULL;NULL;NULL;NULL;NULL;NULL;NULL;NULL;NULL;NULL;NULL;46;0.46;257;"[{""m2"": 257, ""emz"": null, ""katasterklassifikation"": ""Wohnbaufläche""}]";"[{""anl"": """", ""bko"": """", ""brw"": 150, ""dat"": ""0001-01-01 BC"", ""gsm"": false, ""kor"": false, ""soa"": false, ""wrt"": false, ""zgr"": false, ""entw"": ""B"", ""gabe"": ""Der Gutachterausschuss für Grundstückswerte im Kreis Warendorf"", ""jahr"": ""2025"", ""nuta"": ""W"", ""stag"": ""2022-01-01"", ""farbe"": ""1"", ""anl_txt"": ""UNDEFINED"", ""flaeche"": 256.559195000725, ""prozent"": 100.00, ""entw_txt"": ""Baureifes Land"", ""nuta_txt"": ""Wohnbaufläche"", ""farbe_txt"": ""Ein-/Zweigeschossig"", ""flaeche_amtl"": 257.0}]";256.559195000725;NULL
320;DENW43AL0000rplk;05455306302462______;NULL;NULL;NULL;NULL;NULL;NULL;Übach-Palenberg;Übach-Palenberg;054553;"[""0545530000127""]";63;2462;NULL;5.0;2024-02-15 09:16:08+01;01.01.2025;Landrat des Kreises Heinsberg;Vermessungs- und Katasteramt;NULL;NULL;NULL;NULL;NULL;NULL;NULL;NULL;NULL;NULL;NULL;NULL;NULL;NULL;80;0.80;5;"[{""m2"": 5, ""emz"": null, ""katasterklassifikation"": ""Grünanlage""}]";"[{""anl"": """", ""bko"": """", ""brw"": 0.5, ""dat"": ""0001-01-01 BC"", ""gsm"": false, ""kor"": false, ""soa"": false, ""wrt"": false, ""zgr"": false, ""entw"": ""LF"", ""gabe"": ""Der Gutachterausschuss für Grundstückswerte im Kreis Heinsberg"", ""jahr"": ""2025"", ""nuta"": ""F"", ""stag"": ""2022-01-01"", ""farbe"": ""4"", ""anl_txt"": ""UNDEFINED"", ""flaeche"": 4.95177249823827, ""prozent"": 100.00, ""entw_txt"": ""Fläche der Land- und Forstwirtschaft"", ""nuta_txt"": ""forstwirtschaftliche Fläche"", ""farbe_txt"": ""Forstwirtschaft"", ""flaeche_amtl"": 5.0}, {""anl"": """", ""bko"": """", ""brw"": 90, ""dat"": ""0001-01-01 BC"", ""gsm"": false, ""kor"": false, ""soa"": false, ""wrt"": false, ""zgr"": false, ""entw"": ""B"", ""gabe"": ""Der Gutachterausschuss für Grundstückswerte im Kreis Heinsberg"", ""jahr"": ""2025"", ""nuta"": ""W"", ""stag"": ""2022-01-01"", ""farbe"": ""6"", ""anl_txt"": ""UNDEFINED"", ""flaeche"": 4.95177249823827, ""prozent"": 100.00, ""entw_txt"": ""Baureifes Land"", ""nuta_txt"": ""Wohnbaufläche"", ""farbe_txt"": ""Außenbereich"", ""flaeche_amtl"": 5.0}, {""anl"": """", ""bko"": """", ""brw"": 8.2, ""dat"": ""0001-01-01 BC"", ""gsm"": false, ""kor"": false, ""soa"": false, ""wrt"": false, ""zgr"": false, ""entw"": ""LF"", ""gabe"": ""Der Gutachterausschuss für Grundstückswerte im Kreis Heinsberg"", ""jahr"": ""2025"", ""nuta"": ""L"", ""stag"": ""2022-01-01"", ""farbe"": ""5"", ""anl_txt"": ""UNDEFINED"", ""flaeche"": 4.95177249823827, ""prozent"": 100.00, ""entw_txt"": ""Fläche der Land- und Forstwirtschaft"", ""nuta_txt"": ""landwirtschaftliche Fläche"", ""farbe_txt"": ""Landwirtschaft"", ""flaeche_amtl"": 5.0}]";4.95177249823827;NULL
321;DENW54AL0000mRDw;05521801300385______;NULL;Menzelstraße;29;NULL;59227;Ahlen;Ahlen;Ahlen;055218;"[""0552180000581""]";13;385;NULL;509.0;2023-11-17 09:51:39+01;01.01.2025;Landrat des Kreises Warendorf;Amt für Geoinformation und Kataster;NULL;NULL;NULL;NULL;NULL;NULL;NULL;NULL;NULL;NULL;NULL;NULL;NULL;NULL;46;0.46;509;"[{""m2"": 509, ""emz"": null, ""katasterklassifikation"": ""Wohnbaufläche""}]";"[{""anl"": """", ""bko"": """", ""brw"": 190, ""dat"": ""0001-01-01 BC"", ""gsm"": false, ""kor"": false, ""soa"": false, ""wrt"": false, ""zgr"": false, ""entw"": ""B"", ""gabe"": ""Der Gutachterausschuss für Grundstückswerte im Kreis Warendorf"", ""jahr"": ""2025"", ""nuta"": ""W"", ""stag"": ""2022-01-01"", ""farbe"": ""1"", ""anl_txt"": ""UNDEFINED"", ""flaeche"": 505.331804003372, ""prozent"": 100.00, ""entw_txt"": ""Baureifes Land"", ""nuta_txt"": ""Wohnbaufläche"", ""farbe_txt"": ""Ein-/Zweigeschossig"", ""flaeche_amtl"": 509.0}]";505.331804003372;NULL
322;DENW28AL000021Zf;05343008500238______;NULL;NULL;NULL;NULL;NULL;NULL;Solingen;Wald;053430;"[""0534300000085""]";85;238;NULL;2932.0;2024-02-05 10:33:03+01;01.01.2025;Oberbürgermeister der Klingenstadt Solingen;Stadtdienst Vermessung und Kataster;NULL;NULL;NULL;NULL;NULL;NULL;NULL;NULL;NULL;NULL;NULL;NULL;NULL;NULL;57;0.57;2932;"[{""m2"": 385, ""emz"": null, ""katasterklassifikation"": ""Verkehrsbegleitfläche Straße""}, {""m2"": 2547, ""emz"": null, ""katasterklassifikation"": ""Straßenverkehr""}]";"[{""anl"": """", ""bko"": """", ""brw"": 340, ""dat"": ""0001-01-01 BC"", ""gsm"": false, ""kor"": false, ""soa"": false, ""wrt"": false, ""zgr"": false, ""entw"": ""B"", ""gabe"": ""Der Gutachterausschuss für Grundstückswerte in der Klingenstadt Solingen"", ""jahr"": ""2025"", ""nuta"": ""MI"", ""stag"": ""2022-01-01"", ""farbe"": ""2"", ""anl_txt"": ""UNDEFINED"", ""flaeche"": 2746.76310516052, ""prozent"": 93.95411762333613182100, ""entw_txt"": ""Baureifes Land"", ""nuta_txt"": ""Mischgebiet"", ""farbe_txt"": ""Misch-/Mehrgeschossig"", ""flaeche_amtl"": 2754.734728716215384991720}, {""anl"": """", ""bko"": """", ""brw"": 320, ""dat"": ""0001-01-01 BC"", ""gsm"": false, ""kor"": false, ""soa"": false, ""wrt"": false, ""zgr"": false, ""entw"": ""B"", ""gabe"": ""Der Gutachterausschuss für Grundstückswerte in der Klingenstadt Solingen"", ""jahr"": ""2025"", ""nuta"": ""MK"", ""stag"": ""2022-01-01"", ""farbe"": ""2"", ""anl_txt"": ""UNDEFINED"", ""flaeche"": 176.752302831486, ""prozent"": 6.04588237668733308000, ""entw_txt"": ""Baureifes Land"", ""nuta_txt"": ""Kerngebiet"", ""farbe_txt"": ""Misch-/Mehrgeschossig"", ""flaeche_amtl"": 177.265271284472605905600}]";2923.51540799132;NULL
323;DENW28AL000021nA;05343006000074______;NULL;NULL;NULL;NULL;NULL;NULL;Solingen;Wald;053430;"[""0534300003414"",""0534300010424""]";60;74;NULL;469.0;2024-02-05 10:33:03+01;01.01.2025;Oberbürgermeister der Klingenstadt Solingen;Stadtdienst Vermessung und Kataster;NULL;NULL;NULL;NULL;NULL;NULL;NULL;NULL;NULL;NULL;NULL;NULL;NULL;NULL;57;0.57;469;"[{""m2"": 469, ""emz"": null, ""katasterklassifikation"": ""Wohnbaufläche""}]";"[{""anl"": """", ""bko"": """", ""brw"": 395, ""dat"": ""0001-01-01 BC"", ""gsm"": false, ""kor"": false, ""soa"": false, ""wrt"": false, ""zgr"": false, ""entw"": ""B"", ""gabe"": ""Der Gutachterausschuss für Grundstückswerte in der Klingenstadt Solingen"", ""jahr"": ""2025"", ""nuta"": ""W"", ""stag"": ""2022-01-01"", ""farbe"": ""1"", ""anl_txt"": ""UNDEFINED"", ""flaeche"": 468.93628550503, ""prozent"": 100.00, ""entw_txt"": ""Baureifes Land"", ""nuta_txt"": ""Wohnbaufläche"", ""farbe_txt"": ""Ein-/Zweigeschossig"", ""flaeche_amtl"": 469.0}]";468.93628550503;NULL
324;DENW28AL00007sX6;05341602200476______;NULL;NULL;NULL;NULL;NULL;NULL;Solingen;Ohligs;053416;"[""0534160000022""]";22;476;NULL;991.0;2024-02-05 10:33:03+01;01.01.2025;Oberbürgermeister der Klingenstadt Solingen;Stadtdienst Vermessung und Kataster;NULL;NULL;NULL;NULL;NULL;NULL;NULL;NULL;NULL;NULL;NULL;NULL;NULL;NULL;55;0.55;991;"[{""m2"": 991, ""emz"": null, ""katasterklassifikation"": ""Weg""}]";"[{""anl"": """", ""bko"": """", ""brw"": 100, ""dat"": ""0001-01-01 BC"", ""gsm"": false, ""kor"": false, ""soa"": false, ""wrt"": false, ""zgr"": false, ""entw"": ""B"", ""gabe"": ""Der Gutachterausschuss für Grundstückswerte in der Klingenstadt Solingen"", ""jahr"": ""2025"", ""nuta"": ""GE"", ""stag"": ""2022-01-01"", ""farbe"": ""3"", ""anl_txt"": ""UNDEFINED"", ""flaeche"": 999.171217979699, ""prozent"": 100.00, ""entw_txt"": ""Baureifes Land"", ""nuta_txt"": ""Gewerbegebiet"", ""farbe_txt"": ""Gewerbe/Industrie/Sondergebiete"", ""flaeche_amtl"": 991.0}]";999.171217979699;NULL
325;DENW28AL00007soq;05341601300239______;NULL;Weyerstraße;200;NULL;42719;Solingen;Solingen;Ohligs;053416;"[""0534160000523""]";13;239;NULL;817.0;2024-02-05 10:33:03+01;01.01.2025;Oberbürgermeister der Klingenstadt Solingen;Stadtdienst Vermessung und Kataster;NULL;NULL;NULL;NULL;NULL;NULL;NULL;NULL;NULL;NULL;NULL;NULL;NULL;NULL;55;0.55;817;"[{""m2"": 817, ""emz"": null, ""katasterklassifikation"": ""Wohnbaufläche""}]";"[{""anl"": """", ""bko"": """", ""brw"": 320, ""dat"": ""0001-01-01 BC"", ""gsm"": false, ""kor"": false, ""soa"": false, ""wrt"": false, ""zgr"": false, ""entw"": ""B"", ""gabe"": ""Der Gutachterausschuss für Grundstückswerte in der Klingenstadt Solingen"", ""jahr"": ""2025"", ""nuta"": ""MI"", ""stag"": ""2022-01-01"", ""farbe"": ""1"", ""anl_txt"": ""UNDEFINED"", ""flaeche"": 817.659934521923, ""prozent"": 100.00, ""entw_txt"": ""Baureifes Land"", ""nuta_txt"": ""Mischgebiet"", ""farbe_txt"": ""Ein-/Zweigeschossig"", ""flaeche_amtl"": 817.0}]";817.659934521923;NULL
326;DENW07AL0000XWia;05117300700495______;NULL;Fingerhutweg;7;NULL;59939;Olsberg;Olsberg;Olsberg;051173;"[""0511730002062""]";7;495;NULL;668.0;2024-07-23 09:55:06+02;01.01.2025;Landrat des Hochsauerlandkreises;Fachdienst 43, Liegenschaftskataster und Vermessung;NULL;NULL;NULL;NULL;NULL;NULL;NULL;NULL;NULL;NULL;NULL;NULL;NULL;NULL;40;0.40;668;"[{""m2"": 668, ""emz"": null, ""katasterklassifikation"": ""Wohnbaufläche""}]";"[{""anl"": """", ""bko"": """", ""brw"": 95, ""dat"": ""0001-01-01 BC"", ""gsm"": false, ""kor"": false, ""soa"": false, ""wrt"": false, ""zgr"": false, ""entw"": ""B"", ""gabe"": ""Der Gutachterausschuss für Grundstückswerte im Hochsauerlandkreis"", ""jahr"": ""2025"", ""nuta"": ""W"", ""stag"": ""2022-01-01"", ""farbe"": ""1"", ""anl_txt"": ""UNDEFINED"", ""flaeche"": 667.141492501325, ""prozent"": 100.00, ""entw_txt"": ""Baureifes Land"", ""nuta_txt"": ""Wohnbaufläche"", ""farbe_txt"": ""Ein-/Zweigeschossig"", ""flaeche_amtl"": 668.0}]";667.141492501325;NULL
327;DENW54AL00004ALu;05501502600263______;NULL;NULL;NULL;NULL;NULL;NULL;Sendenhorst;Albersloh;055015;"[""0550150000844""]";26;263;NULL;1573.0;2023-11-17 09:51:39+01;01.01.2025;Landrat des Kreises Warendorf;Amt für Geoinformation und Kataster;NULL;NULL;NULL;NULL;NULL;NULL;NULL;NULL;NULL;NULL;NULL;NULL;NULL;NULL;46;0.46;1573;"[{""m2"": 1573, ""emz"": null, ""katasterklassifikation"": ""Straßenverkehr""}]";"[{""anl"": """", ""bko"": """", ""brw"": 180, ""dat"": ""0001-01-01 BC"", ""gsm"": false, ""kor"": false, ""soa"": false, ""wrt"": false, ""zgr"": false, ""entw"": ""B"", ""gabe"": ""Der Gutachterausschuss für Grundstückswerte im Kreis Warendorf"", ""jahr"": ""2025"", ""nuta"": ""W"", ""stag"": ""2022-01-01"", ""farbe"": ""1"", ""anl_txt"": ""UNDEFINED"", ""flaeche"": 1571.59931412385, ""prozent"": 100.00, ""entw_txt"": ""Baureifes Land"", ""nuta_txt"": ""Wohnbaufläche"", ""farbe_txt"": ""Ein-/Zweigeschossig"", ""flaeche_amtl"": 1573.0}]";1571.59931412385;NULL
328;DENW30AL00000joD;05316301200105______;NULL;NULL;NULL;NULL;NULL;NULL;Geldern;Geldern;053163;"[""0531630006086""]";12;105;NULL;51.0;2023-11-30 14:47:41+01;01.01.2025;Landrat des Kreises Kleve;Abteilung 6.2 - Kataster und Vermessung;NULL;NULL;NULL;NULL;NULL;NULL;NULL;NULL;NULL;NULL;NULL;51;NULL;51;52;0.52;51;NULL;"[{""anl"": """", ""bko"": """", ""brw"": 180, ""dat"": ""0001-01-01 BC"", ""gsm"": false, ""kor"": false, ""soa"": false, ""wrt"": false, ""zgr"": false, ""entw"": ""B"", ""gabe"": ""Der Gutachterausschuss für Grundstückswerte im Kreis Kleve"", ""jahr"": ""2025"", ""nuta"": ""MI"", ""stag"": ""2022-01-01"", ""farbe"": ""2"", ""anl_txt"": ""UNDEFINED"", ""flaeche"": 51.7997254986814, ""prozent"": 100.00, ""entw_txt"": ""Baureifes Land"", ""nuta_txt"": ""Mischgebiet"", ""farbe_txt"": ""Misch-/Mehrgeschossig"", ""flaeche_amtl"": 51.0}]";51.7997254986814;NULL
329;DENW54AL0000mRuN;05521801300240______;NULL;Vorhelmer Weg;46;NULL;59227;Ahlen;Ahlen;Ahlen;055218;"[""0552180008357""]";13;240;NULL;561.0;2023-11-17 09:51:39+01;01.01.2025;Landrat des Kreises Warendorf;Amt für Geoinformation und Kataster;NULL;NULL;NULL;NULL;NULL;NULL;NULL;NULL;NULL;NULL;NULL;NULL;NULL;NULL;46;0.46;561;"[{""m2"": 561, ""emz"": null, ""katasterklassifikation"": ""Wohnbaufläche""}]";"[{""anl"": """", ""bko"": """", ""brw"": 170, ""dat"": ""0001-01-01 BC"", ""gsm"": false, ""kor"": false, ""soa"": false, ""wrt"": false, ""zgr"": false, ""entw"": ""B"", ""gabe"": ""Der Gutachterausschuss für Grundstückswerte im Kreis Warendorf"", ""jahr"": ""2025"", ""nuta"": ""W"", ""stag"": ""2022-01-01"", ""farbe"": ""1"", ""anl_txt"": ""UNDEFINED"", ""flaeche"": 556.867044995474, ""prozent"": 100.00, ""entw_txt"": ""Baureifes Land"", ""nuta_txt"": ""Wohnbaufläche"", ""farbe_txt"": ""Ein-/Zweigeschossig"", ""flaeche_amtl"": 561.0}]";556.867044995474;NULL
330;DENW54AL0000mYWP;05521801900135______;NULL;Beckumer Straße;61;NULL;59229;Ahlen;Ahlen;Ahlen;055218;"[""0552180002836""]";19;135;NULL;2968.0;2023-11-17 09:51:39+01;01.01.2025;Landrat des Kreises Warendorf;Amt für Geoinformation und Kataster;NULL;NULL;NULL;NULL;NULL;NULL;NULL;NULL;NULL;NULL;NULL;NULL;NULL;NULL;46;0.46;2968;"[{""m2"": 2968, ""emz"": null, ""katasterklassifikation"": ""Handel und Dienstleistung""}]";"[{""anl"": """", ""bko"": """", ""brw"": 130, ""dat"": ""0001-01-01 BC"", ""gsm"": false, ""kor"": false, ""soa"": false, ""wrt"": false, ""zgr"": false, ""entw"": ""B"", ""gabe"": ""Der Gutachterausschuss für Grundstückswerte im Kreis Warendorf"", ""jahr"": ""2025"", ""nuta"": ""SO"", ""stag"": ""2022-01-01"", ""farbe"": ""3"", ""anl_txt"": ""UNDEFINED"", ""flaeche"": 2949.23239449671, ""prozent"": 100.00, ""entw_txt"": ""Baureifes Land"", ""nuta_txt"": ""sonstige Sondergebiete"", ""farbe_txt"": ""Gewerbe/Industrie/Sondergebiete"", ""flaeche_amtl"": 2968.0}]";2949.23239449671;NULL
331;DENW54AL00004Aif;05501501500035______;NULL;Storp;3;NULL;48324;Sendenhorst;Sendenhorst;Albersloh;055015;"[""0550150000594""]";15;35;NULL;49704.0;2023-11-17 09:51:39+01;01.01.2025;Landrat des Kreises Warendorf;Amt für Geoinformation und Kataster;41330;14315;NULL;NULL;NULL;NULL;NULL;NULL;NULL;41330;14315;NULL;20;20;46;0.46;49704;"[{""m2"": 4848, ""emz"": null, ""katasterklassifikation"": ""Gebäude- und Freifläche Land- und Forstwirtschaft""}, {""m2"": 864, ""emz"": null, ""katasterklassifikation"": ""Garten""}, {""m2"": 933, ""emz"": 247, ""katasterklassifikation"": ""Weg""}, {""m2"": 772, ""emz"": null, ""katasterklassifikation"": ""Teich""}, {""m2"": 937, ""emz"": 314, ""katasterklassifikation"": ""Graben""}]";"[{""anl"": """", ""bko"": """", ""brw"": 0.6, ""dat"": ""0001-01-01 BC"", ""gsm"": false, ""kor"": false, ""soa"": false, ""wrt"": false, ""zgr"": false, ""entw"": ""LF"", ""gabe"": ""Der Gutachterausschuss für Grundstückswerte im Kreis Warendorf"", ""jahr"": ""2025"", ""nuta"": ""F"", ""stag"": ""2022-01-01"", ""farbe"": ""4"", ""anl_txt"": ""UNDEFINED"", ""flaeche"": 50291.9595050145, ""prozent"": 100.00, ""entw_txt"": ""Fläche der Land- und Forstwirtschaft"", ""nuta_txt"": ""forstwirtschaftliche Fläche"", ""farbe_txt"": ""Forstwirtschaft"", ""flaeche_amtl"": 49704.0}, {""anl"": """", ""bko"": """", ""brw"": 10, ""dat"": ""0001-01-01 BC"", ""gsm"": false, ""kor"": false, ""soa"": false, ""wrt"": false, ""zgr"": false, ""entw"": ""LF"", ""gabe"": ""Der Gutachterausschuss für Grundstückswerte im Kreis Warendorf"", ""jahr"": ""2025"", ""nuta"": ""A"", ""stag"": ""2022-01-01"", ""farbe"": ""5"", ""anl_txt"": ""UNDEFINED"", ""flaeche"": 50291.9595050145, ""prozent"": 100.00, ""entw_txt"": ""Fläche der Land- und Forstwirtschaft"", ""nuta_txt"": ""Acker"", ""farbe_txt"": ""Landwirtschaft"", ""flaeche_amtl"": 49704.0}, {""anl"": """", ""bko"": """", ""brw"": 8, ""dat"": ""0001-01-01 BC"", ""gsm"": false, ""kor"": false, ""soa"": false, ""wrt"": false, ""zgr"": false, ""entw"": ""LF"", ""gabe"": ""Der Gutachterausschuss für Grundstückswerte im Kreis Warendorf"", ""jahr"": ""2025"", ""nuta"": ""GR"", ""stag"": ""2022-01-01"", ""farbe"": ""5"", ""anl_txt"": ""UNDEFINED"", ""flaeche"": 50291.9595050145, ""prozent"": 100.00, ""entw_txt"": ""Fläche der Land- und Forstwirtschaft"", ""nuta_txt"": ""Grünland"", ""farbe_txt"": ""Landwirtschaft"", ""flaeche_amtl"": 49704.0}, {""anl"": """", ""bko"": """", ""brw"": 80, ""dat"": ""0001-01-01 BC"", ""gsm"": false, ""kor"": false, ""soa"": false, ""wrt"": false, ""zgr"": false, ""entw"": ""B"", ""gabe"": ""Der Gutachterausschuss für Grundstückswerte im Kreis Warendorf"", ""jahr"": ""2025"", ""nuta"": ""W"", ""stag"": ""2022-01-01"", ""farbe"": ""6"", ""anl_txt"": ""UNDEFINED"", ""flaeche"": 50291.9595050145, ""prozent"": 100.00, ""entw_txt"": ""Baureifes Land"", ""nuta_txt"": ""Wohnbaufläche"", ""farbe_txt"": ""Außenbereich"", ""flaeche_amtl"": 49704.0}, {""anl"": """", ""bko"": """", ""brw"": 18, ""dat"": ""0001-01-01 BC"", ""gsm"": false, ""kor"": false, ""soa"": false, ""wrt"": false, ""zgr"": false, ""entw"": ""B"", ""gabe"": ""Der Gutachterausschuss für Grundstückswerte im Kreis Warendorf"", ""jahr"": ""2025"", ""nuta"": ""G"", ""stag"": ""2022-01-01"", ""farbe"": ""6"", ""anl_txt"": ""UNDEFINED"", ""flaeche"": 50291.9595050145, ""prozent"": 100.00, ""entw_txt"": ""Baureifes Land"", ""nuta_txt"": ""gewerbliche Baufläche"", ""farbe_txt"": ""Außenbereich"", ""flaeche_amtl"": 49704.0}]";50291.9595050145;NULL
332;DENW18AL0000a7rq;05279200800164______;NULL;NULL;NULL;NULL;NULL;NULL;Rahden;Preußisch Ströhen;052792;"[""0527920000015""]";8;164;NULL;8.0;2023-11-18 10:51:06+01;01.01.2025;Landrätin des Kreises Minden-Lübbecke;Kataster- und Vermessungsamt;8;2;NULL;NULL;NULL;NULL;NULL;NULL;NULL;8;2;NULL;NULL;NULL;27;0.27;8;NULL;"[{""anl"": """", ""bko"": """", ""brw"": 0.4, ""dat"": ""0001-01-01 BC"", ""gsm"": false, ""kor"": false, ""soa"": false, ""wrt"": false, ""zgr"": false, ""entw"": ""LF"", ""gabe"": ""Der Gutachterausschuss für Grundstückswerte im Kreis Minden-Lübbecke"", ""jahr"": ""2025"", ""nuta"": ""F"", ""stag"": ""2022-01-01"", ""farbe"": ""4"", ""anl_txt"": ""UNDEFINED"", ""flaeche"": 6.9618934982495, ""prozent"": 100.00, ""entw_txt"": ""Fläche der Land- und Forstwirtschaft"", ""nuta_txt"": ""forstwirtschaftliche Fläche"", ""farbe_txt"": ""Forstwirtschaft"", ""flaeche_amtl"": 8.0}, {""anl"": """", ""bko"": """", ""brw"": 25, ""dat"": ""0001-01-01 BC"", ""gsm"": false, ""kor"": false, ""soa"": false, ""wrt"": false, ""zgr"": false, ""entw"": ""B"", ""gabe"": ""Der Gutachterausschuss für Grundstückswerte im Kreis Minden-Lübbecke"", ""jahr"": ""2025"", ""nuta"": ""W"", ""stag"": ""2022-01-01"", ""farbe"": ""6"", ""anl_txt"": ""UNDEFINED"", ""flaeche"": 6.9618934982495, ""prozent"": 100.00, ""entw_txt"": ""Baureifes Land"", ""nuta_txt"": ""Wohnbaufläche"", ""farbe_txt"": ""Außenbereich"", ""flaeche_amtl"": 8.0}, {""anl"": """", ""bko"": """", ""brw"": 2, ""dat"": ""0001-01-01 BC"", ""gsm"": false, ""kor"": false, ""soa"": false, ""wrt"": false, ""zgr"": false, ""entw"": ""LF"", ""gabe"": ""Der Gutachterausschuss für Grundstückswerte im Kreis Minden-Lübbecke"", ""jahr"": ""2025"", ""nuta"": ""GR"", ""stag"": ""2022-01-01"", ""farbe"": ""5"", ""anl_txt"": ""UNDEFINED"", ""flaeche"": 6.9618934982495, ""prozent"": 100.00, ""entw_txt"": ""Fläche der Land- und Forstwirtschaft"", ""nuta_txt"": ""Grünland"", ""farbe_txt"": ""Landwirtschaft"", ""flaeche_amtl"": 8.0}, {""anl"": """", ""bko"": """", ""brw"": 4.3, ""dat"": ""0001-01-01 BC"", ""gsm"": false, ""kor"": false, ""soa"": false, ""wrt"": false, ""zgr"": false, ""entw"": ""LF"", ""gabe"": ""Der Gutachterausschuss für Grundstückswerte im Kreis Minden-Lübbecke"", ""jahr"": ""2025"", ""nuta"": ""A"", ""stag"": ""2022-01-01"", ""farbe"": ""5"", ""anl_txt"": ""UNDEFINED"", ""flaeche"": 6.9618934982495, ""prozent"": 100.00, ""entw_txt"": ""Fläche der Land- und Forstwirtschaft"", ""nuta_txt"": ""Acker"", ""farbe_txt"": ""Landwirtschaft"", ""flaeche_amtl"": 8.0}]";6.9618934982495;NULL
333;DENW18AL0000a7xw;05279201000129______;NULL;NULL;NULL;NULL;NULL;NULL;Rahden;Preußisch Ströhen;052792;"[""0527920000040""]";10;129;NULL;19967.0;2023-12-07 18:31:29+01;01.01.2025;Landrätin des Kreises Minden-Lübbecke;Kataster- und Vermessungsamt;1503;NULL;405;NULL;NULL;NULL;NULL;NULL;NULL;1503;405;NULL;NULL;NULL;27;0.27;19967;"[{""m2"": 10673, ""emz"": null, ""katasterklassifikation"": ""Verkehrsbegleitfläche Straße""}, {""m2"": 453, ""emz"": null, ""katasterklassifikation"": ""Weg""}, {""m2"": 7340, ""emz"": null, ""katasterklassifikation"": ""Straßenverkehr""}]";"[{""anl"": """", ""bko"": """", ""brw"": 2, ""dat"": ""0001-01-01 BC"", ""gsm"": false, ""kor"": false, ""soa"": false, ""wrt"": false, ""zgr"": false, ""entw"": ""LF"", ""gabe"": ""Der Gutachterausschuss für Grundstückswerte im Kreis Minden-Lübbecke"", ""jahr"": ""2025"", ""nuta"": ""GR"", ""stag"": ""2022-01-01"", ""farbe"": ""5"", ""anl_txt"": ""UNDEFINED"", ""flaeche"": 20766.6583305176, ""prozent"": 100.00, ""entw_txt"": ""Fläche der Land- und Forstwirtschaft"", ""nuta_txt"": ""Grünland"", ""farbe_txt"": ""Landwirtschaft"", ""flaeche_amtl"": 19967.0}, {""anl"": """", ""bko"": """", ""brw"": 0.4, ""dat"": ""0001-01-01 BC"", ""gsm"": false, ""kor"": false, ""soa"": false, ""wrt"": false, ""zgr"": false, ""entw"": ""LF"", ""gabe"": ""Der Gutachterausschuss für Grundstückswerte im Kreis Minden-Lübbecke"", ""jahr"": ""2025"", ""nuta"": ""F"", ""stag"": ""2022-01-01"", ""farbe"": ""4"", ""anl_txt"": ""UNDEFINED"", ""flaeche"": 20766.6583305176, ""prozent"": 100.00, ""entw_txt"": ""Fläche der Land- und Forstwirtschaft"", ""nuta_txt"": ""forstwirtschaftliche Fläche"", ""farbe_txt"": ""Forstwirtschaft"", ""flaeche_amtl"": 19967.0}, {""anl"": """", ""bko"": """", ""brw"": 25, ""dat"": ""0001-01-01 BC"", ""gsm"": false, ""kor"": false, ""soa"": false, ""wrt"": false, ""zgr"": false, ""entw"": ""B"", ""gabe"": ""Der Gutachterausschuss für Grundstückswerte im Kreis Minden-Lübbecke"", ""jahr"": ""2025"", ""nuta"": ""W"", ""stag"": ""2022-01-01"", ""farbe"": ""6"", ""anl_txt"": ""UNDEFINED"", ""flaeche"": 20766.6583305176, ""prozent"": 100.00, ""entw_txt"": ""Baureifes Land"", ""nuta_txt"": ""Wohnbaufläche"", ""farbe_txt"": ""Außenbereich"", ""flaeche_amtl"": 19967.0}, {""anl"": """", ""bko"": """", ""brw"": 4.3, ""dat"": ""0001-01-01 BC"", ""gsm"": false, ""kor"": false, ""soa"": false, ""wrt"": false, ""zgr"": false, ""entw"": ""LF"", ""gabe"": ""Der Gutachterausschuss für Grundstückswerte im Kreis Minden-Lübbecke"", ""jahr"": ""2025"", ""nuta"": ""A"", ""stag"": ""2022-01-01"", ""farbe"": ""5"", ""anl_txt"": ""UNDEFINED"", ""flaeche"": 20766.6583305176, ""prozent"": 100.00, ""entw_txt"": ""Fläche der Land- und Forstwirtschaft"", ""nuta_txt"": ""Acker"", ""farbe_txt"": ""Landwirtschaft"", ""flaeche_amtl"": 19967.0}]";20766.6583305176;NULL
334;DENW54AL00004Bl0;05501503001713______;NULL;NULL;NULL;NULL;NULL;NULL;Sendenhorst;Albersloh;055015;"[""0550150001199""]";30;1713;NULL;763.0;2023-11-17 09:51:39+01;01.01.2025;Landrat des Kreises Warendorf;Amt für Geoinformation und Kataster;NULL;NULL;NULL;NULL;NULL;NULL;NULL;NULL;NULL;NULL;NULL;NULL;NULL;NULL;46;0.46;763;"[{""m2"": 763, ""emz"": null, ""katasterklassifikation"": ""Straßenverkehr""}]";"[{""anl"": """", ""bko"": """", ""brw"": 190, ""dat"": ""0001-01-01 BC"", ""gsm"": false, ""kor"": false, ""soa"": false, ""wrt"": false, ""zgr"": false, ""entw"": ""B"", ""gabe"": ""Der Gutachterausschuss für Grundstückswerte im Kreis Warendorf"", ""jahr"": ""2025"", ""nuta"": ""W"", ""stag"": ""2022-01-01"", ""farbe"": ""1"", ""anl_txt"": ""UNDEFINED"", ""flaeche"": 762.621225077733, ""prozent"": 100.00, ""entw_txt"": ""Baureifes Land"", ""nuta_txt"": ""Wohnbaufläche"", ""farbe_txt"": ""Ein-/Zweigeschossig"", ""flaeche_amtl"": 763.0}]";762.621225077733;NULL
335;DENW30AL0000BGeh;05318201800075______;NULL;Bonnesweg;21;NULL;47608;Geldern;Geldern;Walbeck;053182;"[""053182001442A""]";18;75;NULL;1379.0;2023-11-30 14:47:41+01;01.01.2025;Landrat des Kreises Kleve;Abteilung 6.2 - Kataster und Vermessung;NULL;NULL;NULL;NULL;NULL;NULL;NULL;NULL;NULL;NULL;NULL;NULL;NULL;NULL;45;0.45;1379;"[{""m2"": 1379, ""emz"": null, ""katasterklassifikation"": ""Wohnbaufläche""}]";"[{""anl"": """", ""bko"": """", ""brw"": 12, ""dat"": ""0001-01-01 BC"", ""gsm"": false, ""kor"": false, ""soa"": false, ""wrt"": false, ""zgr"": false, ""entw"": ""LF"", ""gabe"": ""Der Gutachterausschuss für Grundstückswerte im Kreis Kleve"", ""jahr"": ""2025"", ""nuta"": ""A"", ""stag"": ""2022-01-01"", ""farbe"": ""5"", ""anl_txt"": ""UNDEFINED"", ""flaeche"": 1379.04944901014, ""prozent"": 100.00, ""entw_txt"": ""Fläche der Land- und Forstwirtschaft"", ""nuta_txt"": ""Acker"", ""farbe_txt"": ""Landwirtschaft"", ""flaeche_amtl"": 1379.0}, {""anl"": """", ""bko"": """", ""brw"": 90, ""dat"": ""0001-01-01 BC"", ""gsm"": false, ""kor"": false, ""soa"": false, ""wrt"": false, ""zgr"": false, ""entw"": ""B"", ""gabe"": ""Der Gutachterausschuss für Grundstückswerte im Kreis Kleve"", ""jahr"": ""2025"", ""nuta"": ""W"", ""stag"": ""2022-01-01"", ""farbe"": ""6"", ""anl_txt"": ""UNDEFINED"", ""flaeche"": 1379.04944901014, ""prozent"": 100.00, ""entw_txt"": ""Baureifes Land"", ""nuta_txt"": ""Wohnbaufläche"", ""farbe_txt"": ""Außenbereich"", ""flaeche_amtl"": 1379.0}, {""anl"": """", ""bko"": """", ""brw"": 45, ""dat"": ""0001-01-01 BC"", ""gsm"": false, ""kor"": false, ""soa"": false, ""wrt"": false, ""zgr"": false, ""entw"": ""B"", ""gabe"": ""Der Gutachterausschuss für Grundstückswerte im Kreis Kleve"", ""jahr"": ""2025"", ""nuta"": ""G"", ""stag"": ""2022-01-01"", ""farbe"": ""6"", ""anl_txt"": ""UNDEFINED"", ""flaeche"": 1379.04944901014, ""prozent"": 100.00, ""entw_txt"": ""Baureifes Land"", ""nuta_txt"": ""gewerbliche Baufläche"", ""farbe_txt"": ""Außenbereich"", ""flaeche_amtl"": 1379.0}, {""anl"": """", ""bko"": """", ""brw"": 0.6, ""dat"": ""0001-01-01 BC"", ""gsm"": false, ""kor"": false, ""soa"": false, ""wrt"": false, ""zgr"": false, ""entw"": ""LF"", ""gabe"": ""Der Gutachterausschuss für Grundstückswerte im Kreis Kleve"", ""jahr"": ""2025"", ""nuta"": ""F"", ""stag"": ""2022-01-01"", ""farbe"": ""4"", ""anl_txt"": ""UNDEFINED"", ""flaeche"": 1379.04944901014, ""prozent"": 100.00, ""entw_txt"": ""Fläche der Land- und Forstwirtschaft"", ""nuta_txt"": ""forstwirtschaftliche Fläche"", ""farbe_txt"": ""Forstwirtschaft"", ""flaeche_amtl"": 1379.0}, {""anl"": """", ""bko"": """", ""brw"": 5.9, ""dat"": ""0001-01-01 BC"", ""gsm"": false, ""kor"": false, ""soa"": false, ""wrt"": false, ""zgr"": false, ""entw"": ""LF"", ""gabe"": ""Der Gutachterausschuss für Grundstückswerte im Kreis Kleve"", ""jahr"": ""2025"", ""nuta"": ""GR"", ""stag"": ""2022-01-01"", ""farbe"": ""5"", ""anl_txt"": ""UNDEFINED"", ""flaeche"": 1379.04944901014, ""prozent"": 100.00, ""entw_txt"": ""Fläche der Land- und Forstwirtschaft"", ""nuta_txt"": ""Grünland"", ""farbe_txt"": ""Landwirtschaft"", ""flaeche_amtl"": 1379.0}]";1379.04944901014;NULL
336;DENW07AL0000aLAv;05122200900232______;NULL;NULL;NULL;NULL;NULL;NULL;Brilon;Scharfenberg;051222;"[""0512220000078""]";9;232;NULL;4.0;2023-12-20 16:42:14+01;01.01.2025;Landrat des Hochsauerlandkreises;Fachdienst 43, Liegenschaftskataster und Vermessung;4;1;NULL;NULL;NULL;NULL;NULL;NULL;NULL;4;1;NULL;NULL;NULL;31;0.31;4;NULL;"[{""anl"": """", ""bko"": """", ""brw"": 18, ""dat"": ""0001-01-01 BC"", ""gsm"": false, ""kor"": false, ""soa"": false, ""wrt"": false, ""zgr"": false, ""entw"": ""B"", ""gabe"": ""Der Gutachterausschuss für Grundstückswerte im Hochsauerlandkreis"", ""jahr"": ""2025"", ""nuta"": ""W"", ""stag"": ""2022-01-01"", ""farbe"": ""6"", ""anl_txt"": ""UNDEFINED"", ""flaeche"": 3.51568100016399, ""prozent"": 100.00, ""entw_txt"": ""Baureifes Land"", ""nuta_txt"": ""Wohnbaufläche"", ""farbe_txt"": ""Außenbereich"", ""flaeche_amtl"": 4.0}, {""anl"": """", ""bko"": """", ""brw"": 3.7, ""dat"": ""0001-01-01 BC"", ""gsm"": false, ""kor"": false, ""soa"": false, ""wrt"": false, ""zgr"": false, ""entw"": ""LF"", ""gabe"": ""Der Gutachterausschuss für Grundstückswerte im Hochsauerlandkreis"", ""jahr"": ""2025"", ""nuta"": ""A"", ""stag"": ""2022-01-01"", ""farbe"": ""5"", ""anl_txt"": ""UNDEFINED"", ""flaeche"": 3.51568100016399, ""prozent"": 100.00, ""entw_txt"": ""Fläche der Land- und Forstwirtschaft"", ""nuta_txt"": ""Acker"", ""farbe_txt"": ""Landwirtschaft"", ""flaeche_amtl"": 4.0}, {""anl"": """", ""bko"": """", ""brw"": 2.5, ""dat"": ""0001-01-01 BC"", ""gsm"": false, ""kor"": false, ""soa"": false, ""wrt"": false, ""zgr"": false, ""entw"": ""LF"", ""gabe"": ""Der Gutachterausschuss für Grundstückswerte im Hochsauerlandkreis"", ""jahr"": ""2025"", ""nuta"": ""GR"", ""stag"": ""2022-01-01"", ""farbe"": ""5"", ""anl_txt"": ""UNDEFINED"", ""flaeche"": 3.51568100016399, ""prozent"": 100.00, ""entw_txt"": ""Fläche der Land- und Forstwirtschaft"", ""nuta_txt"": ""Grünland"", ""farbe_txt"": ""Landwirtschaft"", ""flaeche_amtl"": 4.0}, {""anl"": """", ""bko"": """", ""brw"": 0.8, ""dat"": ""0001-01-01 BC"", ""gsm"": false, ""kor"": false, ""soa"": false, ""wrt"": false, ""zgr"": false, ""entw"": ""LF"", ""gabe"": ""Der Gutachterausschuss für Grundstückswerte im Hochsauerlandkreis"", ""jahr"": ""2025"", ""nuta"": ""F"", ""stag"": ""2022-01-01"", ""farbe"": ""4"", ""anl_txt"": ""UNDEFINED"", ""flaeche"": 3.51568100016399, ""prozent"": 100.00, ""entw_txt"": ""Fläche der Land- und Forstwirtschaft"", ""nuta_txt"": ""forstwirtschaftliche Fläche"", ""farbe_txt"": ""Forstwirtschaft"", ""flaeche_amtl"": 4.0}]";3.51568100016399;NULL
337;DENW30AL0000z2VE;05317700700174______;NULL;NULL;NULL;NULL;NULL;NULL;Geldern;Veert;053177;"[""0531770002082""]";7;174;NULL;31657.0;2023-11-30 14:47:41+01;01.01.2025;Landrat des Kreises Kleve;Abteilung 6.2 - Kataster und Vermessung;NULL;NULL;NULL;NULL;NULL;NULL;NULL;NULL;NULL;NULL;NULL;NULL;NULL;NULL;50;0.50;31657;"[{""m2"": 4375, ""emz"": null, ""katasterklassifikation"": ""Weg""}, {""m2"": 13362, ""emz"": null, ""katasterklassifikation"": ""Straßenverkehr""}, {""m2"": 13917, ""emz"": null, ""katasterklassifikation"": ""Verkehrsbegleitfläche Straße""}]";"[{""anl"": """", ""bko"": """", ""brw"": 45, ""dat"": ""0001-01-01 BC"", ""gsm"": false, ""kor"": false, ""soa"": false, ""wrt"": false, ""zgr"": false, ""entw"": ""B"", ""gabe"": ""Der Gutachterausschuss für Grundstückswerte im Kreis Kleve"", ""jahr"": ""2025"", ""nuta"": ""G"", ""stag"": ""2022-01-01"", ""farbe"": ""6"", ""anl_txt"": ""UNDEFINED"", ""flaeche"": 31304.0037754441, ""prozent"": 100.00, ""entw_txt"": ""Baureifes Land"", ""nuta_txt"": ""gewerbliche Baufläche"", ""farbe_txt"": ""Außenbereich"", ""flaeche_amtl"": 31657.0}, {""anl"": """", ""bko"": """", ""brw"": 0.6, ""dat"": ""0001-01-01 BC"", ""gsm"": false, ""kor"": false, ""soa"": false, ""wrt"": false, ""zgr"": false, ""entw"": ""LF"", ""gabe"": ""Der Gutachterausschuss für Grundstückswerte im Kreis Kleve"", ""jahr"": ""2025"", ""nuta"": ""F"", ""stag"": ""2022-01-01"", ""farbe"": ""4"", ""anl_txt"": ""UNDEFINED"", ""flaeche"": 31304.0037754441, ""prozent"": 100.00, ""entw_txt"": ""Fläche der Land- und Forstwirtschaft"", ""nuta_txt"": ""forstwirtschaftliche Fläche"", ""farbe_txt"": ""Forstwirtschaft"", ""flaeche_amtl"": 31657.0}, {""anl"": """", ""bko"": """", ""brw"": 5.9, ""dat"": ""0001-01-01 BC"", ""gsm"": false, ""kor"": false, ""soa"": false, ""wrt"": false, ""zgr"": false, ""entw"": ""LF"", ""gabe"": ""Der Gutachterausschuss für Grundstückswerte im Kreis Kleve"", ""jahr"": ""2025"", ""nuta"": ""GR"", ""stag"": ""2022-01-01"", ""farbe"": ""5"", ""anl_txt"": ""UNDEFINED"", ""flaeche"": 31304.0037754441, ""prozent"": 100.00, ""entw_txt"": ""Fläche der Land- und Forstwirtschaft"", ""nuta_txt"": ""Grünland"", ""farbe_txt"": ""Landwirtschaft"", ""flaeche_amtl"": 31657.0}, {""anl"": """", ""bko"": """", ""brw"": 12, ""dat"": ""0001-01-01 BC"", ""gsm"": false, ""kor"": false, ""soa"": false, ""wrt"": false, ""zgr"": false, ""entw"": ""LF"", ""gabe"": ""Der Gutachterausschuss für Grundstückswerte im Kreis Kleve"", ""jahr"": ""2025"", ""nuta"": ""A"", ""stag"": ""2022-01-01"", ""farbe"": ""5"", ""anl_txt"": ""UNDEFINED"", ""flaeche"": 31304.0037754441, ""prozent"": 100.00, ""entw_txt"": ""Fläche der Land- und Forstwirtschaft"", ""nuta_txt"": ""Acker"", ""farbe_txt"": ""Landwirtschaft"", ""flaeche_amtl"": 31657.0}, {""anl"": """", ""bko"": """", ""brw"": 90, ""dat"": ""0001-01-01 BC"", ""gsm"": false, ""kor"": false, ""soa"": false, ""wrt"": false, ""zgr"": false, ""entw"": ""B"", ""gabe"": ""Der Gutachterausschuss für Grundstückswerte im Kreis Kleve"", ""jahr"": ""2025"", ""nuta"": ""W"", ""stag"": ""2022-01-01"", ""farbe"": ""6"", ""anl_txt"": ""UNDEFINED"", ""flaeche"": 31304.0037754441, ""prozent"": 100.00, ""entw_txt"": ""Baureifes Land"", ""nuta_txt"": ""Wohnbaufläche"", ""farbe_txt"": ""Außenbereich"", ""flaeche_amtl"": 31657.0}]";31304.0037754441;NULL
338;DENW02AL1000ByAc;05128100201080______;NULL;NULL;NULL;NULL;NULL;NULL;Dortmund;Lindenhorst;051281;"[""0591170017689""]";2;1080;NULL;14.0;2024-12-30 10:48:29+01;01.01.2025;Oberbürgermeister der Stadt Dortmund;Vermessungs- und Katasteramt;NULL;NULL;NULL;NULL;NULL;NULL;NULL;NULL;NULL;NULL;NULL;NULL;NULL;NULL;66;0.66;14;"[{""m2"": 14, ""emz"": null, ""katasterklassifikation"": ""Fläche besonderer funktionaler Prägung""}]";"[{""anl"": """", ""bko"": """", ""brw"": 280, ""dat"": ""0001-01-01 BC"", ""gsm"": false, ""kor"": false, ""soa"": false, ""wrt"": false, ""zgr"": false, ""entw"": ""B"", ""gabe"": ""Der Gutachterausschuss für Grundstückswerte in der Stadt Dortmund"", ""jahr"": ""2025"", ""nuta"": ""W"", ""stag"": ""2022-01-01"", ""farbe"": ""2"", ""anl_txt"": ""UNDEFINED"", ""flaeche"": 13.7431150002879, ""prozent"": 100.00, ""entw_txt"": ""Baureifes Land"", ""nuta_txt"": ""Wohnbaufläche"", ""farbe_txt"": ""Misch-/Mehrgeschossig"", ""flaeche_amtl"": 14.0}, {""anl"": """", ""bko"": """", ""brw"": 300, ""dat"": ""0001-01-01 BC"", ""gsm"": false, ""kor"": false, ""soa"": false, ""wrt"": false, ""zgr"": false, ""entw"": ""B"", ""gabe"": ""Der Gutachterausschuss für Grundstückswerte in der Stadt Dortmund"", ""jahr"": ""2025"", ""nuta"": ""W"", ""stag"": ""2022-01-01"", ""farbe"": ""1"", ""anl_txt"": ""UNDEFINED"", ""flaeche"": 13.7431150002879, ""prozent"": 100.00, ""entw_txt"": ""Baureifes Land"", ""nuta_txt"": ""Wohnbaufläche"", ""farbe_txt"": ""Ein-/Zweigeschossig"", ""flaeche_amtl"": 14.0}]";13.7431150002879;NULL
339;DENW54AL0000t2HF;05508400800068______;NULL;NULL;NULL;NULL;NULL;NULL;Sendenhorst;Sendenhorst;055084;"[""0550840001908""]";8;68;NULL;15651.0;2023-11-17 09:51:39+01;01.01.2025;Landrat des Kreises Warendorf;Amt für Geoinformation und Kataster;NULL;NULL;NULL;NULL;NULL;NULL;NULL;NULL;NULL;NULL;NULL;NULL;NULL;NULL;46;0.46;15651;"[{""m2"": 6398, ""emz"": 3074, ""katasterklassifikation"": ""Weg""}, {""m2"": 9255, ""emz"": 4432, ""katasterklassifikation"": ""Weg""}]";"[{""anl"": """", ""bko"": """", ""brw"": 0.6, ""dat"": ""0001-01-01 BC"", ""gsm"": false, ""kor"": false, ""soa"": false, ""wrt"": false, ""zgr"": false, ""entw"": ""LF"", ""gabe"": ""Der Gutachterausschuss für Grundstückswerte im Kreis Warendorf"", ""jahr"": ""2025"", ""nuta"": ""F"", ""stag"": ""2022-01-01"", ""farbe"": ""4"", ""anl_txt"": ""UNDEFINED"", ""flaeche"": 15980.6767603424, ""prozent"": 100.00, ""entw_txt"": ""Fläche der Land- und Forstwirtschaft"", ""nuta_txt"": ""forstwirtschaftliche Fläche"", ""farbe_txt"": ""Forstwirtschaft"", ""flaeche_amtl"": 15651.0}, {""anl"": """", ""bko"": """", ""brw"": 10, ""dat"": ""0001-01-01 BC"", ""gsm"": false, ""kor"": false, ""soa"": false, ""wrt"": false, ""zgr"": false, ""entw"": ""LF"", ""gabe"": ""Der Gutachterausschuss für Grundstückswerte im Kreis Warendorf"", ""jahr"": ""2025"", ""nuta"": ""A"", ""stag"": ""2022-01-01"", ""farbe"": ""5"", ""anl_txt"": ""UNDEFINED"", ""flaeche"": 15980.6767603424, ""prozent"": 100.00, ""entw_txt"": ""Fläche der Land- und Forstwirtschaft"", ""nuta_txt"": ""Acker"", ""farbe_txt"": ""Landwirtschaft"", ""flaeche_amtl"": 15651.0}, {""anl"": """", ""bko"": """", ""brw"": 8, ""dat"": ""0001-01-01 BC"", ""gsm"": false, ""kor"": false, ""soa"": false, ""wrt"": false, ""zgr"": false, ""entw"": ""LF"", ""gabe"": ""Der Gutachterausschuss für Grundstückswerte im Kreis Warendorf"", ""jahr"": ""2025"", ""nuta"": ""GR"", ""stag"": ""2022-01-01"", ""farbe"": ""5"", ""anl_txt"": ""UNDEFINED"", ""flaeche"": 15980.6767603424, ""prozent"": 100.00, ""entw_txt"": ""Fläche der Land- und Forstwirtschaft"", ""nuta_txt"": ""Grünland"", ""farbe_txt"": ""Landwirtschaft"", ""flaeche_amtl"": 15651.0}, {""anl"": """", ""bko"": """", ""brw"": 75, ""dat"": ""0001-01-01 BC"", ""gsm"": false, ""kor"": false, ""soa"": false, ""wrt"": false, ""zgr"": false, ""entw"": ""B"", ""gabe"": ""Der Gutachterausschuss für Grundstückswerte im Kreis Warendorf"", ""jahr"": ""2025"", ""nuta"": ""W"", ""stag"": ""2022-01-01"", ""farbe"": ""6"", ""anl_txt"": ""UNDEFINED"", ""flaeche"": 15980.6767603424, ""prozent"": 100.00, ""entw_txt"": ""Baureifes Land"", ""nuta_txt"": ""Wohnbaufläche"", ""farbe_txt"": ""Außenbereich"", ""flaeche_amtl"": 15651.0}, {""anl"": """", ""bko"": """", ""brw"": 22, ""dat"": ""0001-01-01 BC"", ""gsm"": false, ""kor"": false, ""soa"": false, ""wrt"": false, ""zgr"": false, ""entw"": ""B"", ""gabe"": ""Der Gutachterausschuss für Grundstückswerte im Kreis Warendorf"", ""jahr"": ""2025"", ""nuta"": ""G"", ""stag"": ""2022-01-01"", ""farbe"": ""6"", ""anl_txt"": ""UNDEFINED"", ""flaeche"": 15980.6767603424, ""prozent"": 100.00, ""entw_txt"": ""Baureifes Land"", ""nuta_txt"": ""gewerbliche Baufläche"", ""farbe_txt"": ""Außenbereich"", ""flaeche_amtl"": 15651.0}]";15980.6767603424;NULL
340;DENW54AL0000t2HJ;05508400800057______;NULL;NULL;NULL;NULL;NULL;NULL;Sendenhorst;Sendenhorst;055084;"[""0550840000316""]";8;57;NULL;726.0;2023-11-17 09:51:39+01;01.01.2025;Landrat des Kreises Warendorf;Amt für Geoinformation und Kataster;NULL;NULL;NULL;NULL;NULL;NULL;NULL;NULL;NULL;NULL;NULL;NULL;NULL;NULL;46;0.46;726;"[{""m2"": 726, ""emz"": 428, ""katasterklassifikation"": ""Weg""}]";"[{""anl"": """", ""bko"": """", ""brw"": 0.6, ""dat"": ""0001-01-01 BC"", ""gsm"": false, ""kor"": false, ""soa"": false, ""wrt"": false, ""zgr"": false, ""entw"": ""LF"", ""gabe"": ""Der Gutachterausschuss für Grundstückswerte im Kreis Warendorf"", ""jahr"": ""2025"", ""nuta"": ""F"", ""stag"": ""2022-01-01"", ""farbe"": ""4"", ""anl_txt"": ""UNDEFINED"", ""flaeche"": 746.660901044786, ""prozent"": 100.00, ""entw_txt"": ""Fläche der Land- und Forstwirtschaft"", ""nuta_txt"": ""forstwirtschaftliche Fläche"", ""farbe_txt"": ""Forstwirtschaft"", ""flaeche_amtl"": 726.0}, {""anl"": """", ""bko"": """", ""brw"": 10, ""dat"": ""0001-01-01 BC"", ""gsm"": false, ""kor"": false, ""soa"": false, ""wrt"": false, ""zgr"": false, ""entw"": ""LF"", ""gabe"": ""Der Gutachterausschuss für Grundstückswerte im Kreis Warendorf"", ""jahr"": ""2025"", ""nuta"": ""A"", ""stag"": ""2022-01-01"", ""farbe"": ""5"", ""anl_txt"": ""UNDEFINED"", ""flaeche"": 746.660901044786, ""prozent"": 100.00, ""entw_txt"": ""Fläche der Land- und Forstwirtschaft"", ""nuta_txt"": ""Acker"", ""farbe_txt"": ""Landwirtschaft"", ""flaeche_amtl"": 726.0}, {""anl"": """", ""bko"": """", ""brw"": 8, ""dat"": ""0001-01-01 BC"", ""gsm"": false, ""kor"": false, ""soa"": false, ""wrt"": false, ""zgr"": false, ""entw"": ""LF"", ""gabe"": ""Der Gutachterausschuss für Grundstückswerte im Kreis Warendorf"", ""jahr"": ""2025"", ""nuta"": ""GR"", ""stag"": ""2022-01-01"", ""farbe"": ""5"", ""anl_txt"": ""UNDEFINED"", ""flaeche"": 746.660901044786, ""prozent"": 100.00, ""entw_txt"": ""Fläche der Land- und Forstwirtschaft"", ""nuta_txt"": ""Grünland"", ""farbe_txt"": ""Landwirtschaft"", ""flaeche_amtl"": 726.0}, {""anl"": """", ""bko"": """", ""brw"": 75, ""dat"": ""0001-01-01 BC"", ""gsm"": false, ""kor"": false, ""soa"": false, ""wrt"": false, ""zgr"": false, ""entw"": ""B"", ""gabe"": ""Der Gutachterausschuss für Grundstückswerte im Kreis Warendorf"", ""jahr"": ""2025"", ""nuta"": ""W"", ""stag"": ""2022-01-01"", ""farbe"": ""6"", ""anl_txt"": ""UNDEFINED"", ""flaeche"": 746.660901044786, ""prozent"": 100.00, ""entw_txt"": ""Baureifes Land"", ""nuta_txt"": ""Wohnbaufläche"", ""farbe_txt"": ""Außenbereich"", ""flaeche_amtl"": 726.0}, {""anl"": """", ""bko"": """", ""brw"": 22, ""dat"": ""0001-01-01 BC"", ""gsm"": false, ""kor"": false, ""soa"": false, ""wrt"": false, ""zgr"": false, ""entw"": ""B"", ""gabe"": ""Der Gutachterausschuss für Grundstückswerte im Kreis Warendorf"", ""jahr"": ""2025"", ""nuta"": ""G"", ""stag"": ""2022-01-01"", ""farbe"": ""6"", ""anl_txt"": ""UNDEFINED"", ""flaeche"": 746.660901044786, ""prozent"": 100.00, ""entw_txt"": ""Baureifes Land"", ""nuta_txt"": ""gewerbliche Baufläche"", ""farbe_txt"": ""Außenbereich"", ""flaeche_amtl"": 726.0}]";746.660901044786;NULL
341;DENW30AL0000Wqfy;05316301601544______;NULL;NULL;NULL;NULL;NULL;NULL;Geldern;Geldern;053163;"[""0531630004016""]";16;1544;NULL;1211.0;2023-11-30 14:47:41+01;01.01.2025;Landrat des Kreises Kleve;Abteilung 6.2 - Kataster und Vermessung;NULL;NULL;NULL;NULL;NULL;NULL;NULL;NULL;NULL;NULL;NULL;NULL;NULL;NULL;52;0.52;1211;"[{""m2"": 1196, ""emz"": null, ""katasterklassifikation"": ""Straßenverkehr""}, {""m2"": 15, ""emz"": null, ""katasterklassifikation"": ""Weg""}]";"[{""anl"": """", ""bko"": """", ""brw"": 195, ""dat"": ""0001-01-01 BC"", ""gsm"": false, ""kor"": false, ""soa"": false, ""wrt"": false, ""zgr"": false, ""entw"": ""B"", ""gabe"": ""Der Gutachterausschuss für Grundstückswerte im Kreis Kleve"", ""jahr"": ""2025"", ""nuta"": ""W"", ""stag"": ""2022-01-01"", ""farbe"": ""1"", ""anl_txt"": ""UNDEFINED"", ""flaeche"": 1212.13565498405, ""prozent"": 100.00, ""entw_txt"": ""Baureifes Land"", ""nuta_txt"": ""Wohnbaufläche"", ""farbe_txt"": ""Ein-/Zweigeschossig"", ""flaeche_amtl"": 1211.0}]";1212.13565498405;NULL
342;DENW30AL0000Zazx;05316202000195______;NULL;NULL;NULL;NULL;NULL;NULL;Geldern;Kapellen;053162;"[""0531620002164""]";20;195;NULL;4019.0;2024-02-20 11:16:59+01;01.01.2025;Landrat des Kreises Kleve;Abteilung 6.2 - Kataster und Vermessung;2514;1389;NULL;NULL;NULL;NULL;NULL;NULL;NULL;2514;1389;NULL;NULL;NULL;53;0.53;4019;"[{""m2"": 486, ""emz"": null, ""katasterklassifikation"": ""Teich""}, {""m2"": 908, ""emz"": null, ""katasterklassifikation"": ""Gebäude- und Freifläche Land- und Forstwirtschaft""}, {""m2"": 111, ""emz"": null, ""katasterklassifikation"": ""Reitplatz""}]";"[{""anl"": """", ""bko"": """", ""brw"": 90, ""dat"": ""0001-01-01 BC"", ""gsm"": false, ""kor"": false, ""soa"": false, ""wrt"": false, ""zgr"": false, ""entw"": ""B"", ""gabe"": ""Der Gutachterausschuss für Grundstückswerte im Kreis Kleve"", ""jahr"": ""2025"", ""nuta"": ""W"", ""stag"": ""2022-01-01"", ""farbe"": ""6"", ""anl_txt"": ""UNDEFINED"", ""flaeche"": 4020.95395448279, ""prozent"": 100.00, ""entw_txt"": ""Baureifes Land"", ""nuta_txt"": ""Wohnbaufläche"", ""farbe_txt"": ""Außenbereich"", ""flaeche_amtl"": 4019.0}, {""anl"": """", ""bko"": """", ""brw"": 0.6, ""dat"": ""0001-01-01 BC"", ""gsm"": false, ""kor"": false, ""soa"": false, ""wrt"": false, ""zgr"": false, ""entw"": ""LF"", ""gabe"": ""Der Gutachterausschuss für Grundstückswerte im Kreis Kleve"", ""jahr"": ""2025"", ""nuta"": ""F"", ""stag"": ""2022-01-01"", ""farbe"": ""4"", ""anl_txt"": ""UNDEFINED"", ""flaeche"": 4020.95395448279, ""prozent"": 100.00, ""entw_txt"": ""Fläche der Land- und Forstwirtschaft"", ""nuta_txt"": ""forstwirtschaftliche Fläche"", ""farbe_txt"": ""Forstwirtschaft"", ""flaeche_amtl"": 4019.0}, {""anl"": """", ""bko"": """", ""brw"": 5.9, ""dat"": ""0001-01-01 BC"", ""gsm"": false, ""kor"": false, ""soa"": false, ""wrt"": false, ""zgr"": false, ""entw"": ""LF"", ""gabe"": ""Der Gutachterausschuss für Grundstückswerte im Kreis Kleve"", ""jahr"": ""2025"", ""nuta"": ""GR"", ""stag"": ""2022-01-01"", ""farbe"": ""5"", ""anl_txt"": ""UNDEFINED"", ""flaeche"": 4020.95395448279, ""prozent"": 100.00, ""entw_txt"": ""Fläche der Land- und Forstwirtschaft"", ""nuta_txt"": ""Grünland"", ""farbe_txt"": ""Landwirtschaft"", ""flaeche_amtl"": 4019.0}, {""anl"": """", ""bko"": """", ""brw"": 12, ""dat"": ""0001-01-01 BC"", ""gsm"": false, ""kor"": false, ""soa"": false, ""wrt"": false, ""zgr"": false, ""entw"": ""LF"", ""gabe"": ""Der Gutachterausschuss für Grundstückswerte im Kreis Kleve"", ""jahr"": ""2025"", ""nuta"": ""A"", ""stag"": ""2022-01-01"", ""farbe"": ""5"", ""anl_txt"": ""UNDEFINED"", ""flaeche"": 4020.95395448279, ""prozent"": 100.00, ""entw_txt"": ""Fläche der Land- und Forstwirtschaft"", ""nuta_txt"": ""Acker"", ""farbe_txt"": ""Landwirtschaft"", ""flaeche_amtl"": 4019.0}, {""anl"": """", ""bko"": """", ""brw"": 45, ""dat"": ""0001-01-01 BC"", ""gsm"": false, ""kor"": false, ""soa"": false, ""wrt"": false, ""zgr"": false, ""entw"": ""B"", ""gabe"": ""Der Gutachterausschuss für Grundstückswerte im Kreis Kleve"", ""jahr"": ""2025"", ""nuta"": ""G"", ""stag"": ""2022-01-01"", ""farbe"": ""6"", ""anl_txt"": ""UNDEFINED"", ""flaeche"": 4020.95395448279, ""prozent"": 100.00, ""entw_txt"": ""Baureifes Land"", ""nuta_txt"": ""gewerbliche Baufläche"", ""farbe_txt"": ""Außenbereich"", ""flaeche_amtl"": 4019.0}]";4020.95395448279;NULL
343;DENW54AL0000mZ26;05521802000618______;NULL;NULL;NULL;NULL;NULL;NULL;Ahlen;Ahlen;055218;"[""0552180016253""]";20;618;NULL;41.0;2023-11-17 09:51:39+01;01.01.2025;Landrat des Kreises Warendorf;Amt für Geoinformation und Kataster;NULL;NULL;NULL;NULL;NULL;NULL;NULL;NULL;NULL;NULL;NULL;NULL;NULL;NULL;46;0.46;41;"[{""m2"": 41, ""emz"": null, ""katasterklassifikation"": ""Garten""}]";"[{""anl"": """", ""bko"": """", ""brw"": 80, ""dat"": ""0001-01-01 BC"", ""gsm"": false, ""kor"": false, ""soa"": false, ""wrt"": false, ""zgr"": false, ""entw"": ""B"", ""gabe"": ""Der Gutachterausschuss für Grundstückswerte im Kreis Warendorf"", ""jahr"": ""2025"", ""nuta"": ""W"", ""stag"": ""2022-01-01"", ""farbe"": ""1"", ""anl_txt"": ""UNDEFINED"", ""flaeche"": 41.1061439978793, ""prozent"": 100.00, ""entw_txt"": ""Baureifes Land"", ""nuta_txt"": ""Wohnbaufläche"", ""farbe_txt"": ""Ein-/Zweigeschossig"", ""flaeche_amtl"": 41.0}]";41.1061439978793;NULL
344;DENW54AL0000mZNN;05521802100077______;NULL;Nikolaus-Groß-Straße;23;NULL;59227;Ahlen;Ahlen;Ahlen;055218;"[""0552180005225""]";21;77;NULL;1574.0;2023-11-17 09:51:39+01;01.01.2025;Landrat des Kreises Warendorf;Amt für Geoinformation und Kataster;NULL;NULL;NULL;NULL;NULL;NULL;NULL;NULL;NULL;NULL;NULL;NULL;NULL;NULL;46;0.46;1574;"[{""m2"": 1574, ""emz"": null, ""katasterklassifikation"": ""Wohnbaufläche""}]";"[{""anl"": """", ""bko"": """", ""brw"": 170, ""dat"": ""0001-01-01 BC"", ""gsm"": false, ""kor"": false, ""soa"": false, ""wrt"": false, ""zgr"": false, ""entw"": ""B"", ""gabe"": ""Der Gutachterausschuss für Grundstückswerte im Kreis Warendorf"", ""jahr"": ""2025"", ""nuta"": ""W"", ""stag"": ""2022-01-01"", ""farbe"": ""1"", ""anl_txt"": ""UNDEFINED"", ""flaeche"": 1578.25620399971, ""prozent"": 100.00, ""entw_txt"": ""Baureifes Land"", ""nuta_txt"": ""Wohnbaufläche"", ""farbe_txt"": ""Ein-/Zweigeschossig"", ""flaeche_amtl"": 1574.0}]";1578.25620399971;NULL
345;DENW28AL0000e0Xr;05341200900195______;NULL;NULL;NULL;NULL;NULL;NULL;Solingen;Gräfrath;053412;"[""0534120000012""]";9;195;NULL;4732.0;2024-02-05 10:33:03+01;01.01.2025;Oberbürgermeister der Klingenstadt Solingen;Stadtdienst Vermessung und Kataster;NULL;NULL;NULL;NULL;NULL;NULL;NULL;NULL;NULL;NULL;NULL;NULL;436;436;50;0.50;4732;"[{""m2"": 4177, ""emz"": null, ""katasterklassifikation"": ""Straßenverkehr""}, {""m2"": 117, ""emz"": null, ""katasterklassifikation"": ""Verkehrsbegleitfläche Straße""}, {""m2"": 2, ""emz"": null, ""katasterklassifikation"": ""Handel und Dienstleistung""}]";"[{""anl"": """", ""bko"": """", ""brw"": 400, ""dat"": ""0001-01-01 BC"", ""gsm"": false, ""kor"": false, ""soa"": false, ""wrt"": false, ""zgr"": false, ""entw"": ""B"", ""gabe"": ""Der Gutachterausschuss für Grundstückswerte in der Klingenstadt Solingen"", ""jahr"": ""2025"", ""nuta"": ""W"", ""stag"": ""2022-01-01"", ""farbe"": ""1"", ""anl_txt"": ""UNDEFINED"", ""flaeche"": 4533.31305966396, ""prozent"": 95.81106576044581036900, ""entw_txt"": ""Baureifes Land"", ""nuta_txt"": ""Wohnbaufläche"", ""farbe_txt"": ""Ein-/Zweigeschossig"", ""flaeche_amtl"": 4533.779631784295746661080}, {""anl"": """", ""bko"": """", ""brw"": 2.3, ""dat"": ""0001-01-01 BC"", ""gsm"": false, ""kor"": false, ""soa"": false, ""wrt"": false, ""zgr"": false, ""entw"": ""LF"", ""gabe"": ""Der Gutachterausschuss für Grundstückswerte in der Klingenstadt Solingen"", ""jahr"": ""2025"", ""nuta"": ""L"", ""stag"": ""2022-01-01"", ""farbe"": ""5"", ""anl_txt"": ""UNDEFINED"", ""flaeche"": 173.740373418493, ""prozent"": 3.67198340898997551000, ""entw_txt"": ""Fläche der Land- und Forstwirtschaft"", ""nuta_txt"": ""landwirtschaftliche Fläche"", ""farbe_txt"": ""Landwirtschaft"", ""flaeche_amtl"": 173.758254913405641133200}, {""anl"": """", ""bko"": """", ""brw"": 0.5, ""dat"": ""0001-01-01 BC"", ""gsm"": false, ""kor"": false, ""soa"": false, ""wrt"": false, ""zgr"": false, ""entw"": ""LF"", ""gabe"": ""Der Gutachterausschuss für Grundstückswerte in der Klingenstadt Solingen"", ""jahr"": ""2025"", ""nuta"": ""F"", ""stag"": ""2022-01-01"", ""farbe"": ""4"", ""anl_txt"": ""UNDEFINED"", ""flaeche"": 173.740373418493, ""prozent"": 3.67198340898997551000, ""entw_txt"": ""Fläche der Land- und Forstwirtschaft"", ""nuta_txt"": ""forstwirtschaftliche Fläche"", ""farbe_txt"": ""Forstwirtschaft"", ""flaeche_amtl"": 173.758254913405641133200}, {""anl"": """", ""bko"": """", ""brw"": 55, ""dat"": ""0001-01-01 BC"", ""gsm"": false, ""kor"": false, ""soa"": false, ""wrt"": false, ""zgr"": false, ""entw"": ""B"", ""gabe"": ""Der Gutachterausschuss für Grundstückswerte in der Klingenstadt Solingen"", ""jahr"": ""2025"", ""nuta"": ""GE"", ""stag"": ""2022-01-01"", ""farbe"": ""6"", ""anl_txt"": ""UNDEFINED"", ""flaeche"": 173.740373418493, ""prozent"": 3.67198340898997551000, ""entw_txt"": ""Baureifes Land"", ""nuta_txt"": ""Gewerbegebiet"", ""farbe_txt"": ""Außenbereich"", ""flaeche_amtl"": 173.758254913405641133200}, {""anl"": """", ""bko"": """", ""brw"": 15, ""dat"": ""0001-01-01 BC"", ""gsm"": false, ""kor"": false, ""soa"": false, ""wrt"": false, ""zgr"": false, ""entw"": ""SF"", ""gabe"": ""Der Gutachterausschuss für Grundstückswerte in der Klingenstadt Solingen"", ""jahr"": ""2025"", ""nuta"": ""FGA"", ""stag"": ""2022-01-01"", ""farbe"": ""7"", ""anl_txt"": ""UNDEFINED"", ""flaeche"": 173.740373418493, ""prozent"": 3.67198340898997551000, ""entw_txt"": ""Sonstige Fläche"", ""nuta_txt"": ""Freizeitgartenfläche"", ""farbe_txt"": ""Sonstige Fläche"", ""flaeche_amtl"": 173.758254913405641133200}, {""anl"": """", ""bko"": """", ""brw"": 240, ""dat"": ""0001-01-01 BC"", ""gsm"": false, ""kor"": false, ""soa"": false, ""wrt"": false, ""zgr"": false, ""entw"": ""B"", ""gabe"": ""Der Gutachterausschuss für Grundstückswerte in der Klingenstadt Solingen"", ""jahr"": ""2025"", ""nuta"": ""W"", ""stag"": ""2022-01-01"", ""farbe"": ""6"", ""anl_txt"": ""UNDEFINED"", ""flaeche"": 173.740373418493, ""prozent"": 3.67198340898997551000, ""entw_txt"": ""Baureifes Land"", ""nuta_txt"": ""Wohnbaufläche"", ""farbe_txt"": ""Außenbereich"", ""flaeche_amtl"": 173.758254913405641133200}]";4731.51302898404;NULL
346;DENW28AL0000lOH0;05343006900262______;NULL;NULL;NULL;NULL;NULL;NULL;Solingen;Wald;053430;"[""0534300000069""]";69;262;NULL;3681.0;2024-02-05 10:33:03+01;01.01.2025;Oberbürgermeister der Klingenstadt Solingen;Stadtdienst Vermessung und Kataster;NULL;NULL;NULL;NULL;NULL;NULL;NULL;NULL;NULL;NULL;NULL;NULL;NULL;NULL;57;0.57;3681;"[{""m2"": 124, ""emz"": null, ""katasterklassifikation"": ""Verkehrsbegleitfläche Straße""}, {""m2"": 12, ""emz"": null, ""katasterklassifikation"": ""Weg""}, {""m2"": 3316, ""emz"": null, ""katasterklassifikation"": ""Straßenverkehr""}, {""m2"": 228, ""emz"": null, ""katasterklassifikation"": ""Wohnbaufläche""}]";"[{""anl"": """", ""bko"": """", ""brw"": 375, ""dat"": ""0001-01-01 BC"", ""gsm"": false, ""kor"": false, ""soa"": false, ""wrt"": false, ""zgr"": false, ""entw"": ""B"", ""gabe"": ""Der Gutachterausschuss für Grundstückswerte in der Klingenstadt Solingen"", ""jahr"": ""2025"", ""nuta"": ""W"", ""stag"": ""2022-01-01"", ""farbe"": ""1"", ""anl_txt"": ""UNDEFINED"", ""flaeche"": 3468.40575510028, ""prozent"": 94.63705930362820567800, ""entw_txt"": ""Baureifes Land"", ""nuta_txt"": ""Wohnbaufläche"", ""farbe_txt"": ""Ein-/Zweigeschossig"", ""flaeche_amtl"": 3483.590152966554251007180}, {""anl"": """", ""bko"": """", ""brw"": 2.3, ""dat"": ""0001-01-01 BC"", ""gsm"": false, ""kor"": false, ""soa"": false, ""wrt"": false, ""zgr"": false, ""entw"": ""LF"", ""gabe"": ""Der Gutachterausschuss für Grundstückswerte in der Klingenstadt Solingen"", ""jahr"": ""2025"", ""nuta"": ""L"", ""stag"": ""2022-01-01"", ""farbe"": ""5"", ""anl_txt"": ""UNDEFINED"", ""flaeche"": 181.274827901138, ""prozent"": 4.94616773516424755900, ""entw_txt"": ""Fläche der Land- und Forstwirtschaft"", ""nuta_txt"": ""landwirtschaftliche Fläche"", ""farbe_txt"": ""Landwirtschaft"", ""flaeche_amtl"": 182.068434331395952646790}, {""anl"": """", ""bko"": """", ""brw"": 0.5, ""dat"": ""0001-01-01 BC"", ""gsm"": false, ""kor"": false, ""soa"": false, ""wrt"": false, ""zgr"": false, ""entw"": ""LF"", ""gabe"": ""Der Gutachterausschuss für Grundstückswerte in der Klingenstadt Solingen"", ""jahr"": ""2025"", ""nuta"": ""F"", ""stag"": ""2022-01-01"", ""farbe"": ""4"", ""anl_txt"": ""UNDEFINED"", ""flaeche"": 181.274827901138, ""prozent"": 4.94616773516424755900, ""entw_txt"": ""Fläche der Land- und Forstwirtschaft"", ""nuta_txt"": ""forstwirtschaftliche Fläche"", ""farbe_txt"": ""Forstwirtschaft"", ""flaeche_amtl"": 182.068434331395952646790}, {""anl"": """", ""bko"": """", ""brw"": 55, ""dat"": ""0001-01-01 BC"", ""gsm"": false, ""kor"": false, ""soa"": false, ""wrt"": false, ""zgr"": false, ""entw"": ""B"", ""gabe"": ""Der Gutachterausschuss für Grundstückswerte in der Klingenstadt Solingen"", ""jahr"": ""2025"", ""nuta"": ""GE"", ""stag"": ""2022-01-01"", ""farbe"": ""6"", ""anl_txt"": ""UNDEFINED"", ""flaeche"": 181.274827901138, ""prozent"": 4.94616773516424755900, ""entw_txt"": ""Baureifes Land"", ""nuta_txt"": ""Gewerbegebiet"", ""farbe_txt"": ""Außenbereich"", ""flaeche_amtl"": 182.068434331395952646790}, {""anl"": """", ""bko"": """", ""brw"": 15, ""dat"": ""0001-01-01 BC"", ""gsm"": false, ""kor"": false, ""soa"": false, ""wrt"": false, ""zgr"": false, ""entw"": ""SF"", ""gabe"": ""Der Gutachterausschuss für Grundstückswerte in der Klingenstadt Solingen"", ""jahr"": ""2025"", ""nuta"": ""FGA"", ""stag"": ""2022-01-01"", ""farbe"": ""7"", ""anl_txt"": ""UNDEFINED"", ""flaeche"": 181.274827901138, ""prozent"": 4.94616773516424755900, ""entw_txt"": ""Sonstige Fläche"", ""nuta_txt"": ""Freizeitgartenfläche"", ""farbe_txt"": ""Sonstige Fläche"", ""flaeche_amtl"": 182.068434331395952646790}, {""anl"": """", ""bko"": """", ""brw"": 240, ""dat"": ""0001-01-01 BC"", ""gsm"": false, ""kor"": false, ""soa"": false, ""wrt"": false, ""zgr"": false, ""entw"": ""B"", ""gabe"": ""Der Gutachterausschuss für Grundstückswerte in der Klingenstadt Solingen"", ""jahr"": ""2025"", ""nuta"": ""W"", ""stag"": ""2022-01-01"", ""farbe"": ""6"", ""anl_txt"": ""UNDEFINED"", ""flaeche"": 181.274827901138, ""prozent"": 4.94616773516424755900, ""entw_txt"": ""Baureifes Land"", ""nuta_txt"": ""Wohnbaufläche"", ""farbe_txt"": ""Außenbereich"", ""flaeche_amtl"": 182.068434331395952646790}]";3664.95512500282;NULL
347;DENW28AL0000llPf;05341203500782______;NULL;NULL;NULL;NULL;NULL;NULL;Solingen;Gräfrath;053412;"[""0534120002158""]";35;782;NULL;54.0;2024-02-05 10:33:03+01;01.01.2025;Oberbürgermeister der Klingenstadt Solingen;Stadtdienst Vermessung und Kataster;NULL;NULL;NULL;NULL;NULL;NULL;NULL;NULL;NULL;NULL;NULL;NULL;NULL;NULL;50;0.50;54;"[{""m2"": 54, ""emz"": null, ""katasterklassifikation"": ""Wohnbaufläche""}]";"[{""anl"": """", ""bko"": """", ""brw"": 400, ""dat"": ""0001-01-01 BC"", ""gsm"": false, ""kor"": false, ""soa"": false, ""wrt"": false, ""zgr"": false, ""entw"": ""B"", ""gabe"": ""Der Gutachterausschuss für Grundstückswerte in der Klingenstadt Solingen"", ""jahr"": ""2025"", ""nuta"": ""W"", ""stag"": ""2022-01-01"", ""farbe"": ""1"", ""anl_txt"": ""UNDEFINED"", ""flaeche"": 53.8020944977024, ""prozent"": 100.00, ""entw_txt"": ""Baureifes Land"", ""nuta_txt"": ""Wohnbaufläche"", ""farbe_txt"": ""Ein-/Zweigeschossig"", ""flaeche_amtl"": 54.0}]";53.8020944977024;NULL
348;DENW54AL00008cOe;05506001200799______;NULL;NULL;NULL;NULL;NULL;NULL;Ennigerloh;Westkirchen;055060;"[""0550600000205""]";12;799;NULL;1875.0;2023-11-17 09:51:39+01;01.01.2025;Landrat des Kreises Warendorf;Amt für Geoinformation und Kataster;NULL;NULL;NULL;NULL;NULL;NULL;NULL;NULL;NULL;NULL;NULL;NULL;NULL;NULL;44;0.44;1875;"[{""m2"": 1875, ""emz"": null, ""katasterklassifikation"": ""Straßenverkehr""}]";"[{""anl"": """", ""bko"": """", ""brw"": 95, ""dat"": ""0001-01-01 BC"", ""gsm"": false, ""kor"": false, ""soa"": false, ""wrt"": false, ""zgr"": false, ""entw"": ""B"", ""gabe"": ""Der Gutachterausschuss für Grundstückswerte im Kreis Warendorf"", ""jahr"": ""2025"", ""nuta"": ""W"", ""stag"": ""2022-01-01"", ""farbe"": ""1"", ""anl_txt"": ""UNDEFINED"", ""flaeche"": 1843.40542055754, ""prozent"": 100.00, ""entw_txt"": ""Baureifes Land"", ""nuta_txt"": ""Wohnbaufläche"", ""farbe_txt"": ""Ein-/Zweigeschossig"", ""flaeche_amtl"": 1875.0}]";1843.40542055754;NULL
349;DENW54AL0000mZha;05521802000520______;NULL;Jägerstraße;23;c;59229;Ahlen;Ahlen;Ahlen;055218;"[""0552180014388""]";20;520;NULL;455.0;2023-11-17 09:51:39+01;01.01.2025;Landrat des Kreises Warendorf;Amt für Geoinformation und Kataster;NULL;NULL;NULL;NULL;NULL;NULL;NULL;NULL;NULL;NULL;NULL;NULL;NULL;NULL;46;0.46;455;"[{""m2"": 455, ""emz"": null, ""katasterklassifikation"": ""Wohnbaufläche""}]";"[{""anl"": """", ""bko"": """", ""brw"": 105, ""dat"": ""0001-01-01 BC"", ""gsm"": false, ""kor"": false, ""soa"": false, ""wrt"": false, ""zgr"": false, ""entw"": ""B"", ""gabe"": ""Der Gutachterausschuss für Grundstückswerte im Kreis Warendorf"", ""jahr"": ""2025"", ""nuta"": ""W"", ""stag"": ""2022-01-01"", ""farbe"": ""1"", ""anl_txt"": ""UNDEFINED"", ""flaeche"": 454.972939495894, ""prozent"": 100.00, ""entw_txt"": ""Baureifes Land"", ""nuta_txt"": ""Wohnbaufläche"", ""farbe_txt"": ""Ein-/Zweigeschossig"", ""flaeche_amtl"": 455.0}]";454.972939495894;NULL
350;DENW07AL0000aLsO;05122200500491______;NULL;NULL;NULL;NULL;NULL;NULL;Brilon;Scharfenberg;051222;"[""0512220000573""]";5;491;NULL;1.0;2023-12-20 16:42:14+01;01.01.2025;Landrat des Hochsauerlandkreises;Fachdienst 43, Liegenschaftskataster und Vermessung;NULL;NULL;NULL;NULL;NULL;NULL;NULL;NULL;NULL;NULL;NULL;NULL;NULL;NULL;31;0.31;1;"[{""m2"": 1, ""emz"": null, ""katasterklassifikation"": ""Wohnbaufläche""}]";NULL;0.545087500473944;NULL
351;DENW54AL0000mtE0;05521800500557______;NULL;NULL;NULL;NULL;NULL;NULL;Ahlen;Ahlen;055218;"[""0552180015005""]";5;557;NULL;5.0;2023-11-17 09:51:39+01;01.01.2025;Landrat des Kreises Warendorf;Amt für Geoinformation und Kataster;NULL;NULL;NULL;NULL;NULL;NULL;NULL;NULL;NULL;NULL;NULL;NULL;NULL;NULL;46;0.46;5;"[{""m2"": 5, ""emz"": null, ""katasterklassifikation"": ""Weg""}]";"[{""anl"": """", ""bko"": """", ""brw"": 170, ""dat"": ""0001-01-01 BC"", ""gsm"": false, ""kor"": false, ""soa"": false, ""wrt"": false, ""zgr"": false, ""entw"": ""B"", ""gabe"": ""Der Gutachterausschuss für Grundstückswerte im Kreis Warendorf"", ""jahr"": ""2025"", ""nuta"": ""W"", ""stag"": ""2022-01-01"", ""farbe"": ""1"", ""anl_txt"": ""UNDEFINED"", ""flaeche"": 5.97355599999205, ""prozent"": 100.00, ""entw_txt"": ""Baureifes Land"", ""nuta_txt"": ""Wohnbaufläche"", ""farbe_txt"": ""Ein-/Zweigeschossig"", ""flaeche_amtl"": 5.0}]";5.97355599999205;NULL
352;DENW54AL0000mtIu;05521800600147______;NULL;NULL;NULL;NULL;NULL;NULL;Ahlen;Ahlen;055218;"[""0552180005837""]";6;147;NULL;47.0;2023-11-17 09:51:39+01;01.01.2025;Landrat des Kreises Warendorf;Amt für Geoinformation und Kataster;NULL;NULL;NULL;NULL;NULL;NULL;NULL;NULL;NULL;NULL;NULL;NULL;NULL;NULL;46;0.46;47;"[{""m2"": 47, ""emz"": null, ""katasterklassifikation"": ""Wohnbaufläche""}]";"[{""anl"": """", ""bko"": """", ""brw"": 210, ""dat"": ""0001-01-01 BC"", ""gsm"": false, ""kor"": false, ""soa"": false, ""wrt"": false, ""zgr"": false, ""entw"": ""B"", ""gabe"": ""Der Gutachterausschuss für Grundstückswerte im Kreis Warendorf"", ""jahr"": ""2025"", ""nuta"": ""W"", ""stag"": ""2022-01-01"", ""farbe"": ""1"", ""anl_txt"": ""UNDEFINED"", ""flaeche"": 43.0877994992029, ""prozent"": 100.00, ""entw_txt"": ""Baureifes Land"", ""nuta_txt"": ""Wohnbaufläche"", ""farbe_txt"": ""Ein-/Zweigeschossig"", ""flaeche_amtl"": 47.0}]";43.0877994992029;NULL
353;DENW07AL0000biiL;05122000400052______;NULL;NULL;NULL;NULL;NULL;NULL;Brilon;Rixen;051220;"[""0511770000671""]";4;52;NULL;37.0;2023-12-20 16:42:14+01;01.01.2025;Landrat des Hochsauerlandkreises;Fachdienst 43, Liegenschaftskataster und Vermessung;37;7;NULL;NULL;NULL;NULL;NULL;NULL;NULL;37;7;NULL;NULL;NULL;28;0.28;37;NULL;"[{""anl"": """", ""bko"": """", ""brw"": 0.8, ""dat"": ""0001-01-01 BC"", ""gsm"": false, ""kor"": false, ""soa"": false, ""wrt"": false, ""zgr"": false, ""entw"": ""LF"", ""gabe"": ""Der Gutachterausschuss für Grundstückswerte im Hochsauerlandkreis"", ""jahr"": ""2025"", ""nuta"": ""F"", ""stag"": ""2022-01-01"", ""farbe"": ""4"", ""anl_txt"": ""UNDEFINED"", ""flaeche"": 37.0446750002277, ""prozent"": 100.00, ""entw_txt"": ""Fläche der Land- und Forstwirtschaft"", ""nuta_txt"": ""forstwirtschaftliche Fläche"", ""farbe_txt"": ""Forstwirtschaft"", ""flaeche_amtl"": 37.0}, {""anl"": """", ""bko"": """", ""brw"": 2.5, ""dat"": ""0001-01-01 BC"", ""gsm"": false, ""kor"": false, ""soa"": false, ""wrt"": false, ""zgr"": false, ""entw"": ""LF"", ""gabe"": ""Der Gutachterausschuss für Grundstückswerte im Hochsauerlandkreis"", ""jahr"": ""2025"", ""nuta"": ""GR"", ""stag"": ""2022-01-01"", ""farbe"": ""5"", ""anl_txt"": ""UNDEFINED"", ""flaeche"": 37.0446750002277, ""prozent"": 100.00, ""entw_txt"": ""Fläche der Land- und Forstwirtschaft"", ""nuta_txt"": ""Grünland"", ""farbe_txt"": ""Landwirtschaft"", ""flaeche_amtl"": 37.0}, {""anl"": """", ""bko"": """", ""brw"": 18, ""dat"": ""0001-01-01 BC"", ""gsm"": false, ""kor"": false, ""soa"": false, ""wrt"": false, ""zgr"": false, ""entw"": ""B"", ""gabe"": ""Der Gutachterausschuss für Grundstückswerte im Hochsauerlandkreis"", ""jahr"": ""2025"", ""nuta"": ""W"", ""stag"": ""2022-01-01"", ""farbe"": ""6"", ""anl_txt"": ""UNDEFINED"", ""flaeche"": 37.0446750002277, ""prozent"": 100.00, ""entw_txt"": ""Baureifes Land"", ""nuta_txt"": ""Wohnbaufläche"", ""farbe_txt"": ""Außenbereich"", ""flaeche_amtl"": 37.0}, {""anl"": """", ""bko"": """", ""brw"": 3.7, ""dat"": ""0001-01-01 BC"", ""gsm"": false, ""kor"": false, ""soa"": false, ""wrt"": false, ""zgr"": false, ""entw"": ""LF"", ""gabe"": ""Der Gutachterausschuss für Grundstückswerte im Hochsauerlandkreis"", ""jahr"": ""2025"", ""nuta"": ""A"", ""stag"": ""2022-01-01"", ""farbe"": ""5"", ""anl_txt"": ""UNDEFINED"", ""flaeche"": 37.0446750002277, ""prozent"": 100.00, ""entw_txt"": ""Fläche der Land- und Forstwirtschaft"", ""nuta_txt"": ""Acker"", ""farbe_txt"": ""Landwirtschaft"", ""flaeche_amtl"": 37.0}]";37.0446750002277;NULL
354;DENW54AL00008C5X;05506101200127______;NULL;NULL;NULL;NULL;NULL;NULL;Ennigerloh;Ostenfelde;055061;"[""0550610002063""]";12;127;NULL;113106.0;2023-11-17 09:51:39+01;01.01.2025;Landrat des Kreises Warendorf;Amt für Geoinformation und Kataster;108823;58732;0;NULL;NULL;NULL;NULL;NULL;NULL;108823;58732;1198;NULL;1198;45;0.45;113106;"[{""m2"": 1119, ""emz"": null, ""katasterklassifikation"": ""Gewässerbegleitfläche""}, {""m2"": 1505, ""emz"": null, ""katasterklassifikation"": ""Weg""}, {""m2"": 460, ""emz"": null, ""katasterklassifikation"": ""Bach""}]";"[{""anl"": """", ""bko"": """", ""brw"": 50, ""dat"": ""0001-01-01 BC"", ""gsm"": false, ""kor"": false, ""soa"": false, ""wrt"": false, ""zgr"": false, ""entw"": ""B"", ""gabe"": ""Der Gutachterausschuss für Grundstückswerte im Kreis Warendorf"", ""jahr"": ""2025"", ""nuta"": ""W"", ""stag"": ""2022-01-01"", ""farbe"": ""6"", ""anl_txt"": ""UNDEFINED"", ""flaeche"": 113631.459615019, ""prozent"": 100.00, ""entw_txt"": ""Baureifes Land"", ""nuta_txt"": ""Wohnbaufläche"", ""farbe_txt"": ""Außenbereich"", ""flaeche_amtl"": 113106.0}, {""anl"": """", ""bko"": """", ""brw"": 18, ""dat"": ""0001-01-01 BC"", ""gsm"": false, ""kor"": false, ""soa"": false, ""wrt"": false, ""zgr"": false, ""entw"": ""B"", ""gabe"": ""Der Gutachterausschuss für Grundstückswerte im Kreis Warendorf"", ""jahr"": ""2025"", ""nuta"": ""G"", ""stag"": ""2022-01-01"", ""farbe"": ""6"", ""anl_txt"": ""UNDEFINED"", ""flaeche"": 113631.459615019, ""prozent"": 100.00, ""entw_txt"": ""Baureifes Land"", ""nuta_txt"": ""gewerbliche Baufläche"", ""farbe_txt"": ""Außenbereich"", ""flaeche_amtl"": 113106.0}, {""anl"": """", ""bko"": """", ""brw"": 0.6, ""dat"": ""0001-01-01 BC"", ""gsm"": false, ""kor"": false, ""soa"": false, ""wrt"": false, ""zgr"": false, ""entw"": ""LF"", ""gabe"": ""Der Gutachterausschuss für Grundstückswerte im Kreis Warendorf"", ""jahr"": ""2025"", ""nuta"": ""F"", ""stag"": ""2022-01-01"", ""farbe"": ""4"", ""anl_txt"": ""UNDEFINED"", ""flaeche"": 113631.459615019, ""prozent"": 100.00, ""entw_txt"": ""Fläche der Land- und Forstwirtschaft"", ""nuta_txt"": ""forstwirtschaftliche Fläche"", ""farbe_txt"": ""Forstwirtschaft"", ""flaeche_amtl"": 113106.0}, {""anl"": """", ""bko"": """", ""brw"": 11, ""dat"": ""0001-01-01 BC"", ""gsm"": false, ""kor"": false, ""soa"": false, ""wrt"": false, ""zgr"": false, ""entw"": ""LF"", ""gabe"": ""Der Gutachterausschuss für Grundstückswerte im Kreis Warendorf"", ""jahr"": ""2025"", ""nuta"": ""A"", ""stag"": ""2022-01-01"", ""farbe"": ""5"", ""anl_txt"": ""UNDEFINED"", ""flaeche"": 113631.459615019, ""prozent"": 100.00, ""entw_txt"": ""Fläche der Land- und Forstwirtschaft"", ""nuta_txt"": ""Acker"", ""farbe_txt"": ""Landwirtschaft"", ""flaeche_amtl"": 113106.0}, {""anl"": """", ""bko"": """", ""brw"": 8.8, ""dat"": ""0001-01-01 BC"", ""gsm"": false, ""kor"": false, ""soa"": false, ""wrt"": false, ""zgr"": false, ""entw"": ""LF"", ""gabe"": ""Der Gutachterausschuss für Grundstückswerte im Kreis Warendorf"", ""jahr"": ""2025"", ""nuta"": ""GR"", ""stag"": ""2022-01-01"", ""farbe"": ""5"", ""anl_txt"": ""UNDEFINED"", ""flaeche"": 113631.459615019, ""prozent"": 100.00, ""entw_txt"": ""Fläche der Land- und Forstwirtschaft"", ""nuta_txt"": ""Grünland"", ""farbe_txt"": ""Landwirtschaft"", ""flaeche_amtl"": 113106.0}]";113631.459615019;NULL
355;DENW54AL00008CpR;05506101800411______;NULL;NULL;NULL;NULL;NULL;NULL;Ennigerloh;Ostenfelde;055061;"[""0550610000543""]";18;411;NULL;763.0;2023-11-17 09:51:39+01;01.01.2025;Landrat des Kreises Warendorf;Amt für Geoinformation und Kataster;NULL;NULL;NULL;NULL;NULL;NULL;NULL;NULL;NULL;NULL;NULL;NULL;NULL;NULL;45;0.45;763;"[{""m2"": 763, ""emz"": null, ""katasterklassifikation"": ""Wohnbaufläche""}]";"[{""anl"": """", ""bko"": """", ""brw"": 105, ""dat"": ""0001-01-01 BC"", ""gsm"": false, ""kor"": false, ""soa"": false, ""wrt"": false, ""zgr"": false, ""entw"": ""B"", ""gabe"": ""Der Gutachterausschuss für Grundstückswerte im Kreis Warendorf"", ""jahr"": ""2025"", ""nuta"": ""W"", ""stag"": ""2022-01-01"", ""farbe"": ""1"", ""anl_txt"": ""UNDEFINED"", ""flaeche"": 762.942172001388, ""prozent"": 100.00, ""entw_txt"": ""Baureifes Land"", ""nuta_txt"": ""Wohnbaufläche"", ""farbe_txt"": ""Ein-/Zweigeschossig"", ""flaeche_amtl"": 763.0}]";762.942172001388;NULL
356;DENW34AL0000eJWU;05334100200218______;NULL;NULL;NULL;NULL;NULL;NULL;Kamp-Lintfort;Saalhoff;053341;"[""0533410000401""]";2;218;NULL;11288.0;2023-12-01 08:04:56+01;01.01.2025;Landrat des Kreises Wesel;Vermessungs- und Katasteramt;NULL;NULL;NULL;NULL;NULL;NULL;NULL;NULL;NULL;NULL;NULL;NULL;NULL;NULL;52;0.52;11288;"[{""m2"": 7484, ""emz"": null, ""katasterklassifikation"": ""Weg""}, {""m2"": 3804, ""emz"": null, ""katasterklassifikation"": ""Weg""}]";"[{""anl"": """", ""bko"": """", ""brw"": 10, ""dat"": ""0001-01-01 BC"", ""gsm"": false, ""kor"": false, ""soa"": false, ""wrt"": false, ""zgr"": false, ""entw"": ""LF"", ""gabe"": ""Der Gutachterausschuss für Grundstückswerte im Kreis Wesel"", ""jahr"": ""2025"", ""nuta"": ""L"", ""stag"": ""2022-01-01"", ""farbe"": ""5"", ""anl_txt"": ""UNDEFINED"", ""flaeche"": 12608.0324255881, ""prozent"": 100.00, ""entw_txt"": ""Fläche der Land- und Forstwirtschaft"", ""nuta_txt"": ""landwirtschaftliche Fläche"", ""farbe_txt"": ""Landwirtschaft"", ""flaeche_amtl"": 11288.0}, {""anl"": """", ""bko"": """", ""brw"": 1.1, ""dat"": ""0001-01-01 BC"", ""gsm"": false, ""kor"": false, ""soa"": false, ""wrt"": false, ""zgr"": false, ""entw"": ""LF"", ""gabe"": ""Der Gutachterausschuss für Grundstückswerte im Kreis Wesel"", ""jahr"": ""2025"", ""nuta"": ""F"", ""stag"": ""2022-01-01"", ""farbe"": ""4"", ""anl_txt"": ""UNDEFINED"", ""flaeche"": 12608.0324255881, ""prozent"": 100.00, ""entw_txt"": ""Fläche der Land- und Forstwirtschaft"", ""nuta_txt"": ""forstwirtschaftliche Fläche"", ""farbe_txt"": ""Forstwirtschaft"", ""flaeche_amtl"": 11288.0}, {""anl"": """", ""bko"": """", ""brw"": 120, ""dat"": ""0001-01-01 BC"", ""gsm"": false, ""kor"": false, ""soa"": false, ""wrt"": false, ""zgr"": false, ""entw"": ""B"", ""gabe"": ""Der Gutachterausschuss für Grundstückswerte im Kreis Wesel"", ""jahr"": ""2025"", ""nuta"": ""W"", ""stag"": ""2022-01-01"", ""farbe"": ""6"", ""anl_txt"": ""UNDEFINED"", ""flaeche"": 12608.0324255881, ""prozent"": 100.00, ""entw_txt"": ""Baureifes Land"", ""nuta_txt"": ""Wohnbaufläche"", ""farbe_txt"": ""Außenbereich"", ""flaeche_amtl"": 11288.0}]";12608.0324255881;NULL
357;DENW14AL0000bIhI;05251902400005______;NULL;NULL;NULL;NULL;NULL;NULL;Herzebrock-Clarholz;Herzebrock;052519;"[""0592110090083""]";24;5;NULL;105.0;2023-10-31 08:47:22+01;01.01.2025;Landrat des Kreises Gütersloh;Geoinformation, Kataster und Vermessung;NULL;NULL;NULL;NULL;NULL;NULL;NULL;NULL;NULL;NULL;NULL;9;NULL;9;33;0.33;105;"[{""m2"": 65, ""emz"": null, ""katasterklassifikation"": ""Gewässerbegleitfläche""}, {""m2"": 10, ""emz"": null, ""katasterklassifikation"": ""Weg""}, {""m2"": 21, ""emz"": null, ""katasterklassifikation"": ""Graben""}]";"[{""anl"": """", ""bko"": """", ""brw"": 80, ""dat"": ""0001-01-01 BC"", ""gsm"": false, ""kor"": false, ""soa"": false, ""wrt"": false, ""zgr"": false, ""entw"": ""B"", ""gabe"": ""Der Gutachterausschuss für Grundstückswerte im Kreis Gütersloh und in der Stadt Gütersloh"", ""jahr"": ""2025"", ""nuta"": ""GB"", ""stag"": ""2022-01-01"", ""farbe"": ""7"", ""anl_txt"": ""UNDEFINED"", ""flaeche"": 52.7646882209274, ""prozent"": 50.05275298184366107000, ""entw_txt"": ""Baureifes Land"", ""nuta_txt"": ""Baufläche für Gemeinbedarf"", ""farbe_txt"": ""Sonstige Fläche"", ""flaeche_amtl"": 52.555390630935844123500}, {""anl"": """", ""bko"": """", ""brw"": 95, ""dat"": ""0001-01-01 BC"", ""gsm"": false, ""kor"": false, ""soa"": false, ""wrt"": false, ""zgr"": false, ""entw"": ""B"", ""gabe"": ""Der Gutachterausschuss für Grundstückswerte im Kreis Gütersloh und in der Stadt Gütersloh"", ""jahr"": ""2025"", ""nuta"": ""W"", ""stag"": ""2022-01-01"", ""farbe"": ""6"", ""anl_txt"": ""UNDEFINED"", ""flaeche"": 52.6534657823622, ""prozent"": 49.94724701883610799500, ""entw_txt"": ""Baureifes Land"", ""nuta_txt"": ""Wohnbaufläche"", ""farbe_txt"": ""Außenbereich"", ""flaeche_amtl"": 52.444609369777913394750}, {""anl"": """", ""bko"": """", ""brw"": 23, ""dat"": ""0001-01-01 BC"", ""gsm"": false, ""kor"": false, ""soa"": false, ""wrt"": false, ""zgr"": false, ""entw"": ""B"", ""gabe"": ""Der Gutachterausschuss für Grundstückswerte im Kreis Gütersloh und in der Stadt Gütersloh"", ""jahr"": ""2025"", ""nuta"": ""G"", ""stag"": ""2022-01-01"", ""farbe"": ""6"", ""anl_txt"": ""UNDEFINED"", ""flaeche"": 52.6534657823622, ""prozent"": 49.94724701883610799500, ""entw_txt"": ""Baureifes Land"", ""nuta_txt"": ""gewerbliche Baufläche"", ""farbe_txt"": ""Außenbereich"", ""flaeche_amtl"": 52.444609369777913394750}, {""anl"": """", ""bko"": """", ""brw"": 5, ""dat"": ""0001-01-01 BC"", ""gsm"": false, ""kor"": false, ""soa"": false, ""wrt"": false, ""zgr"": false, ""entw"": ""LF"", ""gabe"": ""Der Gutachterausschuss für Grundstückswerte im Kreis Gütersloh und in der Stadt Gütersloh"", ""jahr"": ""2025"", ""nuta"": ""GR"", ""stag"": ""2022-01-01"", ""farbe"": ""5"", ""anl_txt"": ""UNDEFINED"", ""flaeche"": 52.6534657823622, ""prozent"": 49.94724701883610799500, ""entw_txt"": ""Fläche der Land- und Forstwirtschaft"", ""nuta_txt"": ""Grünland"", ""farbe_txt"": ""Landwirtschaft"", ""flaeche_amtl"": 52.444609369777913394750}, {""anl"": """", ""bko"": """", ""brw"": 9, ""dat"": ""0001-01-01 BC"", ""gsm"": false, ""kor"": false, ""soa"": false, ""wrt"": false, ""zgr"": false, ""entw"": ""LF"", ""gabe"": ""Der Gutachterausschuss für Grundstückswerte im Kreis Gütersloh und in der Stadt Gütersloh"", ""jahr"": ""2025"", ""nuta"": ""A"", ""stag"": ""2022-01-01"", ""farbe"": ""5"", ""anl_txt"": ""UNDEFINED"", ""flaeche"": 52.6534657823622, ""prozent"": 49.94724701883610799500, ""entw_txt"": ""Fläche der Land- und Forstwirtschaft"", ""nuta_txt"": ""Acker"", ""farbe_txt"": ""Landwirtschaft"", ""flaeche_amtl"": 52.444609369777913394750}, {""anl"": """", ""bko"": """", ""brw"": 1, ""dat"": ""0001-01-01 BC"", ""gsm"": false, ""kor"": false, ""soa"": false, ""wrt"": false, ""zgr"": false, ""entw"": ""LF"", ""gabe"": ""Der Gutachterausschuss für Grundstückswerte im Kreis Gütersloh und in der Stadt Gütersloh"", ""jahr"": ""2025"", ""nuta"": ""F"", ""stag"": ""2022-01-01"", ""farbe"": ""4"", ""anl_txt"": ""UNDEFINED"", ""flaeche"": 52.6534657823622, ""prozent"": 49.94724701883610799500, ""entw_txt"": ""Fläche der Land- und Forstwirtschaft"", ""nuta_txt"": ""forstwirtschaftliche Fläche"", ""farbe_txt"": ""Forstwirtschaft"", ""flaeche_amtl"": 52.444609369777913394750}]";105.418154002573;NULL
358;DENW14AL0000T0sh;05253600800193______;NULL;NULL;NULL;NULL;NULL;NULL;Rheda-Wiedenbrück;Nordrheda-Ems;052536;"[""0592010016317""]";8;193;NULL;24132.0;2023-10-31 08:47:22+01;01.01.2025;Landrat des Kreises Gütersloh;Geoinformation, Kataster und Vermessung;NULL;NULL;NULL;NULL;NULL;NULL;NULL;NULL;NULL;NULL;NULL;NULL;NULL;NULL;34;0.34;24132;"[{""m2"": 12568, ""emz"": null, ""katasterklassifikation"": ""Verkehrsbegleitfläche Straße""}, {""m2"": 3090, ""emz"": null, ""katasterklassifikation"": ""Weg""}, {""m2"": 8476, ""emz"": null, ""katasterklassifikation"": ""Straßenverkehr""}]";"[{""anl"": """", ""bko"": """", ""brw"": 5, ""dat"": ""0001-01-01 BC"", ""gsm"": false, ""kor"": false, ""soa"": false, ""wrt"": false, ""zgr"": false, ""entw"": ""LF"", ""gabe"": ""Der Gutachterausschuss für Grundstückswerte im Kreis Gütersloh und in der Stadt Gütersloh"", ""jahr"": ""2025"", ""nuta"": ""GR"", ""stag"": ""2022-01-01"", ""farbe"": ""5"", ""anl_txt"": ""UNDEFINED"", ""flaeche"": 21882.4072897357, ""prozent"": 90.75852349253363432100, ""entw_txt"": ""Fläche der Land- und Forstwirtschaft"", ""nuta_txt"": ""Grünland"", ""farbe_txt"": ""Landwirtschaft"", ""flaeche_amtl"": 21901.846889218216634343720}, {""anl"": """", ""bko"": """", ""brw"": 9, ""dat"": ""0001-01-01 BC"", ""gsm"": false, ""kor"": false, ""soa"": false, ""wrt"": false, ""zgr"": false, ""entw"": ""LF"", ""gabe"": ""Der Gutachterausschuss für Grundstückswerte im Kreis Gütersloh und in der Stadt Gütersloh"", ""jahr"": ""2025"", ""nuta"": ""A"", ""stag"": ""2022-01-01"", ""farbe"": ""5"", ""anl_txt"": ""UNDEFINED"", ""flaeche"": 21882.4072897357, ""prozent"": 90.75852349253363432100, ""entw_txt"": ""Fläche der Land- und Forstwirtschaft"", ""nuta_txt"": ""Acker"", ""farbe_txt"": ""Landwirtschaft"", ""flaeche_amtl"": 21901.846889218216634343720}, {""anl"": """", ""bko"": """", ""brw"": 1, ""dat"": ""0001-01-01 BC"", ""gsm"": false, ""kor"": false, ""soa"": false, ""wrt"": false, ""zgr"": false, ""entw"": ""LF"", ""gabe"": ""Der Gutachterausschuss für Grundstückswerte im Kreis Gütersloh und in der Stadt Gütersloh"", ""jahr"": ""2025"", ""nuta"": ""F"", ""stag"": ""2022-01-01"", ""farbe"": ""4"", ""anl_txt"": ""UNDEFINED"", ""flaeche"": 21882.4072897357, ""prozent"": 90.75852349253363432100, ""entw_txt"": ""Fläche der Land- und Forstwirtschaft"", ""nuta_txt"": ""forstwirtschaftliche Fläche"", ""farbe_txt"": ""Forstwirtschaft"", ""flaeche_amtl"": 21901.846889218216634343720}, {""anl"": """", ""bko"": """", ""brw"": 160, ""dat"": ""0001-01-01 BC"", ""gsm"": false, ""kor"": false, ""soa"": false, ""wrt"": false, ""zgr"": false, ""entw"": ""B"", ""gabe"": ""Der Gutachterausschuss für Grundstückswerte im Kreis Gütersloh und in der Stadt Gütersloh"", ""jahr"": ""2025"", ""nuta"": ""W"", ""stag"": ""2022-01-01"", ""farbe"": ""6"", ""anl_txt"": ""UNDEFINED"", ""flaeche"": 21882.4072897357, ""prozent"": 90.75852349253363432100, ""entw_txt"": ""Baureifes Land"", ""nuta_txt"": ""Wohnbaufläche"", ""farbe_txt"": ""Außenbereich"", ""flaeche_amtl"": 21901.846889218216634343720}, {""anl"": """", ""bko"": """", ""brw"": 30, ""dat"": ""0001-01-01 BC"", ""gsm"": false, ""kor"": false, ""soa"": false, ""wrt"": false, ""zgr"": false, ""entw"": ""B"", ""gabe"": ""Der Gutachterausschuss für Grundstückswerte im Kreis Gütersloh und in der Stadt Gütersloh"", ""jahr"": ""2025"", ""nuta"": ""G"", ""stag"": ""2022-01-01"", ""farbe"": ""6"", ""anl_txt"": ""UNDEFINED"", ""flaeche"": 21882.4072897357, ""prozent"": 90.75852349253363432100, ""entw_txt"": ""Baureifes Land"", ""nuta_txt"": ""gewerbliche Baufläche"", ""farbe_txt"": ""Außenbereich"", ""flaeche_amtl"": 21901.846889218216634343720}, {""anl"": """", ""bko"": """", ""brw"": 55, ""dat"": ""0001-01-01 BC"", ""gsm"": false, ""kor"": false, ""soa"": false, ""wrt"": false, ""zgr"": false, ""entw"": ""B"", ""gabe"": ""Der Gutachterausschuss für Grundstückswerte im Kreis Gütersloh und in der Stadt Gütersloh"", ""jahr"": ""2025"", ""nuta"": ""GE"", ""stag"": ""2022-01-01"", ""farbe"": ""3"", ""anl_txt"": ""UNDEFINED"", ""flaeche"": 2228.17367573771, ""prozent"": 9.24147650746557764400, ""entw_txt"": ""Baureifes Land"", ""nuta_txt"": ""Gewerbegebiet"", ""farbe_txt"": ""Gewerbe/Industrie/Sondergebiete"", ""flaeche_amtl"": 2230.153110781593197050080}]";24110.5809654736;NULL
359;DENW54AL0000mtui;05521800400450______;NULL;NULL;NULL;NULL;NULL;NULL;Ahlen;Ahlen;055218;"[""0552180008387""]";4;450;NULL;3.0;2023-11-17 09:51:39+01;01.01.2025;Landrat des Kreises Warendorf;Amt für Geoinformation und Kataster;NULL;NULL;NULL;NULL;NULL;NULL;NULL;NULL;NULL;NULL;NULL;NULL;NULL;NULL;46;0.46;3;"[{""m2"": 3, ""emz"": null, ""katasterklassifikation"": ""Wohnbaufläche""}]";"[{""anl"": """", ""bko"": """", ""brw"": 170, ""dat"": ""0001-01-01 BC"", ""gsm"": false, ""kor"": false, ""soa"": false, ""wrt"": false, ""zgr"": false, ""entw"": ""B"", ""gabe"": ""Der Gutachterausschuss für Grundstückswerte im Kreis Warendorf"", ""jahr"": ""2025"", ""nuta"": ""W"", ""stag"": ""2022-01-01"", ""farbe"": ""1"", ""anl_txt"": ""UNDEFINED"", ""flaeche"": 4.05319100144924, ""prozent"": 100.00, ""entw_txt"": ""Baureifes Land"", ""nuta_txt"": ""Wohnbaufläche"", ""farbe_txt"": ""Ein-/Zweigeschossig"", ""flaeche_amtl"": 3.0}]";4.05319100144924;NULL
360;DENW54AL0000mu2O;05521801000532______;NULL;NULL;NULL;NULL;NULL;NULL;Ahlen;Ahlen;055218;"[""0552180007614""]";10;532;NULL;16.0;2023-11-17 09:51:39+01;01.01.2025;Landrat des Kreises Warendorf;Amt für Geoinformation und Kataster;NULL;NULL;NULL;NULL;NULL;NULL;NULL;NULL;NULL;NULL;NULL;NULL;NULL;NULL;46;0.46;16;"[{""m2"": 16, ""emz"": null, ""katasterklassifikation"": ""Fläche besonderer funktionaler Prägung""}]";"[{""anl"": """", ""bko"": """", ""brw"": 210, ""dat"": ""0001-01-01 BC"", ""gsm"": false, ""kor"": false, ""soa"": false, ""wrt"": false, ""zgr"": false, ""entw"": ""B"", ""gabe"": ""Der Gutachterausschuss für Grundstückswerte im Kreis Warendorf"", ""jahr"": ""2025"", ""nuta"": ""W"", ""stag"": ""2022-01-01"", ""farbe"": ""1"", ""anl_txt"": ""UNDEFINED"", ""flaeche"": 15.7644989999795, ""prozent"": 100.00, ""entw_txt"": ""Baureifes Land"", ""nuta_txt"": ""Wohnbaufläche"", ""farbe_txt"": ""Ein-/Zweigeschossig"", ""flaeche_amtl"": 16.0}]";15.7644989999795;NULL
361;DENW54AL0000muJx;05521801900366______;NULL;NULL;NULL;NULL;NULL;NULL;Ahlen;Ahlen;055218;"[""0552180016654""]";19;366;NULL;11.0;2023-11-17 09:51:39+01;01.01.2025;Landrat des Kreises Warendorf;Amt für Geoinformation und Kataster;NULL;NULL;NULL;NULL;NULL;NULL;NULL;NULL;NULL;NULL;NULL;NULL;NULL;NULL;46;0.46;11;"[{""m2"": 11, ""emz"": null, ""katasterklassifikation"": ""Wohnbaufläche""}]";"[{""anl"": """", ""bko"": """", ""brw"": 80, ""dat"": ""0001-01-01 BC"", ""gsm"": false, ""kor"": false, ""soa"": false, ""wrt"": false, ""zgr"": false, ""entw"": ""B"", ""gabe"": ""Der Gutachterausschuss für Grundstückswerte im Kreis Warendorf"", ""jahr"": ""2025"", ""nuta"": ""W"", ""stag"": ""2022-01-01"", ""farbe"": ""1"", ""anl_txt"": ""UNDEFINED"", ""flaeche"": 10.6418544939631, ""prozent"": 100.00, ""entw_txt"": ""Baureifes Land"", ""nuta_txt"": ""Wohnbaufläche"", ""farbe_txt"": ""Ein-/Zweigeschossig"", ""flaeche_amtl"": 11.0}]";10.6418544939631;NULL
362;DENW54AL0000muRZ;05521802000441______;NULL;NULL;NULL;NULL;NULL;NULL;Ahlen;Ahlen;055218;"[""0552180009260""]";20;441;NULL;56.0;2023-11-17 09:51:39+01;01.01.2025;Landrat des Kreises Warendorf;Amt für Geoinformation und Kataster;NULL;NULL;NULL;NULL;NULL;NULL;NULL;NULL;NULL;NULL;NULL;NULL;NULL;NULL;46;0.46;56;"[{""m2"": 56, ""emz"": null, ""katasterklassifikation"": ""Industrie und Gewerbe""}]";"[{""anl"": """", ""bko"": """", ""brw"": 25, ""dat"": ""0001-01-01 BC"", ""gsm"": false, ""kor"": false, ""soa"": false, ""wrt"": false, ""zgr"": false, ""entw"": ""B"", ""gabe"": ""Der Gutachterausschuss für Grundstückswerte im Kreis Warendorf"", ""jahr"": ""2025"", ""nuta"": ""GE"", ""stag"": ""2022-01-01"", ""farbe"": ""3"", ""anl_txt"": ""UNDEFINED"", ""flaeche"": 50.5038554997869, ""prozent"": 100.00, ""entw_txt"": ""Baureifes Land"", ""nuta_txt"": ""Gewerbegebiet"", ""farbe_txt"": ""Gewerbe/Industrie/Sondergebiete"", ""flaeche_amtl"": 56.0}]";50.5038554997869;NULL
363;DENW14AL0000fk6i;05252902700051______;NULL;NULL;NULL;NULL;NULL;NULL;Rheda-Wiedenbrück;Lintel;052529;"[""0592010020068""]";27;51;NULL;132748.0;2023-11-06 11:40:54+01;01.01.2025;Landrat des Kreises Gütersloh;Geoinformation, Kataster und Vermessung;12084;2176;NULL;NULL;NULL;NULL;NULL;NULL;NULL;12084;2176;118411;NULL;118411;28;0.28;132748;"[{""m2"": 756, ""emz"": null, ""katasterklassifikation"": ""Weg""}, {""m2"": 1, ""emz"": null, ""katasterklassifikation"": ""Graben""}, {""m2"": 1483, ""emz"": null, ""katasterklassifikation"": ""Weg""}, {""m2"": 12, ""emz"": null, ""katasterklassifikation"": ""Gewässerbegleitfläche""}]";"[{""anl"": """", ""bko"": """", ""brw"": 5, ""dat"": ""0001-01-01 BC"", ""gsm"": false, ""kor"": false, ""soa"": false, ""wrt"": false, ""zgr"": false, ""entw"": ""LF"", ""gabe"": ""Der Gutachterausschuss für Grundstückswerte im Kreis Gütersloh und in der Stadt Gütersloh"", ""jahr"": ""2025"", ""nuta"": ""GR"", ""stag"": ""2022-01-01"", ""farbe"": ""5"", ""anl_txt"": ""UNDEFINED"", ""flaeche"": 132640.964905446, ""prozent"": 100.00, ""entw_txt"": ""Fläche der Land- und Forstwirtschaft"", ""nuta_txt"": ""Grünland"", ""farbe_txt"": ""Landwirtschaft"", ""flaeche_amtl"": 132748.0}, {""anl"": """", ""bko"": """", ""brw"": 9, ""dat"": ""0001-01-01 BC"", ""gsm"": false, ""kor"": false, ""soa"": false, ""wrt"": false, ""zgr"": false, ""entw"": ""LF"", ""gabe"": ""Der Gutachterausschuss für Grundstückswerte im Kreis Gütersloh und in der Stadt Gütersloh"", ""jahr"": ""2025"", ""nuta"": ""A"", ""stag"": ""2022-01-01"", ""farbe"": ""5"", ""anl_txt"": ""UNDEFINED"", ""flaeche"": 132640.964905446, ""prozent"": 100.00, ""entw_txt"": ""Fläche der Land- und Forstwirtschaft"", ""nuta_txt"": ""Acker"", ""farbe_txt"": ""Landwirtschaft"", ""flaeche_amtl"": 132748.0}, {""anl"": """", ""bko"": """", ""brw"": 1, ""dat"": ""0001-01-01 BC"", ""gsm"": false, ""kor"": false, ""soa"": false, ""wrt"": false, ""zgr"": false, ""entw"": ""LF"", ""gabe"": ""Der Gutachterausschuss für Grundstückswerte im Kreis Gütersloh und in der Stadt Gütersloh"", ""jahr"": ""2025"", ""nuta"": ""F"", ""stag"": ""2022-01-01"", ""farbe"": ""4"", ""anl_txt"": ""UNDEFINED"", ""flaeche"": 132640.964905446, ""prozent"": 100.00, ""entw_txt"": ""Fläche der Land- und Forstwirtschaft"", ""nuta_txt"": ""forstwirtschaftliche Fläche"", ""farbe_txt"": ""Forstwirtschaft"", ""flaeche_amtl"": 132748.0}, {""anl"": """", ""bko"": """", ""brw"": 30, ""dat"": ""0001-01-01 BC"", ""gsm"": false, ""kor"": false, ""soa"": false, ""wrt"": false, ""zgr"": false, ""entw"": ""B"", ""gabe"": ""Der Gutachterausschuss für Grundstückswerte im Kreis Gütersloh und in der Stadt Gütersloh"", ""jahr"": ""2025"", ""nuta"": ""G"", ""stag"": ""2022-01-01"", ""farbe"": ""6"", ""anl_txt"": ""UNDEFINED"", ""flaeche"": 132640.964905446, ""prozent"": 100.00, ""entw_txt"": ""Baureifes Land"", ""nuta_txt"": ""gewerbliche Baufläche"", ""farbe_txt"": ""Außenbereich"", ""flaeche_amtl"": 132748.0}, {""anl"": """", ""bko"": """", ""brw"": 160, ""dat"": ""0001-01-01 BC"", ""gsm"": false, ""kor"": false, ""soa"": false, ""wrt"": false, ""zgr"": false, ""entw"": ""B"", ""gabe"": ""Der Gutachterausschuss für Grundstückswerte im Kreis Gütersloh und in der Stadt Gütersloh"", ""jahr"": ""2025"", ""nuta"": ""W"", ""stag"": ""2022-01-01"", ""farbe"": ""6"", ""anl_txt"": ""UNDEFINED"", ""flaeche"": 132640.964905446, ""prozent"": 100.00, ""entw_txt"": ""Baureifes Land"", ""nuta_txt"": ""Wohnbaufläche"", ""farbe_txt"": ""Außenbereich"", ""flaeche_amtl"": 132748.0}]";132640.964905446;NULL
364;DENW08AL0000Ow29;05101003000443______;NULL;NULL;NULL;NULL;NULL;NULL;Lüdenscheid;Lüdenscheid-Land;051010;"[""051010003897A""]";30;443;NULL;451.0;2023-12-04 12:27:22+01;01.01.2025;Landrat des Märkischen Kreises;Fachdienst 62 - Kataster und Geomanagement;NULL;NULL;NULL;NULL;NULL;NULL;NULL;NULL;NULL;NULL;NULL;NULL;NULL;NULL;29;0.29;451;"[{""m2"": 451, ""emz"": null, ""katasterklassifikation"": ""Wohnbaufläche""}]";"[{""anl"": """", ""bko"": """", ""brw"": 1.4, ""dat"": ""0001-01-01 BC"", ""gsm"": false, ""kor"": false, ""soa"": false, ""wrt"": false, ""zgr"": false, ""entw"": ""LF"", ""gabe"": ""Der Gutachterausschuss für Grundstückswerte in der Stadt Lüdenscheid"", ""jahr"": ""2025"", ""nuta"": ""L"", ""stag"": ""2022-01-01"", ""farbe"": ""5"", ""anl_txt"": ""UNDEFINED"", ""flaeche"": 450.783483013274, ""prozent"": 100.00, ""entw_txt"": ""Fläche der Land- und Forstwirtschaft"", ""nuta_txt"": ""landwirtschaftliche Fläche"", ""farbe_txt"": ""Landwirtschaft"", ""flaeche_amtl"": 451.0}, {""anl"": """", ""bko"": """", ""brw"": 60, ""dat"": ""0001-01-01 BC"", ""gsm"": false, ""kor"": false, ""soa"": false, ""wrt"": false, ""zgr"": false, ""entw"": ""B"", ""gabe"": ""Der Gutachterausschuss für Grundstückswerte in der Stadt Lüdenscheid"", ""jahr"": ""2025"", ""nuta"": ""W"", ""stag"": ""2022-01-01"", ""farbe"": ""6"", ""anl_txt"": ""UNDEFINED"", ""flaeche"": 450.783483013274, ""prozent"": 100.00, ""entw_txt"": ""Baureifes Land"", ""nuta_txt"": ""Wohnbaufläche"", ""farbe_txt"": ""Außenbereich"", ""flaeche_amtl"": 451.0}, {""anl"": """", ""bko"": """", ""brw"": 0.5, ""dat"": ""0001-01-01 BC"", ""gsm"": false, ""kor"": false, ""soa"": false, ""wrt"": false, ""zgr"": false, ""entw"": ""LF"", ""gabe"": ""Der Gutachterausschuss für Grundstückswerte in der Stadt Lüdenscheid"", ""jahr"": ""2025"", ""nuta"": ""F"", ""stag"": ""2022-01-01"", ""farbe"": ""4"", ""anl_txt"": ""UNDEFINED"", ""flaeche"": 450.783483013274, ""prozent"": 100.00, ""entw_txt"": ""Fläche der Land- und Forstwirtschaft"", ""nuta_txt"": ""forstwirtschaftliche Fläche"", ""farbe_txt"": ""Forstwirtschaft"", ""flaeche_amtl"": 451.0}]";450.783483013274;NULL
365;DENW08AL0000Qu4h;05101104800082______;NULL;NULL;NULL;NULL;NULL;NULL;Lüdenscheid;Lüdenscheid-Stadt;051011;"[""0510110001048""]";48;82;NULL;1717.0;2023-12-04 12:27:22+01;01.01.2025;Landrat des Märkischen Kreises;Fachdienst 62 - Kataster und Geomanagement;NULL;NULL;NULL;NULL;NULL;NULL;NULL;NULL;NULL;NULL;NULL;NULL;NULL;NULL;29;0.29;1717;"[{""m2"": 1717, ""emz"": null, ""katasterklassifikation"": ""Straßenverkehr""}]";"[{""anl"": """", ""bko"": """", ""brw"": 60, ""dat"": ""0001-01-01 BC"", ""gsm"": false, ""kor"": false, ""soa"": false, ""wrt"": false, ""zgr"": false, ""entw"": ""B"", ""gabe"": ""Der Gutachterausschuss für Grundstückswerte in der Stadt Lüdenscheid"", ""jahr"": ""2025"", ""nuta"": ""W"", ""stag"": ""2022-01-01"", ""farbe"": ""6"", ""anl_txt"": ""UNDEFINED"", ""flaeche"": 1721.1247194943, ""prozent"": 100.00, ""entw_txt"": ""Baureifes Land"", ""nuta_txt"": ""Wohnbaufläche"", ""farbe_txt"": ""Außenbereich"", ""flaeche_amtl"": 1717.0}, {""anl"": """", ""bko"": """", ""brw"": 0.5, ""dat"": ""0001-01-01 BC"", ""gsm"": false, ""kor"": false, ""soa"": false, ""wrt"": false, ""zgr"": false, ""entw"": ""LF"", ""gabe"": ""Der Gutachterausschuss für Grundstückswerte in der Stadt Lüdenscheid"", ""jahr"": ""2025"", ""nuta"": ""F"", ""stag"": ""2022-01-01"", ""farbe"": ""4"", ""anl_txt"": ""UNDEFINED"", ""flaeche"": 1721.1247194943, ""prozent"": 100.00, ""entw_txt"": ""Fläche der Land- und Forstwirtschaft"", ""nuta_txt"": ""forstwirtschaftliche Fläche"", ""farbe_txt"": ""Forstwirtschaft"", ""flaeche_amtl"": 1717.0}, {""anl"": """", ""bko"": """", ""brw"": 1.4, ""dat"": ""0001-01-01 BC"", ""gsm"": false, ""kor"": false, ""soa"": false, ""wrt"": false, ""zgr"": false, ""entw"": ""LF"", ""gabe"": ""Der Gutachterausschuss für Grundstückswerte in der Stadt Lüdenscheid"", ""jahr"": ""2025"", ""nuta"": ""L"", ""stag"": ""2022-01-01"", ""farbe"": ""5"", ""anl_txt"": ""UNDEFINED"", ""flaeche"": 1721.1247194943, ""prozent"": 100.00, ""entw_txt"": ""Fläche der Land- und Forstwirtschaft"", ""nuta_txt"": ""landwirtschaftliche Fläche"", ""farbe_txt"": ""Landwirtschaft"", ""flaeche_amtl"": 1717.0}]";1721.1247194943;NULL
366;DENW08AL0001K7zN;05101004600296______;NULL;NULL;NULL;NULL;NULL;NULL;Lüdenscheid;Lüdenscheid-Land;051010;"[""0510100004208""]";46;296;NULL;100649.0;2023-12-04 12:27:22+01;01.01.2025;Landrat des Märkischen Kreises;Fachdienst 62 - Kataster und Geomanagement;12807;3467;NULL;NULL;NULL;NULL;NULL;NULL;NULL;12807;3467;85550;1943;87493;29;0.29;100649;"[{""m2"": 349, ""emz"": null, ""katasterklassifikation"": ""Weg""}]";"[{""anl"": """", ""bko"": """", ""brw"": 1.4, ""dat"": ""0001-01-01 BC"", ""gsm"": false, ""kor"": false, ""soa"": false, ""wrt"": false, ""zgr"": false, ""entw"": ""LF"", ""gabe"": ""Der Gutachterausschuss für Grundstückswerte in der Stadt Lüdenscheid"", ""jahr"": ""2025"", ""nuta"": ""L"", ""stag"": ""2022-01-01"", ""farbe"": ""5"", ""anl_txt"": ""UNDEFINED"", ""flaeche"": 101324.182958989, ""prozent"": 100.00, ""entw_txt"": ""Fläche der Land- und Forstwirtschaft"", ""nuta_txt"": ""landwirtschaftliche Fläche"", ""farbe_txt"": ""Landwirtschaft"", ""flaeche_amtl"": 100649.0}, {""anl"": """", ""bko"": """", ""brw"": 0.5, ""dat"": ""0001-01-01 BC"", ""gsm"": false, ""kor"": false, ""soa"": false, ""wrt"": false, ""zgr"": false, ""entw"": ""LF"", ""gabe"": ""Der Gutachterausschuss für Grundstückswerte in der Stadt Lüdenscheid"", ""jahr"": ""2025"", ""nuta"": ""F"", ""stag"": ""2022-01-01"", ""farbe"": ""4"", ""anl_txt"": ""UNDEFINED"", ""flaeche"": 101324.182958989, ""prozent"": 100.00, ""entw_txt"": ""Fläche der Land- und Forstwirtschaft"", ""nuta_txt"": ""forstwirtschaftliche Fläche"", ""farbe_txt"": ""Forstwirtschaft"", ""flaeche_amtl"": 100649.0}, {""anl"": """", ""bko"": """", ""brw"": 60, ""dat"": ""0001-01-01 BC"", ""gsm"": false, ""kor"": false, ""soa"": false, ""wrt"": false, ""zgr"": false, ""entw"": ""B"", ""gabe"": ""Der Gutachterausschuss für Grundstückswerte in der Stadt Lüdenscheid"", ""jahr"": ""2025"", ""nuta"": ""W"", ""stag"": ""2022-01-01"", ""farbe"": ""6"", ""anl_txt"": ""UNDEFINED"", ""flaeche"": 101324.182958989, ""prozent"": 100.00, ""entw_txt"": ""Baureifes Land"", ""nuta_txt"": ""Wohnbaufläche"", ""farbe_txt"": ""Außenbereich"", ""flaeche_amtl"": 100649.0}]";101324.182958989;NULL
367;DENW14AL0000wrQ0;05251604501513______;NULL;Eversgerdweg;13;NULL;33332;Gütersloh;Gütersloh;Gütersloh;052516;"[""0525160021222""]";45;1513;NULL;679.0;2023-10-31 08:47:22+01;01.01.2025;Landrat des Kreises Gütersloh;Geoinformation, Kataster und Vermessung;NULL;NULL;NULL;NULL;NULL;NULL;NULL;NULL;NULL;NULL;NULL;NULL;NULL;NULL;27;0.27;679;"[{""m2"": 679, ""emz"": null, ""katasterklassifikation"": ""Wohnbaufläche""}]";"[{""anl"": """", ""bko"": """", ""brw"": 430, ""dat"": ""0001-01-01 BC"", ""gsm"": false, ""kor"": false, ""soa"": false, ""wrt"": false, ""zgr"": false, ""entw"": ""B"", ""gabe"": ""Der Gutachterausschuss für Grundstückswerte im Kreis Gütersloh und in der Stadt Gütersloh"", ""jahr"": ""2025"", ""nuta"": ""W"", ""stag"": ""2022-01-01"", ""farbe"": ""1"", ""anl_txt"": ""UNDEFINED"", ""flaeche"": 679.057299998229, ""prozent"": 100.00, ""entw_txt"": ""Baureifes Land"", ""nuta_txt"": ""Wohnbaufläche"", ""farbe_txt"": ""Ein-/Zweigeschossig"", ""flaeche_amtl"": 679.0}]";679.057299998229;NULL
368;DENW34AL0001wDPm;05306305400233______;NULL;NULL;NULL;NULL;NULL;NULL;Dinslaken;Dinslaken;053063;"[""0530630003260"",""0530630010058""]";54;233;NULL;87.0;2023-12-01 08:04:56+01;01.01.2025;Landrat des Kreises Wesel;Vermessungs- und Katasteramt;NULL;NULL;NULL;NULL;NULL;NULL;NULL;NULL;NULL;NULL;NULL;NULL;NULL;NULL;44;0.44;87;"[{""m2"": 87, ""emz"": null, ""katasterklassifikation"": ""Soziales""}]";"[{""anl"": """", ""bko"": """", ""brw"": 300, ""dat"": ""0001-01-01 BC"", ""gsm"": false, ""kor"": false, ""soa"": false, ""wrt"": false, ""zgr"": false, ""entw"": ""B"", ""gabe"": ""Der Gutachterausschuss für Grundstückswerte in der Stadt Dinslaken"", ""jahr"": ""2025"", ""nuta"": ""W"", ""stag"": ""2022-01-01"", ""farbe"": ""1"", ""anl_txt"": ""UNDEFINED"", ""flaeche"": 87.0368699982996, ""prozent"": 100.00, ""entw_txt"": ""Baureifes Land"", ""nuta_txt"": ""Wohnbaufläche"", ""farbe_txt"": ""Ein-/Zweigeschossig"", ""flaeche_amtl"": 87.0}, {""anl"": """", ""bko"": """", ""brw"": 300, ""dat"": ""0001-01-01 BC"", ""gsm"": false, ""kor"": false, ""soa"": false, ""wrt"": false, ""zgr"": false, ""entw"": ""B"", ""gabe"": ""Der Gutachterausschuss für Grundstückswerte in der Stadt Dinslaken"", ""jahr"": ""2025"", ""nuta"": ""W"", ""stag"": ""2022-01-01"", ""farbe"": ""2"", ""anl_txt"": ""UNDEFINED"", ""flaeche"": 87.0368699982996, ""prozent"": 100.00, ""entw_txt"": ""Baureifes Land"", ""nuta_txt"": ""Wohnbaufläche"", ""farbe_txt"": ""Misch-/Mehrgeschossig"", ""flaeche_amtl"": 87.0}]";87.0368699982996;NULL
369;DENW54AL0000mua0;05521801100703______;NULL;NULL;NULL;NULL;NULL;NULL;Ahlen;Ahlen;055218;"[""0552180012682""]";11;703;NULL;25.0;2023-11-17 09:51:39+01;01.01.2025;Landrat des Kreises Warendorf;Amt für Geoinformation und Kataster;NULL;NULL;NULL;NULL;NULL;NULL;NULL;NULL;NULL;NULL;NULL;NULL;NULL;NULL;46;0.46;25;"[{""m2"": 25, ""emz"": null, ""katasterklassifikation"": ""Fläche besonderer funktionaler Prägung""}]";"[{""anl"": """", ""bko"": """", ""brw"": 150, ""dat"": ""0001-01-01 BC"", ""gsm"": false, ""kor"": false, ""soa"": false, ""wrt"": false, ""zgr"": false, ""entw"": ""B"", ""gabe"": ""Der Gutachterausschuss für Grundstückswerte im Kreis Warendorf"", ""jahr"": ""2025"", ""nuta"": ""W"", ""stag"": ""2022-01-01"", ""farbe"": ""1"", ""anl_txt"": ""UNDEFINED"", ""flaeche"": 24.8971489983969, ""prozent"": 100.00, ""entw_txt"": ""Baureifes Land"", ""nuta_txt"": ""Wohnbaufläche"", ""farbe_txt"": ""Ein-/Zweigeschossig"", ""flaeche_amtl"": 25.0}]";24.8971489983969;NULL
370;DENW54AL0000mvvF;05521802500476______;NULL;NULL;NULL;NULL;NULL;NULL;Ahlen;Ahlen;055218;"[""0552180002035""]";25;476;NULL;29.0;2023-11-17 09:51:39+01;01.01.2025;Landrat des Kreises Warendorf;Amt für Geoinformation und Kataster;NULL;NULL;NULL;NULL;NULL;NULL;NULL;NULL;NULL;NULL;NULL;NULL;NULL;NULL;46;0.46;29;"[{""m2"": 29, ""emz"": null, ""katasterklassifikation"": ""Fläche besonderer funktionaler Prägung""}]";"[{""anl"": """", ""bko"": """", ""brw"": 120, ""dat"": ""0001-01-01 BC"", ""gsm"": false, ""kor"": false, ""soa"": false, ""wrt"": false, ""zgr"": false, ""entw"": ""B"", ""gabe"": ""Der Gutachterausschuss für Grundstückswerte im Kreis Warendorf"", ""jahr"": ""2025"", ""nuta"": ""W"", ""stag"": ""2022-01-01"", ""farbe"": ""1"", ""anl_txt"": ""UNDEFINED"", ""flaeche"": 28.7827395016248, ""prozent"": 100.00, ""entw_txt"": ""Baureifes Land"", ""nuta_txt"": ""Wohnbaufläche"", ""farbe_txt"": ""Ein-/Zweigeschossig"", ""flaeche_amtl"": 29.0}]";28.7827395016248;NULL
371;DENW43AL0000cOAj;05459700100530______;NULL;Wittrock;4;NULL;52525;Heinsberg (Rhld.);Heinsberg (Rhld.);Unterbruch;054597;"[""0545970001206""]";1;530;NULL;751.0;2024-02-06 07:06:49+01;01.01.2025;Landrat des Kreises Heinsberg;Vermessungs- und Katasteramt;NULL;NULL;NULL;NULL;NULL;NULL;NULL;NULL;NULL;NULL;NULL;NULL;NULL;NULL;68;0.68;751;"[{""m2"": 751, ""emz"": null, ""katasterklassifikation"": ""Gebäude- und Freifläche Mischnutzung mit Wohnen""}]";"[{""anl"": """", ""bko"": """", ""brw"": 160, ""dat"": ""0001-01-01 BC"", ""gsm"": false, ""kor"": false, ""soa"": false, ""wrt"": false, ""zgr"": false, ""entw"": ""B"", ""gabe"": ""Der Gutachterausschuss für Grundstückswerte im Kreis Heinsberg"", ""jahr"": ""2025"", ""nuta"": ""MD"", ""stag"": ""2022-01-01"", ""farbe"": ""1"", ""anl_txt"": ""UNDEFINED"", ""flaeche"": 749.029134007269, ""prozent"": 100.00, ""entw_txt"": ""Baureifes Land"", ""nuta_txt"": ""Dorfgebiet"", ""farbe_txt"": ""Ein-/Zweigeschossig"", ""flaeche_amtl"": 751.0}]";749.029134007269;NULL
372;DENW08AL0000OxO2;05101006800452______;NULL;NULL;NULL;NULL;NULL;NULL;Lüdenscheid;Lüdenscheid-Land;051010;"[""0510100002068""]";68;452;NULL;5503.0;2024-03-05 15:01:11+01;01.01.2025;Landrat des Märkischen Kreises;Fachdienst 62 - Kataster und Geomanagement;NULL;NULL;NULL;NULL;NULL;NULL;NULL;NULL;NULL;NULL;NULL;NULL;NULL;NULL;29;0.29;5503;"[{""m2"": 5503, ""emz"": null, ""katasterklassifikation"": ""Straßenverkehr""}]";"[{""anl"": """", ""bko"": """", ""brw"": 155, ""dat"": ""0001-01-01 BC"", ""gsm"": false, ""kor"": false, ""soa"": false, ""wrt"": false, ""zgr"": false, ""entw"": ""B"", ""gabe"": ""Der Gutachterausschuss für Grundstückswerte in der Stadt Lüdenscheid"", ""jahr"": ""2025"", ""nuta"": ""WR"", ""stag"": ""2022-01-01"", ""farbe"": ""2"", ""anl_txt"": ""UNDEFINED"", ""flaeche"": 3125.20494009089, ""prozent"": 58.32590952317381055600, ""entw_txt"": ""Baureifes Land"", ""nuta_txt"": ""reines Wohngebiet"", ""farbe_txt"": ""Misch-/Mehrgeschossig"", ""flaeche_amtl"": 3209.674801060254794896680}, {""anl"": """", ""bko"": """", ""brw"": 165, ""dat"": ""0001-01-01 BC"", ""gsm"": false, ""kor"": false, ""soa"": false, ""wrt"": false, ""zgr"": false, ""entw"": ""B"", ""gabe"": ""Der Gutachterausschuss für Grundstückswerte in der Stadt Lüdenscheid"", ""jahr"": ""2025"", ""nuta"": ""W"", ""stag"": ""2022-01-01"", ""farbe"": ""1"", ""anl_txt"": ""UNDEFINED"", ""flaeche"": 1544.42926311683, ""prozent"": 28.82378698111056731800, ""entw_txt"": ""Baureifes Land"", ""nuta_txt"": ""Wohnbaufläche"", ""farbe_txt"": ""Ein-/Zweigeschossig"", ""flaeche_amtl"": 1586.172997570514519509540}, {""anl"": """", ""bko"": """", ""brw"": 60, ""dat"": ""0001-01-01 BC"", ""gsm"": false, ""kor"": false, ""soa"": false, ""wrt"": false, ""zgr"": false, ""entw"": ""B"", ""gabe"": ""Der Gutachterausschuss für Grundstückswerte in der Stadt Lüdenscheid"", ""jahr"": ""2025"", ""nuta"": ""W"", ""stag"": ""2022-01-01"", ""farbe"": ""6"", ""anl_txt"": ""UNDEFINED"", ""flaeche"": 688.541889783356, ""prozent"": 12.85030349569688440700, ""entw_txt"": ""Baureifes Land"", ""nuta_txt"": ""Wohnbaufläche"", ""farbe_txt"": ""Außenbereich"", ""flaeche_amtl"": 707.152201368199548917210}, {""anl"": """", ""bko"": """", ""brw"": 1.4, ""dat"": ""0001-01-01 BC"", ""gsm"": false, ""kor"": false, ""soa"": false, ""wrt"": false, ""zgr"": false, ""entw"": ""LF"", ""gabe"": ""Der Gutachterausschuss für Grundstückswerte in der Stadt Lüdenscheid"", ""jahr"": ""2025"", ""nuta"": ""L"", ""stag"": ""2022-01-01"", ""farbe"": ""5"", ""anl_txt"": ""UNDEFINED"", ""flaeche"": 688.541889783356, ""prozent"": 12.85030349569688440700, ""entw_txt"": ""Fläche der Land- und Forstwirtschaft"", ""nuta_txt"": ""landwirtschaftliche Fläche"", ""farbe_txt"": ""Landwirtschaft"", ""flaeche_amtl"": 707.152201368199548917210}, {""anl"": """", ""bko"": """", ""brw"": 0.5, ""dat"": ""0001-01-01 BC"", ""gsm"": false, ""kor"": false, ""soa"": false, ""wrt"": false, ""zgr"": false, ""entw"": ""LF"", ""gabe"": ""Der Gutachterausschuss für Grundstückswerte in der Stadt Lüdenscheid"", ""jahr"": ""2025"", ""nuta"": ""F"", ""stag"": ""2022-01-01"", ""farbe"": ""4"", ""anl_txt"": ""UNDEFINED"", ""flaeche"": 688.541889783356, ""prozent"": 12.85030349569688440700, ""entw_txt"": ""Fläche der Land- und Forstwirtschaft"", ""nuta_txt"": ""forstwirtschaftliche Fläche"", ""farbe_txt"": ""Forstwirtschaft"", ""flaeche_amtl"": 707.152201368199548917210}]";5358.17609299208;NULL
373;DENW08AL0000Oy8g;05101007100406______;NULL;NULL;NULL;NULL;NULL;NULL;Lüdenscheid;Lüdenscheid-Land;051010;"[""0510100002071""]";71;406;NULL;2083.0;2023-12-04 12:27:22+01;01.01.2025;Landrat des Märkischen Kreises;Fachdienst 62 - Kataster und Geomanagement;NULL;NULL;NULL;NULL;NULL;NULL;NULL;NULL;NULL;NULL;NULL;NULL;NULL;NULL;29;0.29;2083;"[{""m2"": 2083, ""emz"": null, ""katasterklassifikation"": ""Straßenverkehr""}]";"[{""anl"": """", ""bko"": """", ""brw"": 70, ""dat"": ""0001-01-01 BC"", ""gsm"": false, ""kor"": false, ""soa"": false, ""wrt"": false, ""zgr"": false, ""entw"": ""B"", ""gabe"": ""Der Gutachterausschuss für Grundstückswerte in der Stadt Lüdenscheid"", ""jahr"": ""2025"", ""nuta"": ""SO"", ""stag"": ""2022-01-01"", ""farbe"": ""3"", ""anl_txt"": ""UNDEFINED"", ""flaeche"": 2083.0737679999, ""prozent"": 100.00, ""entw_txt"": ""Baureifes Land"", ""nuta_txt"": ""sonstige Sondergebiete"", ""farbe_txt"": ""Gewerbe/Industrie/Sondergebiete"", ""flaeche_amtl"": 2083.0}]";2083.0737679999;NULL
374;DENW08AL0001s7IO;05101002600551______;NULL;NULL;NULL;NULL;NULL;NULL;Lüdenscheid;Lüdenscheid-Land;051010;"[""0510100002026""]";26;551;NULL;3645.0;2023-12-04 12:27:22+01;01.01.2025;Landrat des Märkischen Kreises;Fachdienst 62 - Kataster und Geomanagement;NULL;NULL;NULL;NULL;NULL;NULL;NULL;NULL;NULL;NULL;NULL;NULL;NULL;NULL;29;0.29;3645;"[{""m2"": 3645, ""emz"": null, ""katasterklassifikation"": ""Straßenverkehr""}]";"[{""anl"": """", ""bko"": """", ""brw"": 165, ""dat"": ""0001-01-01 BC"", ""gsm"": false, ""kor"": false, ""soa"": false, ""wrt"": false, ""zgr"": false, ""entw"": ""B"", ""gabe"": ""Der Gutachterausschuss für Grundstückswerte in der Stadt Lüdenscheid"", ""jahr"": ""2025"", ""nuta"": ""WA"", ""stag"": ""2022-01-01"", ""farbe"": ""1"", ""anl_txt"": ""UNDEFINED"", ""flaeche"": 3643.47070751121, ""prozent"": 100.00, ""entw_txt"": ""Baureifes Land"", ""nuta_txt"": ""allgemeines Wohngebiet"", ""farbe_txt"": ""Ein-/Zweigeschossig"", ""flaeche_amtl"": 3645.0}]";3643.47070751121;NULL
375;DENW08AL00023rQq;05101002100574______;NULL;NULL;NULL;NULL;NULL;NULL;Lüdenscheid;Lüdenscheid-Land;051010;"[""0510100002021""]";21;574;NULL;4841.0;2023-12-04 12:27:22+01;01.01.2025;Landrat des Märkischen Kreises;Fachdienst 62 - Kataster und Geomanagement;NULL;NULL;NULL;NULL;NULL;NULL;NULL;NULL;NULL;NULL;NULL;NULL;NULL;NULL;29;0.29;4841;"[{""m2"": 4111, ""emz"": null, ""katasterklassifikation"": ""Straßenverkehr""}, {""m2"": 714, ""emz"": null, ""katasterklassifikation"": ""Verkehrsbegleitfläche Straße""}, {""m2"": 17, ""emz"": null, ""katasterklassifikation"": ""Weg""}]";"[{""anl"": """", ""bko"": """", ""brw"": 0.5, ""dat"": ""0001-01-01 BC"", ""gsm"": false, ""kor"": false, ""soa"": false, ""wrt"": false, ""zgr"": false, ""entw"": ""LF"", ""gabe"": ""Der Gutachterausschuss für Grundstückswerte in der Stadt Lüdenscheid"", ""jahr"": ""2025"", ""nuta"": ""F"", ""stag"": ""2022-01-01"", ""farbe"": ""4"", ""anl_txt"": ""UNDEFINED"", ""flaeche"": 5064.52186152298, ""prozent"": 100.00, ""entw_txt"": ""Fläche der Land- und Forstwirtschaft"", ""nuta_txt"": ""forstwirtschaftliche Fläche"", ""farbe_txt"": ""Forstwirtschaft"", ""flaeche_amtl"": 4841.0}, {""anl"": """", ""bko"": """", ""brw"": 60, ""dat"": ""0001-01-01 BC"", ""gsm"": false, ""kor"": false, ""soa"": false, ""wrt"": false, ""zgr"": false, ""entw"": ""B"", ""gabe"": ""Der Gutachterausschuss für Grundstückswerte in der Stadt Lüdenscheid"", ""jahr"": ""2025"", ""nuta"": ""W"", ""stag"": ""2022-01-01"", ""farbe"": ""6"", ""anl_txt"": ""UNDEFINED"", ""flaeche"": 5064.52186152298, ""prozent"": 100.00, ""entw_txt"": ""Baureifes Land"", ""nuta_txt"": ""Wohnbaufläche"", ""farbe_txt"": ""Außenbereich"", ""flaeche_amtl"": 4841.0}, {""anl"": """", ""bko"": """", ""brw"": 1.4, ""dat"": ""0001-01-01 BC"", ""gsm"": false, ""kor"": false, ""soa"": false, ""wrt"": false, ""zgr"": false, ""entw"": ""LF"", ""gabe"": ""Der Gutachterausschuss für Grundstückswerte in der Stadt Lüdenscheid"", ""jahr"": ""2025"", ""nuta"": ""L"", ""stag"": ""2022-01-01"", ""farbe"": ""5"", ""anl_txt"": ""UNDEFINED"", ""flaeche"": 5064.52186152298, ""prozent"": 100.00, ""entw_txt"": ""Fläche der Land- und Forstwirtschaft"", ""nuta_txt"": ""landwirtschaftliche Fläche"", ""farbe_txt"": ""Landwirtschaft"", ""flaeche_amtl"": 4841.0}]";5064.52186152298;NULL
376;DENW34AL0000PjGW;05306404000796______;NULL;NULL;NULL;NULL;NULL;NULL;Dinslaken;Hiesfeld;053064;"[""0530640000440""]";40;796;NULL;1367.0;2024-03-06 15:54:35+01;01.01.2025;Landrat des Kreises Wesel;Vermessungs- und Katasteramt;NULL;NULL;NULL;NULL;NULL;NULL;NULL;NULL;NULL;NULL;NULL;NULL;26;26;39;0.39;1367;"[{""m2"": 143, ""emz"": null, ""katasterklassifikation"": ""Gewässerbegleitfläche""}, {""m2"": 837, ""emz"": null, ""katasterklassifikation"": ""Straßenverkehr""}, {""m2"": 240, ""emz"": null, ""katasterklassifikation"": ""Weg""}, {""m2"": 120, ""emz"": null, ""katasterklassifikation"": ""Graben""}, {""m2"": 2, ""emz"": null, ""katasterklassifikation"": ""Wohnbaufläche""}]";"[{""anl"": """", ""bko"": """", ""brw"": 260, ""dat"": ""0001-01-01 BC"", ""gsm"": false, ""kor"": false, ""soa"": false, ""wrt"": false, ""zgr"": false, ""entw"": ""B"", ""gabe"": ""Der Gutachterausschuss für Grundstückswerte in der Stadt Dinslaken"", ""jahr"": ""2025"", ""nuta"": ""W"", ""stag"": ""2022-01-01"", ""farbe"": ""2"", ""anl_txt"": ""UNDEFINED"", ""flaeche"": 1220.23359731189, ""prozent"": 89.37243147559745913400, ""entw_txt"": ""Baureifes Land"", ""nuta_txt"": ""Wohnbaufläche"", ""farbe_txt"": ""Misch-/Mehrgeschossig"", ""flaeche_amtl"": 1221.721138271417266361780}, {""anl"": """", ""bko"": """", ""brw"": 240, ""dat"": ""0001-01-01 BC"", ""gsm"": false, ""kor"": false, ""soa"": false, ""wrt"": false, ""zgr"": false, ""entw"": ""B"", ""gabe"": ""Der Gutachterausschuss für Grundstückswerte in der Stadt Dinslaken"", ""jahr"": ""2025"", ""nuta"": ""W"", ""stag"": ""2022-01-01"", ""farbe"": ""1"", ""anl_txt"": ""UNDEFINED"", ""flaeche"": 1220.23359731189, ""prozent"": 89.37243147559745913400, ""entw_txt"": ""Baureifes Land"", ""nuta_txt"": ""Wohnbaufläche"", ""farbe_txt"": ""Ein-/Zweigeschossig"", ""flaeche_amtl"": 1221.721138271417266361780}, {""anl"": """", ""bko"": """", ""brw"": 6.5, ""dat"": ""0001-01-01 BC"", ""gsm"": false, ""kor"": false, ""soa"": false, ""wrt"": false, ""zgr"": false, ""entw"": ""LF"", ""gabe"": ""Der Gutachterausschuss für Grundstückswerte in der Stadt Dinslaken"", ""jahr"": ""2025"", ""nuta"": ""L"", ""stag"": ""2022-01-01"", ""farbe"": ""5"", ""anl_txt"": ""UNDEFINED"", ""flaeche"": 145.10197336134, ""prozent"": 10.62756852440254086600, ""entw_txt"": ""Fläche der Land- und Forstwirtschaft"", ""nuta_txt"": ""landwirtschaftliche Fläche"", ""farbe_txt"": ""Landwirtschaft"", ""flaeche_amtl"": 145.278861728582733638220}, {""anl"": """", ""bko"": """", ""brw"": 135, ""dat"": ""0001-01-01 BC"", ""gsm"": false, ""kor"": false, ""soa"": false, ""wrt"": false, ""zgr"": false, ""entw"": ""B"", ""gabe"": ""Der Gutachterausschuss für Grundstückswerte in der Stadt Dinslaken"", ""jahr"": ""2025"", ""nuta"": ""W"", ""stag"": ""2022-01-01"", ""farbe"": ""6"", ""anl_txt"": ""UNDEFINED"", ""flaeche"": 145.10197336134, ""prozent"": 10.62756852440254086600, ""entw_txt"": ""Baureifes Land"", ""nuta_txt"": ""Wohnbaufläche"", ""farbe_txt"": ""Außenbereich"", ""flaeche_amtl"": 145.278861728582733638220}, {""anl"": """", ""bko"": """", ""brw"": 1.1, ""dat"": ""0001-01-01 BC"", ""gsm"": false, ""kor"": false, ""soa"": false, ""wrt"": false, ""zgr"": false, ""entw"": ""LF"", ""gabe"": ""Der Gutachterausschuss für Grundstückswerte in der Stadt Dinslaken"", ""jahr"": ""2025"", ""nuta"": ""F"", ""stag"": ""2022-01-01"", ""farbe"": ""4"", ""anl_txt"": ""UNDEFINED"", ""flaeche"": 145.10197336134, ""prozent"": 10.62756852440254086600, ""entw_txt"": ""Fläche der Land- und Forstwirtschaft"", ""nuta_txt"": ""forstwirtschaftliche Fläche"", ""farbe_txt"": ""Forstwirtschaft"", ""flaeche_amtl"": 145.278861728582733638220}]";1365.33557067323;NULL
377;DENW34AL0000PjYc;05306404300618______;NULL;NULL;NULL;NULL;NULL;NULL;Dinslaken;Hiesfeld;053064;"[""0530640007590""]";43;618;NULL;69.0;2023-12-01 08:04:56+01;01.01.2025;Landrat des Kreises Wesel;Vermessungs- und Katasteramt;NULL;NULL;NULL;NULL;NULL;NULL;NULL;NULL;NULL;NULL;NULL;NULL;NULL;NULL;39;0.39;69;"[{""m2"": 69, ""emz"": null, ""katasterklassifikation"": ""Wohnbaufläche""}]";"[{""anl"": """", ""bko"": """", ""brw"": 225, ""dat"": ""0001-01-01 BC"", ""gsm"": false, ""kor"": false, ""soa"": false, ""wrt"": false, ""zgr"": false, ""entw"": ""B"", ""gabe"": ""Der Gutachterausschuss für Grundstückswerte in der Stadt Dinslaken"", ""jahr"": ""2025"", ""nuta"": ""W"", ""stag"": ""2022-01-01"", ""farbe"": ""1"", ""anl_txt"": ""UNDEFINED"", ""flaeche"": 68.8155016280326, ""prozent"": 100.00, ""entw_txt"": ""Baureifes Land"", ""nuta_txt"": ""Wohnbaufläche"", ""farbe_txt"": ""Ein-/Zweigeschossig"", ""flaeche_amtl"": 69.0}, {""anl"": """", ""bko"": """", ""brw"": 270, ""dat"": ""0001-01-01 BC"", ""gsm"": false, ""kor"": false, ""soa"": false, ""wrt"": false, ""zgr"": false, ""entw"": ""B"", ""gabe"": ""Der Gutachterausschuss für Grundstückswerte in der Stadt Dinslaken"", ""jahr"": ""2025"", ""nuta"": ""W"", ""stag"": ""2022-01-01"", ""farbe"": ""2"", ""anl_txt"": ""UNDEFINED"", ""flaeche"": 68.8155016280326, ""prozent"": 100.00, ""entw_txt"": ""Baureifes Land"", ""nuta_txt"": ""Wohnbaufläche"", ""farbe_txt"": ""Misch-/Mehrgeschossig"", ""flaeche_amtl"": 69.0}]";68.8155016280326;NULL
378;DENW33AL0000jAVw;05325301701608______;NULL;NULL;NULL;NULL;NULL;NULL;Tönisvorst;St.Tönis;053253;"[""0532530003929""]";17;1608;NULL;17.0;2024-08-12 13:34:33+02;01.01.2025;Landrat des Kreises Viersen;Amt für Kataster und Geoinformation;NULL;NULL;NULL;NULL;NULL;NULL;NULL;NULL;NULL;NULL;NULL;NULL;NULL;NULL;70;0.70;17;"[{""m2"": 17, ""emz"": null, ""katasterklassifikation"": ""Wohnbaufläche""}]";"[{""anl"": """", ""bko"": """", ""brw"": 300, ""dat"": ""0001-01-01 BC"", ""gsm"": false, ""kor"": false, ""soa"": false, ""wrt"": false, ""zgr"": false, ""entw"": ""B"", ""gabe"": ""Der Gutachterausschuss für Grundstückswerte im Kreis Viersen"", ""jahr"": ""2025"", ""nuta"": ""W"", ""stag"": ""2022-01-01"", ""farbe"": ""1"", ""anl_txt"": ""UNDEFINED"", ""flaeche"": 16.5641349959952, ""prozent"": 100.00, ""entw_txt"": ""Baureifes Land"", ""nuta_txt"": ""Wohnbaufläche"", ""farbe_txt"": ""Ein-/Zweigeschossig"", ""flaeche_amtl"": 17.0}]";16.5641349959952;NULL
379;DENW08AL0001RIDJ;05100601501513______;NULL;Friedliner Straße;29;NULL;58849;Herscheid;Herscheid;Herscheid;051006;"[""0510060002966""]";15;1513;NULL;15840.0;2023-12-04 12:27:22+01;01.01.2025;Landrat des Märkischen Kreises;Fachdienst 62 - Kataster und Geomanagement;NULL;NULL;NULL;NULL;NULL;NULL;NULL;NULL;NULL;NULL;NULL;NULL;NULL;NULL;29;0.29;15840;"[{""m2"": 15840, ""emz"": null, ""katasterklassifikation"": ""Handel und Dienstleistung""}]";"[{""anl"": """", ""bko"": """", ""brw"": 39, ""dat"": ""0001-01-01 BC"", ""gsm"": false, ""kor"": false, ""soa"": false, ""wrt"": false, ""zgr"": false, ""entw"": ""B"", ""gabe"": ""Der Gutachterausschuss für Grundstückswerte im Märkischen Kreis"", ""jahr"": ""2025"", ""nuta"": ""GE/GI"", ""stag"": ""2022-01-01"", ""farbe"": ""3"", ""anl_txt"": ""UNDEFINED"", ""flaeche"": 15829.7929713238, ""prozent"": 100.00, ""entw_txt"": ""Baureifes Land"", ""nuta_txt"": ""Gewerbegebiet; Industriegebiet"", ""farbe_txt"": ""Gewerbe/Industrie/Sondergebiete"", ""flaeche_amtl"": 15840.0}]";15829.7929713238;NULL
380;DENW10AL1000MpdF;05169100800009______;NULL;NULL;NULL;NULL;NULL;NULL;Wilnsdorf;Rinsdorf;051691;"[""0516910000508""]";8;9;NULL;274.0;2024-09-05 10:52:01+02;01.01.2025;Landrat des Kreises Siegen-Wittgenstein;Amt für Liegenschaftskataster und Geoinformation;274;104;NULL;NULL;NULL;NULL;NULL;NULL;NULL;274;104;NULL;NULL;NULL;31;0.31;274;NULL;"[{""anl"": """", ""bko"": """", ""brw"": 70, ""dat"": ""0001-01-01 BC"", ""gsm"": false, ""kor"": false, ""soa"": false, ""wrt"": false, ""zgr"": false, ""entw"": ""B"", ""gabe"": ""Der Gutachterausschuss für Grundstückswerte im Kreis Siegen-Wittgenstein"", ""jahr"": ""2025"", ""nuta"": ""MI/W"", ""stag"": ""2022-01-01"", ""farbe"": ""1"", ""anl_txt"": ""UNDEFINED"", ""flaeche"": 266.485565507884, ""prozent"": 100.00, ""entw_txt"": ""Baureifes Land"", ""nuta_txt"": ""Mischgebiet; Wohnbaufläche"", ""farbe_txt"": ""Ein-/Zweigeschossig"", ""flaeche_amtl"": 274.0}]";266.485565507884;NULL
381;DENW54AL0000nlx6;05521804700084______;NULL;Hammer Straße;11;NULL;59227;Ahlen;Ahlen;Ahlen;055218;"[""0552180001008""]";47;84;NULL;839.0;2023-11-17 09:51:39+01;01.01.2025;Landrat des Kreises Warendorf;Amt für Geoinformation und Kataster;NULL;NULL;NULL;NULL;NULL;NULL;NULL;NULL;NULL;NULL;NULL;NULL;NULL;NULL;46;0.46;839;"[{""m2"": 839, ""emz"": null, ""katasterklassifikation"": ""Wohnbaufläche""}]";"[{""anl"": """", ""bko"": """", ""brw"": 175, ""dat"": ""0001-01-01 BC"", ""gsm"": false, ""kor"": false, ""soa"": false, ""wrt"": false, ""zgr"": false, ""entw"": ""B"", ""gabe"": ""Der Gutachterausschuss für Grundstückswerte im Kreis Warendorf"", ""jahr"": ""2025"", ""nuta"": ""MI"", ""stag"": ""2022-01-01"", ""farbe"": ""2"", ""anl_txt"": ""UNDEFINED"", ""flaeche"": 839.636927482206, ""prozent"": 100.00, ""entw_txt"": ""Baureifes Land"", ""nuta_txt"": ""Mischgebiet"", ""farbe_txt"": ""Misch-/Mehrgeschossig"", ""flaeche_amtl"": 839.0}]";839.636927482206;NULL
382;DENW54AL0000nmih;05521804900105______;NULL;Auf der Geist;40;NULL;59227;Ahlen;Ahlen;Ahlen;055218;"[""0552180007401""]";49;105;NULL;564.0;2023-11-17 09:51:39+01;01.01.2025;Landrat des Kreises Warendorf;Amt für Geoinformation und Kataster;NULL;NULL;NULL;NULL;NULL;NULL;NULL;NULL;NULL;NULL;NULL;NULL;NULL;NULL;46;0.46;564;"[{""m2"": 564, ""emz"": null, ""katasterklassifikation"": ""Wohnbaufläche""}]";"[{""anl"": """", ""bko"": """", ""brw"": 170, ""dat"": ""0001-01-01 BC"", ""gsm"": false, ""kor"": false, ""soa"": false, ""wrt"": false, ""zgr"": false, ""entw"": ""B"", ""gabe"": ""Der Gutachterausschuss für Grundstückswerte im Kreis Warendorf"", ""jahr"": ""2025"", ""nuta"": ""W"", ""stag"": ""2022-01-01"", ""farbe"": ""1"", ""anl_txt"": ""UNDEFINED"", ""flaeche"": 528.734019003394, ""prozent"": 100.00, ""entw_txt"": ""Baureifes Land"", ""nuta_txt"": ""Wohnbaufläche"", ""farbe_txt"": ""Ein-/Zweigeschossig"", ""flaeche_amtl"": 564.0}]";528.734019003394;NULL
383;DENW43AL0000olth;05455901800053______;NULL;Landstraße;9;NULL;52511;Geilenkirchen;Geilenkirchen;Geilenkirchen;054559;"[""0545590002754""]";18;53;NULL;696.0;2024-02-14 07:46:36+01;01.01.2025;Landrat des Kreises Heinsberg;Vermessungs- und Katasteramt;NULL;NULL;NULL;NULL;NULL;NULL;NULL;NULL;NULL;NULL;NULL;NULL;NULL;NULL;68;0.68;696;"[{""m2"": 696, ""emz"": null, ""katasterklassifikation"": ""Wohnbaufläche""}]";"[{""anl"": """", ""bko"": """", ""brw"": 130, ""dat"": ""0001-01-01 BC"", ""gsm"": false, ""kor"": false, ""soa"": false, ""wrt"": false, ""zgr"": false, ""entw"": ""B"", ""gabe"": ""Der Gutachterausschuss für Grundstückswerte im Kreis Heinsberg"", ""jahr"": ""2025"", ""nuta"": ""MD"", ""stag"": ""2022-01-01"", ""farbe"": ""1"", ""anl_txt"": ""UNDEFINED"", ""flaeche"": 695.822429496609, ""prozent"": 100.00, ""entw_txt"": ""Baureifes Land"", ""nuta_txt"": ""Dorfgebiet"", ""farbe_txt"": ""Ein-/Zweigeschossig"", ""flaeche_amtl"": 696.0}]";695.822429496609;NULL
384;DENW26AL15m0001z;05308301701684______;NULL;NULL;NULL;NULL;NULL;NULL;Oberhausen;Sterkrade;053083;"[""0530830000017""]";17;1684;NULL;6694.0;2024-07-03 14:09:23+02;01.01.2025;Oberbürgermeister der Stadt Oberhausen;Geoinformation und Kataster;NULL;NULL;NULL;NULL;NULL;NULL;NULL;NULL;NULL;NULL;NULL;NULL;NULL;NULL;35;0.35;6694;"[{""m2"": 6694, ""emz"": null, ""katasterklassifikation"": ""Straßenverkehr""}]";"[{""anl"": """", ""bko"": """", ""brw"": 270, ""dat"": ""0001-01-01 BC"", ""gsm"": false, ""kor"": false, ""soa"": false, ""wrt"": false, ""zgr"": false, ""entw"": ""B"", ""gabe"": ""Der Gutachterausschuss für Grundstückswerte in der Stadt Oberhausen"", ""jahr"": ""2025"", ""nuta"": ""W"", ""stag"": ""2022-01-01"", ""farbe"": ""1"", ""anl_txt"": ""UNDEFINED"", ""flaeche"": 3429.03633268961, ""prozent"": 53.02532115114893950800, ""entw_txt"": ""Baureifes Land"", ""nuta_txt"": ""Wohnbaufläche"", ""farbe_txt"": ""Ein-/Zweigeschossig"", ""flaeche_amtl"": 3549.514997857910010665520}, {""anl"": """", ""bko"": """", ""brw"": 240, ""dat"": ""0001-01-01 BC"", ""gsm"": false, ""kor"": false, ""soa"": false, ""wrt"": false, ""zgr"": false, ""entw"": ""B"", ""gabe"": ""Der Gutachterausschuss für Grundstückswerte in der Stadt Oberhausen"", ""jahr"": ""2025"", ""nuta"": ""W"", ""stag"": ""2022-01-01"", ""farbe"": ""2"", ""anl_txt"": ""UNDEFINED"", ""flaeche"": 2152.74110528603, ""prozent"": 33.28917438840205473600, ""entw_txt"": ""Baureifes Land"", ""nuta_txt"": ""Wohnbaufläche"", ""farbe_txt"": ""Misch-/Mehrgeschossig"", ""flaeche_amtl"": 2228.377333559633544027840}, {""anl"": """", ""bko"": """", ""brw"": 310, ""dat"": ""0001-01-01 BC"", ""gsm"": false, ""kor"": false, ""soa"": false, ""wrt"": false, ""zgr"": false, ""entw"": ""B"", ""gabe"": ""Der Gutachterausschuss für Grundstückswerte in der Stadt Oberhausen"", ""jahr"": ""2025"", ""nuta"": ""W"", ""stag"": ""2022-01-01"", ""farbe"": ""1"", ""anl_txt"": ""UNDEFINED"", ""flaeche"": 2152.74110528603, ""prozent"": 33.28917438840205473600, ""entw_txt"": ""Baureifes Land"", ""nuta_txt"": ""Wohnbaufläche"", ""farbe_txt"": ""Ein-/Zweigeschossig"", ""flaeche_amtl"": 2228.377333559633544027840}, {""anl"": """", ""bko"": """", ""brw"": 270, ""dat"": ""0001-01-01 BC"", ""gsm"": false, ""kor"": false, ""soa"": false, ""wrt"": false, ""zgr"": false, ""entw"": ""B"", ""gabe"": ""Der Gutachterausschuss für Grundstückswerte in der Stadt Oberhausen"", ""jahr"": ""2025"", ""nuta"": ""W"", ""stag"": ""2022-01-01"", ""farbe"": ""1"", ""anl_txt"": ""UNDEFINED"", ""flaeche"": 490.175958328896, ""prozent"": 7.57989565849101023900, ""entw_txt"": ""Baureifes Land"", ""nuta_txt"": ""Wohnbaufläche"", ""farbe_txt"": ""Ein-/Zweigeschossig"", ""flaeche_amtl"": 507.398215379388225398660}, {""anl"": """", ""bko"": """", ""brw"": 340, ""dat"": ""0001-01-01 BC"", ""gsm"": false, ""kor"": false, ""soa"": false, ""wrt"": false, ""zgr"": false, ""entw"": ""B"", ""gabe"": ""Der Gutachterausschuss für Grundstückswerte in der Stadt Oberhausen"", ""jahr"": ""2025"", ""nuta"": ""W"", ""stag"": ""2022-01-01"", ""farbe"": ""1"", ""anl_txt"": ""UNDEFINED"", ""flaeche"": 394.836958721206, ""prozent"": 6.10560942120819615000, ""entw_txt"": ""Baureifes Land"", ""nuta_txt"": ""Wohnbaufläche"", ""farbe_txt"": ""Ein-/Zweigeschossig"", ""flaeche_amtl"": 408.709494655676650281000}]";6466.79031498013;NULL
385;DENW14AL0001Nn6h;05250901500208______;NULL;NULL;NULL;NULL;NULL;NULL;Verl;Bornholte;052509;"[""0525490002275""]";15;208;NULL;65342.0;2023-10-31 08:47:22+01;01.01.2025;Landrat des Kreises Gütersloh;Geoinformation, Kataster und Vermessung;55605;17877;NULL;NULL;NULL;NULL;NULL;NULL;NULL;55605;17877;3185;3924;7109;30;0.30;65342;"[{""m2"": 906, ""emz"": null, ""katasterklassifikation"": ""Gewässerbegleitfläche""}, {""m2"": 303, ""emz"": null, ""katasterklassifikation"": ""Weg""}, {""m2"": 1323, ""emz"": null, ""katasterklassifikation"": ""Graben""}, {""m2"": 97, ""emz"": null, ""katasterklassifikation"": ""Bach""}]";"[{""anl"": """", ""bko"": """", ""brw"": 10, ""dat"": ""0001-01-01 BC"", ""gsm"": false, ""kor"": false, ""soa"": false, ""wrt"": false, ""zgr"": false, ""entw"": ""LF"", ""gabe"": ""Der Gutachterausschuss für Grundstückswerte im Kreis Gütersloh und in der Stadt Gütersloh"", ""jahr"": ""2025"", ""nuta"": ""A"", ""stag"": ""2022-01-01"", ""farbe"": ""5"", ""anl_txt"": ""UNDEFINED"", ""flaeche"": 65291.997388011, ""prozent"": 100.00, ""entw_txt"": ""Fläche der Land- und Forstwirtschaft"", ""nuta_txt"": ""Acker"", ""farbe_txt"": ""Landwirtschaft"", ""flaeche_amtl"": 65342.0}, {""anl"": """", ""bko"": """", ""brw"": 35, ""dat"": ""0001-01-01 BC"", ""gsm"": false, ""kor"": false, ""soa"": false, ""wrt"": false, ""zgr"": false, ""entw"": ""B"", ""gabe"": ""Der Gutachterausschuss für Grundstückswerte im Kreis Gütersloh und in der Stadt Gütersloh"", ""jahr"": ""2025"", ""nuta"": ""G"", ""stag"": ""2022-01-01"", ""farbe"": ""6"", ""anl_txt"": ""UNDEFINED"", ""flaeche"": 65291.997388011, ""prozent"": 100.00, ""entw_txt"": ""Baureifes Land"", ""nuta_txt"": ""gewerbliche Baufläche"", ""farbe_txt"": ""Außenbereich"", ""flaeche_amtl"": 65342.0}, {""anl"": """", ""bko"": """", ""brw"": 175, ""dat"": ""0001-01-01 BC"", ""gsm"": false, ""kor"": false, ""soa"": false, ""wrt"": false, ""zgr"": false, ""entw"": ""B"", ""gabe"": ""Der Gutachterausschuss für Grundstückswerte im Kreis Gütersloh und in der Stadt Gütersloh"", ""jahr"": ""2025"", ""nuta"": ""W"", ""stag"": ""2022-01-01"", ""farbe"": ""6"", ""anl_txt"": ""UNDEFINED"", ""flaeche"": 65291.997388011, ""prozent"": 100.00, ""entw_txt"": ""Baureifes Land"", ""nuta_txt"": ""Wohnbaufläche"", ""farbe_txt"": ""Außenbereich"", ""flaeche_amtl"": 65342.0}, {""anl"": """", ""bko"": """", ""brw"": 5.5, ""dat"": ""0001-01-01 BC"", ""gsm"": false, ""kor"": false, ""soa"": false, ""wrt"": false, ""zgr"": false, ""entw"": ""LF"", ""gabe"": ""Der Gutachterausschuss für Grundstückswerte im Kreis Gütersloh und in der Stadt Gütersloh"", ""jahr"": ""2025"", ""nuta"": ""GR"", ""stag"": ""2022-01-01"", ""farbe"": ""5"", ""anl_txt"": ""UNDEFINED"", ""flaeche"": 65291.997388011, ""prozent"": 100.00, ""entw_txt"": ""Fläche der Land- und Forstwirtschaft"", ""nuta_txt"": ""Grünland"", ""farbe_txt"": ""Landwirtschaft"", ""flaeche_amtl"": 65342.0}, {""anl"": """", ""bko"": """", ""brw"": 1, ""dat"": ""0001-01-01 BC"", ""gsm"": false, ""kor"": false, ""soa"": false, ""wrt"": false, ""zgr"": false, ""entw"": ""LF"", ""gabe"": ""Der Gutachterausschuss für Grundstückswerte im Kreis Gütersloh und in der Stadt Gütersloh"", ""jahr"": ""2025"", ""nuta"": ""F"", ""stag"": ""2022-01-01"", ""farbe"": ""4"", ""anl_txt"": ""UNDEFINED"", ""flaeche"": 65291.997388011, ""prozent"": 100.00, ""entw_txt"": ""Fläche der Land- und Forstwirtschaft"", ""nuta_txt"": ""forstwirtschaftliche Fläche"", ""farbe_txt"": ""Forstwirtschaft"", ""flaeche_amtl"": 65342.0}]";65291.997388011;NULL
